"fdc_id","nutrient_id","amount"
"167512","1003","5.88"
"167512","1004","13.24"
"167512","1005","41.18"
"167512","1008","307"
"167513","1003","4.34"
"167513","1004","11.27"
"167513","1005","53.42"
"167513","1008","330"
"167514","1004","3.7"
"167514","1005","79.8"
"167514","1008","377"
"167514","1003","6.1"
"167515","1003","8"
"167515","1004","1.8"
"167515","1005","46"
"167515","1008","232"
"167516","1003","6.58"
"167516","1008","273"
"167516","1004","9.22"
"167516","1005","41.05"
"167517","1004","9.49"
"167517","1005","48.39"
"167517","1008","309"
"167517","1003","7.42"
"167518","1003","6.92"
"167518","1004","9.4"
"167518","1005","44.16"
"167518","1008","289"
"167519","1004","9.91"
"167519","1005","45.41"
"167519","1008","298"
"167519","1003","6.71"
"167520","1005","64.3"
"167520","1008","501"
"167520","1004","24.83"
"167520","1003","5.1"
"167521","1004","22.42"
"167521","1005","64.48"
"167521","1008","484"
"167521","1003","6.08"
"167522","1003","2.17"
"167522","1004","11.5"
"167522","1005","44.54"
"167522","1008","290"
"167523","1004","28.74"
"167523","1005","46.79"
"167523","1008","468"
"167523","1003","5.52"
"167524","1005","45.68"
"167524","1008","297"
"167524","1003","5.8"
"167524","1004","10.1"
"167525","1003","6.15"
"167525","1004","23.38"
"167525","1005","64.43"
"167525","1008","474"
"167526","1004","17.12"
"167526","1003","7.12"
"167526","1005","47.84"
"167526","1008","374"
"167527","1003","7.06"
"167527","1004","17.45"
"167527","1005","51.29"
"167527","1008","390"
"167528","1004","18.5"
"167528","1005","47.76"
"167528","1008","379"
"167528","1003","5.48"
"167529","1003","14.25"
"167529","1004","13.35"
"167529","1005","64.35"
"167529","1008","433"
"167530","1004","20.37"
"167530","1005","64.55"
"167530","1008","484"
"167530","1003","7.01"
"167531","1003","7.19"
"167531","1004","19.5"
"167531","1005","64.88"
"167531","1008","464"
"167532","1004","2.15"
"167532","1005","43.91"
"167532","1008","238"
"167532","1003","10.66"
"167533","1003","10.2"
"167533","1004","1.53"
"167533","1005","48.89"
"167533","1008","250"
"167534","1003","4.41"
"167534","1004","18.52"
"167534","1005","37.43"
"167534","1008","334"
"167535","1004","7.58"
"167535","1005","49.27"
"167535","1008","297"
"167535","1003","8.01"
"167536","1003","33.2"
"167536","1004","25.6"
"167536","1005","11"
"167536","1008","410"
"167537","1003","6.17"
"167537","1004","33.36"
"167537","1005","57.27"
"167537","1008","539"
"167538","1003","7"
"167538","1004","32.7"
"167538","1005","56.2"
"167538","1008","523"
"167539","1004","26.9"
"167539","1005","62.9"
"167539","1008","510"
"167539","1003","5.8"
"167540","1004","2.68"
"167540","1005","82.82"
"167540","1008","359"
"167540","1003","1"
"167541","1003","0.1"
"167541","1005","85.8"
"167541","1008","371"
"167541","1004","3"
"167542","1008","471"
"167542","1004","19.8"
"167542","1005","64.4"
"167542","1003","10.1"
"167543","1003","7.7"
"167543","1004","25.5"
"167543","1005","62"
"167543","1008","495"
"167544","1003","7.6"
"167544","1004","17.8"
"167544","1005","66.4"
"167544","1008","448"
"167545","1004","24.9"
"167545","1005","63.8"
"167545","1008","466"
"167545","1003","5.8"
"167546","1008","473"
"167546","1003","8.72"
"167546","1004","20.18"
"167546","1005","67.41"
"167547","1008","508"
"167547","1003","10.2"
"167547","1004","31.1"
"167547","1005","53.4"
"167548","1004","20"
"167548","1005","62.2"
"167548","1008","432"
"167548","1003","9.8"
"167549","1003","7.29"
"167549","1004","43.55"
"167549","1005","45.06"
"167549","1008","583"
"167550","1004","3.1"
"167550","1005","80.1"
"167550","1008","384"
"167550","1003","9.7"
"167551","1003","6.4"
"167551","1004","7.8"
"167551","1005","80.7"
"167551","1008","400"
"167552","1004","12.8"
"167552","1005","79.1"
"167552","1008","431"
"167552","1003","3.8"
"167553","1003","4.56"
"167553","1004","26.14"
"167553","1008","502"
"167553","1005","64.76"
"167554","1003","6.6"
"167554","1004","37"
"167554","1005","51.3"
"167554","1008","547"
"167555","1008","384"
"167555","1003","10.04"
"167555","1005","80.39"
"167555","1004","2.93"
"167556","1008","457"
"167556","1003","7.5"
"167556","1004","16.7"
"167556","1005","70.9"
"167557","1004","3.8"
"167557","1005","81.5"
"167557","1008","392"
"167557","1003","7.6"
"167558","1004","20.68"
"167558","1005","67.78"
"167558","1008","472"
"167558","1003","7.1"
"167559","1003","7.36"
"167559","1004","27.42"
"167559","1005","60.81"
"167559","1008","519"
"167560","1005","62.74"
"167560","1008","501"
"167560","1004","24.63"
"167560","1003","7.19"
"167561","1003","13.8"
"167561","1004","29.4"
"167561","1005","44.9"
"167561","1008","462"
"167562","1004","26.93"
"167562","1005","59.51"
"167562","1008","479"
"167562","1003","4.13"
"167563","1003","2.97"
"167563","1004","1.7"
"167563","1005","79.38"
"167563","1008","338"
"167564","1008","388"
"167564","1004","7.5"
"167564","1003","2"
"167564","1005","80.89"
"167565","1003","5.4"
"167565","1004","18.9"
"167565","1005","72.9"
"167565","1008","459"
"167566","1003","1.59"
"167566","1004","3.31"
"167566","1005","87.73"
"167566","1008","387"
"167567","1005","36.2"
"167567","1004","47.7"
"167567","1008","472"
"167567","1003","12.1"
"167568","1004","52.31"
"167568","1003","14.32"
"167568","1005","28.42"
"167568","1008","642"
"167569","1003","5.87"
"167569","1004","27"
"167569","1005","63.94"
"167569","1008","522"
"167570","1003","18.3"
"167570","1004","29.8"
"167570","1005","46.88"
"167570","1008","529"
"167571","1004","32.09"
"167571","1003","5.87"
"167571","1005","59.24"
"167571","1008","539"
"167572","1004","4.83"
"167572","1003","4.78"
"167572","1005","29.46"
"167572","1008","180"
"167573","1005","22.29"
"167573","1008","249"
"167573","1004","16.2"
"167573","1003","3.5"
"167574","1004","4.03"
"167574","1003","4.53"
"167574","1005","22.78"
"167574","1008","145"
"167575","1005","23.6"
"167575","1008","207"
"167575","1004","11"
"167575","1003","3.5"
"167576","1003","4.9"
"167576","1005","21.8"
"167576","1008","126"
"167576","1004","2.6"
"167577","1004","2"
"167577","1003","1.1"
"167577","1005","30.4"
"167577","1008","144"
"167578","1003","3.78"
"167578","1004","6.59"
"167578","1005","77.75"
"167578","1008","387"
"167579","1003","1.05"
"167579","1004","5.45"
"167579","1005","82.15"
"167579","1008","383"
"167580","1004","13.69"
"167580","1005","74.61"
"167580","1008","435"
"167580","1003","3"
"167581","1003","9.7"
"167581","1004","34"
"167581","1005","53"
"167581","1008","512"
"167582","1005","64.8"
"167582","1008","475"
"167582","1003","5.4"
"167582","1004","21.6"
"167583","1003","2.56"
"167583","1004","2.32"
"167583","1005","79.16"
"167583","1008","348"
"167584","1003","0"
"167584","1004","0.09"
"167584","1005","72.43"
"167584","1008","291"
"167585","1004","7.19"
"167585","1003","5"
"167585","1005","25.7"
"167585","1008","187"
"167586","1005","60.4"
"167586","1008","519"
"167586","1004","27.5"
"167586","1003","7.5"
"167587","1004","29.66"
"167587","1003","7.65"
"167587","1005","59.4"
"167587","1008","535"
"167588","1004","1.7"
"167588","1005","19.74"
"167588","1008","105"
"167588","1003","2.76"
"167589","1003","2.9"
"167589","1004","1.73"
"167589","1005","18.43"
"167589","1008","101"
"167590","1004","8.2"
"167590","1005","40.24"
"167590","1008","257"
"167590","1003","5.65"
"167591","1003","10.91"
"167591","1004","15.92"
"167591","1005","67.18"
"167591","1008","456"
"167592","1004","17.89"
"167592","1005","76.03"
"167592","1008","474"
"167592","1003","2.19"
"167593","1003","2.19"
"167593","1004","18.79"
"167593","1005","77.34"
"167593","1008","487"
"167594","1003","9.42"
"167594","1004","18.42"
"167594","1005","65.81"
"167594","1008","467"
"167595","1004","17.29"
"167595","1005","64.7"
"167595","1008","459"
"167595","1003","11.16"
"167596","1003","9.67"
"167596","1004","18.93"
"167596","1005","65.11"
"167596","1008","469"
"167597","1004","10.7"
"167597","1005","52.83"
"167597","1008","320"
"167597","1003","3.13"
"167598","1003","5.4"
"167598","1004","8.02"
"167598","1005","51.15"
"167598","1008","298"
"167599","1004","9.34"
"167599","1005","49.09"
"167599","1008","309"
"167599","1003","7.25"
"167600","1003","11.8"
"167600","1004","11.6"
"167600","1005","44.29"
"167600","1008","329"
"167601","1004","4.55"
"167601","1005","40.32"
"167601","1008","215"
"167601","1003","3.31"
"167602","1004","1.39"
"167602","1005","46.24"
"167602","1008","259"
"167602","1003","15.34"
"167603","1003","1.86"
"167603","1004","0.17"
"167603","1005","5.62"
"167603","1008","31"
"167604","1004","0.08"
"167604","1005","19.16"
"167604","1008","84"
"167604","1003","1.75"
"167605","1003","3.24"
"167605","1004","10.3"
"167605","1005","33.99"
"167605","1008","242"
"167606","1004","8.92"
"167606","1005","35.58"
"167606","1008","182"
"167606","1003","2.16"
"167607","1004","1.5"
"167607","1005","0"
"167607","1008","103"
"167607","1003","22.3"
"167608","1003","5.8"
"167608","1004","2.4"
"167608","1005","22.6"
"167608","1008","135"
"167609","1004","4.89"
"167609","1005","3.43"
"167609","1003","24.38"
"167609","1008","155"
"167610","1004","0.4"
"167610","1005","0"
"167610","1008","110"
"167610","1003","26.7"
"167611","1005","0"
"167611","1008","899"
"167611","1004","99.6"
"167611","1003","0.56"
"167612","1004","2.2"
"167612","1003","11.7"
"167612","1005","0"
"167612","1008","67"
"167613","1003","22.7"
"167613","1004","5"
"167613","1005","0"
"167613","1008","136"
"167614","1008","150"
"167614","1004","5.9"
"167614","1003","23.2"
"167614","1005","0"
"167615","1003","39.9"
"167615","1004","30"
"167615","1005","0"
"167615","1008","430"
"167616","1004","8"
"167616","1005","4.3"
"167616","1003","16.6"
"167616","1008","156"
"167617","1003","20.2"
"167617","1004","0.4"
"167617","1005","0"
"167617","1008","84"
"167618","1004","0.4"
"167618","1003","13"
"167618","1005","0"
"167618","1008","56"
"167619","1003","19.3"
"167619","1004","3.8"
"167619","1005","0"
"167619","1008","111"
"167620","1004","0"
"167620","1005","0.2"
"167620","1008","1"
"167620","1003","0"
"167621","1003","57"
"167621","1004","2.6"
"167621","1005","0"
"167621","1008","251"
"167622","1008","116"
"167622","1004","2.66"
"167622","1003","21.5"
"167622","1005","0"
"167623","1003","0.4"
"167623","1004","96.5"
"167623","1005","0"
"167623","1008","870"
"167624","1004","46.1"
"167624","1003","12.6"
"167624","1005","0"
"167624","1008","465"
"167625","1003","0"
"167625","1004","100"
"167625","1005","0"
"167625","1008","900"
"167626","1004","4.4"
"167626","1005","5.1"
"167626","1008","104"
"167626","1003","11"
"167627","1003","0.66"
"167627","1004","0.49"
"167627","1005","11.74"
"167627","1008","54"
"167628","1004","5.44"
"167628","1005","76.93"
"167628","1008","398"
"167628","1003","10.4"
"167629","1003","0.84"
"167629","1004","0.2"
"167629","1005","4.06"
"167629","1008","21"
"167630","1004","0.63"
"167630","1005","8.68"
"167630","1008","44"
"167630","1003","0.81"
"167631","1003","9.88"
"167631","1004","5.22"
"167631","1005","74.93"
"167631","1008","386"
"167632","1004","0.15"
"167632","1005","3.22"
"167632","1008","16"
"167632","1003","0.31"
"167633","1003","4.29"
"167633","1004","2.21"
"167633","1005","39.47"
"167633","1008","195"
"167634","1005","0.08"
"167634","1008","234"
"167634","1004","11.09"
"167634","1003","33.43"
"167635","1003","6.69"
"167635","1004","12.22"
"167635","1005","48.26"
"167635","1008","330"
"167636","1004","6.12"
"167636","1005","18.12"
"167636","1008","153"
"167636","1003","6.28"
"167637","1003","8.82"
"167637","1004","3.75"
"167637","1005","10.8"
"167637","1008","112"
"167638","1004","2.92"
"167638","1003","20.53"
"167638","1008","116"
"167638","1005","1.81"
"167639","1003","22.56"
"167639","1004","5.57"
"167639","1005","0"
"167639","1008","140"
"167640","1003","1.22"
"167640","1004","0.76"
"167640","1005","12.31"
"167640","1008","61"
"167641","1004","99.32"
"167641","1003","0"
"167641","1005","0"
"167641","1008","894"
"167642","1003","27.31"
"167642","1004","5.76"
"167642","1005","0"
"167642","1008","161"
"167643","1004","2.88"
"167643","1003","14.66"
"167643","1005","4.89"
"167643","1008","104"
"167644","1003","52.06"
"167644","1004","5.23"
"167644","1005","0"
"167644","1008","255"
"167645","1003","35.19"
"167645","1004","7.26"
"167645","1005","0"
"167645","1008","206"
"167646","1003","24.5"
"167646","1004","4.75"
"167646","1005","0"
"167646","1008","141"
"167647","1003","23.19"
"167647","1004","12.95"
"167647","1005","0"
"167647","1008","209"
"167648","1004","2.84"
"167648","1003","22.25"
"167648","1005","0"
"167648","1008","115"
"167649","1003","21.44"
"167649","1004","1.3"
"167649","1005","0"
"167649","1008","97"
"167650","1003","62.38"
"167650","1004","2.31"
"167650","1005","0"
"167650","1008","270"
"167651","1003","32.51"
"167651","1004","1.8"
"167651","1005","0"
"167651","1008","146"
"167652","1004","2.1"
"167652","1003","19.74"
"167652","1005","0"
"167652","1008","98"
"167653","1004","10.64"
"167653","1005","66.27"
"167653","1008","419"
"167653","1003","14.48"
"167654","1003","56.19"
"167654","1004","17.9"
"167654","1005","0"
"167654","1008","386"
"167655","1004","10.14"
"167655","1005","46.01"
"167655","1008","309"
"167655","1003","8.38"
"167656","1003","7.91"
"167656","1004","8.31"
"167656","1005","29.35"
"167656","1008","224"
"167657","1004","11.05"
"167657","1005","19.28"
"167657","1008","229"
"167657","1003","13.19"
"167658","1003","12.56"
"167658","1004","10.81"
"167658","1005","17.92"
"167658","1008","219"
"167659","1004","5.06"
"167659","1003","12.02"
"167659","1005","20.03"
"167659","1008","174"
"167660","1003","11.31"
"167660","1004","18.37"
"167660","1005","31.19"
"167660","1008","335"
"167661","1003","5.59"
"167661","1004","9.01"
"167661","1005","31.49"
"167661","1008","229"
"167662","1004","13.25"
"167662","1005","22.39"
"167662","1008","256"
"167662","1003","11.72"
"167663","1003","11.51"
"167663","1004","10.43"
"167663","1005","23.02"
"167663","1008","232"
"167664","1004","7.21"
"167664","1005","26.68"
"167664","1008","186"
"167664","1003","3.48"
"167665","1003","3.28"
"167665","1004","5.29"
"167665","1005","31.16"
"167665","1008","185"
"167666","1004","6.77"
"167666","1005","16.79"
"167666","1008","156"
"167666","1003","6.91"
"167667","1003","8.28"
"167667","1004","11.94"
"167667","1005","27.29"
"167667","1008","250"
"167668","1004","2.96"
"167668","1005","32.79"
"167668","1008","174"
"167668","1003","4.05"
"167669","1004","13.18"
"167669","1005","30.87"
"167669","1008","255"
"167669","1003","3.26"
"167670","1003","31.52"
"167670","1004","8.52"
"167670","1005","0"
"167670","1008","203"
"167671","1004","11.51"
"167671","1005","15.58"
"167671","1008","192"
"167671","1003","6.46"
"167672","1003","3.41"
"167672","1004","14.13"
"167672","1005","35.2"
"167672","1008","282"
"167673","1004","7.34"
"167673","1005","0.14"
"167673","1008","182"
"167673","1003","28.9"
"167674","1004","13.55"
"167674","1005","20.61"
"167674","1008","252"
"167674","1003","11.87"
"167675","1003","12.9"
"167675","1004","16.36"
"167675","1005","23.99"
"167675","1008","295"
"167676","1004","6.98"
"167676","1005","6.87"
"167676","1008","129"
"167676","1003","9.76"
"167677","1004","2.35"
"167677","1005","20.16"
"167677","1008","121"
"167677","1003","4.77"
"167678","1003","8.18"
"167678","1004","4.56"
"167678","1005","5.38"
"167678","1008","95"
"167679","1004","12.68"
"167679","1005","22.46"
"167679","1008","262"
"167679","1003","14.46"
"167680","1004","3.59"
"167680","1005","16.4"
"167680","1008","121"
"167680","1003","5.79"
"167681","1003","0.45"
"167681","1004","0.04"
"167681","1005","87.38"
"167681","1008","218"
"167682","1005","2.1"
"167682","1008","11"
"167682","1004","0"
"167682","1003","0"
"167683","1004","10.1"
"167683","1003","6.4"
"167683","1005","26.11"
"167683","1008","221"
"167684","1004","14"
"167684","1005","7"
"167684","1008","160"
"167684","1003","1.5"
"167685","1003","11.5"
"167685","1004","19.3"
"167685","1005","2.6"
"167685","1008","230"
"167686","1004","1"
"167686","1005","37.7"
"167686","1008","167"
"167686","1003","4.3"
"167687","1003","3"
"167687","1004","13.1"
"167687","1005","23.6"
"167687","1008","224"
"167688","1003","1.9"
"167688","1004","15.7"
"167688","1005","73.4"
"167688","1008","431"
"167689","1004","29.32"
"167689","1005","56.89"
"167689","1008","529"
"167689","1003","10.16"
"167690","1008","93"
"167690","1003","0.8"
"167690","1004","1.6"
"167690","1005","19.5"
"167691","1004","53"
"167691","1005","0"
"167691","1008","465"
"167691","1003","0"
"167692","1004","2.7"
"167692","1008","86"
"167692","1005","13.2"
"167692","1003","2.1"
"167693","1003","0.4"
"167693","1004","13"
"167693","1005","27"
"167693","1008","227"
"167694","1004","23"
"167694","1005","0.7"
"167694","1008","307"
"167694","1003","22.7"
"167695","1004","31.79"
"167695","1005","3.06"
"167695","1008","322"
"167695","1003","5.95"
"167696","1005","1.6"
"167696","1003","12"
"167696","1008","140"
"167696","1004","9.5"
"167697","1004","2"
"167697","1005","5.3"
"167697","1008","56"
"167697","1003","4.1"
"167698","1003","13.7"
"167698","1004","37.63"
"167698","1005","2.36"
"167698","1008","407"
"167699","1004","1.01"
"167699","1005","25.6"
"167699","1008","115"
"167699","1003","1.52"
"167700","1004","2.7"
"167700","1005","15.5"
"167700","1008","84"
"167700","1003","0.2"
"167701","1003","3.2"
"167701","1004","17.5"
"167701","1005","71.22"
"167701","1008","443"
"167702","1003","0.11"
"167702","1004","99.98"
"167702","1005","0"
"167702","1008","884"
"167703","1004","1"
"167703","1005","3.2"
"167703","1008","74"
"167703","1003","12.4"
"167704","1004","35"
"167704","1005","2"
"167704","1008","326"
"167704","1003","1.8"
"167705","1004","29.99"
"167705","1005","3.7"
"167705","1008","451"
"167705","1003","41.6"
"167706","1005","37.6"
"167706","1008","151"
"167706","1003","0"
"167706","1004","0.1"
"167707","1003","0.25"
"167707","1005","91"
"167707","1008","227"
"167707","1004","0.16"
"167708","1003","0.6"
"167708","1004","0.1"
"167708","1005","4.59"
"167708","1008","22"
"167709","1004","12.41"
"167709","1005","0"
"167709","1008","221"
"167709","1003","27.4"
"167710","1003","27.9"
"167710","1004","9.8"
"167710","1005","0"
"167710","1008","200"
"167711","1003","0.64"
"167711","1004","0.4"
"167711","1005","10.68"
"167711","1008","49"
"167712","1003","37.04"
"167712","1004","41.78"
"167712","1005","1.43"
"167712","1008","541"
"167713","1004","5"
"167713","1005","0"
"167713","1003","29.3"
"167713","1008","162"
"167714","1003","2.7"
"167714","1004","0.2"
"167714","1005","25.61"
"167714","1008","115"
"167715","1008","339"
"167715","1003","10.93"
"167715","1004","2.06"
"167715","1005","80.65"
"167716","1004","1"
"167716","1005","3"
"167716","1008","67"
"167716","1003","10.9"
"167717","1004","0.9"
"167717","1005","20.42"
"167717","1008","185"
"167717","1003","23.88"
"167718","1008","43"
"167718","1005","11.86"
"167718","1003","0"
"167718","1004","0"
"167719","1003","21.28"
"167719","1004","12.77"
"167719","1005","8.51"
"167719","1008","234"
"167720","1008","69"
"167720","1004","2.1"
"167720","1003","3.5"
"167720","1005","8.72"
"167721","1003","1.41"
"167721","1004","1.41"
"167721","1005","24.11"
"167721","1008","115"
"167722","1004","1.8"
"167722","1005","15.96"
"167722","1008","94"
"167722","1003","3.5"
"167723","1004","0"
"167723","1005","5"
"167723","1008","134"
"167723","1003","0.5"
"167724","1004","3.4"
"167724","1005","80"
"167724","1008","354"
"167724","1003","13"
"167725","1003","10"
"167725","1004","3"
"167725","1005","78"
"167725","1008","380"
"167726","1004","0.8"
"167726","1003","0.8"
"167726","1005","16.23"
"167726","1008","75"
"167727","1003","5.16"
"167727","1004","4.52"
"167727","1005","19.88"
"167727","1008","141"
"167728","1004","2.4"
"167728","1003","6.7"
"167728","1005","86.89"
"167728","1008","396"
"167729","1003","0.2"
"167729","1004","0.1"
"167729","1005","11.2"
"167729","1008","47"
"167730","1008","46"
"167730","1003","1.6"
"167730","1004","2"
"167730","1005","5.3"
"167731","1008","389"
"167731","1005","88.5"
"167731","1003","6.6"
"167731","1004","0.9"
"167732","1005","21.34"
"167732","1008","91"
"167732","1003","1"
"167732","1004","0.2"
"167733","1004","0.2"
"167733","1005","16.3"
"167733","1003","0.3"
"167733","1008","68"
"167734","1003","4.4"
"167734","1004","7.5"
"167734","1005","72.8"
"167734","1008","376"
"167735","1003","27.5"
"167735","1004","17.1"
"167735","1005","3.1"
"167735","1008","280"
"167736","1003","0"
"167736","1004","77.8"
"167736","1005","0.3"
"167736","1008","688"
"167737","1003","0"
"167737","1004","100"
"167737","1005","0"
"167737","1008","884"
"167738","1003","0.41"
"167738","1004","0.2"
"167738","1005","44.38"
"167738","1008","181"
"167739","1004","0.01"
"167739","1005","71.6"
"167739","1008","287"
"167739","1003","0.08"
"167740","1003","10.08"
"167740","1004","3"
"167740","1005","74.42"
"167740","1008","365"
"167741","1004","0.1"
"167741","1003","1.6"
"167741","1005","86.04"
"167741","1008","351"
"167742","1003","20.54"
"167742","1004","0.84"
"167742","1005","5.41"
"167742","1008","111"
"167743","1005","73.14"
"167743","1008","269"
"167743","1004","0"
"167743","1003","0"
"167744","1003","16.1"
"167744","1004","1.4"
"167744","1005","2"
"167744","1008","90"
"167745","1004","0.5"
"167745","1005","0"
"167745","1008","89"
"167745","1003","19.8"
"167746","1003","1.1"
"167746","1004","0.3"
"167746","1005","9.32"
"167746","1008","29"
"167747","1003","0.35"
"167747","1004","0.24"
"167747","1005","6.9"
"167747","1008","22"
"167748","1004","0.07"
"167748","1005","5.62"
"167748","1008","17"
"167748","1003","0.45"
"167749","1008","47"
"167749","1003","1.5"
"167749","1004","0.3"
"167749","1005","16"
"167750","1003","0.73"
"167750","1004","0.51"
"167750","1005","9.57"
"167750","1008","41"
"167751","1004","0.16"
"167751","1003","0.96"
"167751","1005","28.08"
"167751","1008","107"
"167752","1004","0.22"
"167752","1005","32.88"
"167752","1008","124"
"167752","1003","1.09"
"167753","1003","0.61"
"167753","1004","0.03"
"167753","1005","17.45"
"167753","1008","71"
"167754","1004","0.04"
"167754","1005","9.62"
"167754","1008","38"
"167754","1003","0.76"
"167755","1005","11.94"
"167755","1008","52"
"167755","1004","0.65"
"167755","1003","1.2"
"167756","1003","0.83"
"167756","1004","0.12"
"167756","1005","23.36"
"167756","1008","91"
"167757","1004","0.16"
"167757","1005","26.16"
"167757","1008","103"
"167757","1003","0.7"
"167758","1003","0.9"
"167758","1004","0.2"
"167758","1005","4.54"
"167758","1008","21"
"167759","1004","1.1"
"167759","1005","19.96"
"167759","1008","83"
"167759","1003","0.44"
"167760","1004","0.46"
"167760","1005","32.1"
"167760","1008","124"
"167760","1003","1.45"
"167761","1003","1"
"167761","1004","0.3"
"167761","1005","16.84"
"167761","1008","66"
"167762","1004","0.3"
"167762","1003","0.67"
"167762","1005","7.68"
"167762","1008","32"
"167763","1003","2.8"
"167763","1004","0.6"
"167763","1005","62.5"
"167763","1008","239"
"167764","1004","0.1"
"167764","1005","22.36"
"167764","1008","86"
"167764","1003","0.41"
"167765","1003","0.61"
"167765","1004","0.15"
"167765","1005","7.55"
"167765","1008","30"
"167766","1004","0.21"
"167766","1005","41.97"
"167766","1008","165"
"167766","1003","0.22"
"167767","1004","0.11"
"167767","1003","0.51"
"167767","1005","15.56"
"167767","1008","60"
"167768","1003","0.64"
"167768","1004","0.11"
"167768","1005","21.31"
"167768","1008","83"
"167769","1004","0.21"
"167769","1003","0.69"
"167769","1005","10.45"
"167769","1008","42"
"167770","1004","0.21"
"167770","1003","0.73"
"167770","1005","21.07"
"167770","1008","83"
"167771","1003","0.1"
"167771","1004","0.13"
"167771","1005","11.3"
"167771","1008","46"
"167772","1003","0.17"
"167772","1004","0.1"
"167772","1005","11.27"
"167772","1008","42"
"167773","1004","0.18"
"167773","1005","19.91"
"167773","1008","76"
"167773","1003","0.18"
"167774","1003","0.5"
"167774","1004","0.1"
"167774","1005","9.2"
"167774","1008","39"
"167775","1004","0.1"
"167775","1005","11.54"
"167775","1008","47"
"167775","1003","0.14"
"167776","1003","0.39"
"167776","1004","0.16"
"167776","1005","15.01"
"167776","1008","63"
"167777","1004","0.14"
"167777","1005","14.94"
"167777","1008","62"
"167777","1003","0.33"
"167778","1003","0.36"
"167778","1004","0.09"
"167778","1005","16.1"
"167778","1008","67"
"167779","1004","0.1"
"167779","1005","15.79"
"167779","1008","66"
"167779","1003","0.44"
"167780","1003","2.1"
"167780","1004","0.2"
"167780","1005","65.1"
"167780","1008","257"
"167781","1003","0.34"
"167781","1004","0.07"
"167781","1005","82.74"
"167781","1008","322"
"167782","1005","17.6"
"167782","1008","69"
"167782","1004","0.1"
"167782","1003","1.5"
"167783","1003","2.3"
"167783","1004","2"
"167783","1005","23.9"
"167783","1008","111"
"167784","1005","16.25"
"167784","1008","63"
"167784","1003","0.09"
"167784","1004","0.06"
"167785","1005","13.12"
"167785","1008","51"
"167785","1004","0.06"
"167785","1003","0.11"
"167786","1003","0.09"
"167786","1004","0.12"
"167786","1005","14.73"
"167786","1008","57"
"167787","1004","0.29"
"167787","1005","13.13"
"167787","1008","54"
"167787","1003","0.15"
"167788","1003","0.56"
"167788","1004","1.28"
"167788","1005","22.79"
"167788","1008","95"
"167789","1004","1.16"
"167789","1003","0.66"
"167789","1005","16.97"
"167789","1008","73"
"167790","1004","0.22"
"167790","1005","5.9"
"167790","1008","25"
"167790","1003","0.44"
"167791","1003","1.78"
"167791","1004","1.26"
"167791","1005","7.56"
"167791","1008","44"
"167792","1004","0.08"
"167792","1005","12.2"
"167792","1008","51"
"167792","1003","0.41"
"167793","1003","0.2"
"167793","1004","0.18"
"167793","1005","15.22"
"167793","1008","63"
"167794","1004","0.12"
"167794","1005","11.54"
"167794","1008","49"
"167794","1003","0.68"
"167795","1003","0.42"
"167795","1004","0"
"167795","1005","15"
"167795","1008","63"
"167796","1003","0.6"
"167796","1004","0.26"
"167796","1005","12.53"
"167796","1008","53"
"167797","1004","0.02"
"167797","1005","10.9"
"167797","1008","46"
"167797","1003","0.63"
"167798","1004","0.33"
"167798","1005","13.04"
"167798","1008","56"
"167798","1003","0.63"
"167799","1003","0.44"
"167799","1004","0.3"
"167799","1005","12.37"
"167799","1008","52"
"167800","1003","0.12"
"167800","1004","0.17"
"167800","1005","11.49"
"167800","1008","48"
"167801","1003","0.4"
"167801","1004","0.07"
"167801","1005","5.37"
"167801","1008","24"
"167802","1004","0.07"
"167802","1005","5.66"
"167802","1008","17"
"167802","1003","0.47"
"167803","1004","0.05"
"167803","1005","40.4"
"167803","1008","158"
"167803","1003","0.75"
"167804","1003","1.05"
"167804","1004","0.04"
"167804","1005","40.61"
"167804","1008","160"
"167805","1004","0.1"
"167805","1005","10.53"
"167805","1008","44"
"167805","1003","0.5"
"167806","1004","0.47"
"167806","1005","79.65"
"167806","1008","250"
"167806","1003","3.69"
"167807","1004","0.54"
"167807","1005","13.7"
"167807","1008","59"
"167807","1003","0.31"
"167808","1003","1.02"
"167808","1004","0.87"
"167808","1005","7.99"
"167808","1008","41"
"167809","1004","0.97"
"167809","1005","11.51"
"167809","1008","55"
"167809","1003","1.1"
"167810","1003","18.22"
"167810","1004","14.79"
"167810","1005","0"
"167810","1008","211"
"167811","1003","2.92"
"167811","1004","88.69"
"167811","1005","0"
"167811","1008","812"
"167812","1004","53.01"
"167812","1005","0"
"167812","1008","518"
"167812","1003","9.34"
"167813","1008","632"
"167813","1004","65.7"
"167813","1003","9.25"
"167813","1005","0"
"167814","1004","10.63"
"167814","1005","0"
"167814","1008","182"
"167814","1003","20.27"
"167815","1004","10.32"
"167815","1005","0"
"167815","1008","209"
"167815","1003","27.03"
"167816","1003","21.81"
"167816","1008","120"
"167816","1004","2.93"
"167816","1005","0"
"167817","1008","165"
"167817","1004","4.62"
"167817","1003","28.86"
"167817","1005","0"
"167818","1004","12.58"
"167818","1005","0"
"167818","1008","198"
"167818","1003","19.74"
"167819","1003","27.23"
"167819","1004","13.62"
"167819","1005","0"
"167819","1008","239"
"167820","1004","13.92"
"167820","1005","0"
"167820","1008","242"
"167820","1003","27.32"
"167821","1003","27.09"
"167821","1004","14.65"
"167821","1005","0"
"167821","1008","248"
"167822","1003","19.56"
"167822","1004","12.27"
"167822","1005","0"
"167822","1008","194"
"167823","1004","15.71"
"167823","1005","0"
"167823","1008","255"
"167823","1003","26.54"
"167824","1003","23.72"
"167824","1004","14.35"
"167824","1005","0"
"167824","1008","231"
"167825","1004","16.71"
"167825","1005","0"
"167825","1008","254"
"167825","1003","24.29"
"167826","1003","28.21"
"167826","1004","13.51"
"167826","1005","0"
"167826","1008","242"
"167827","1003","25.61"
"167827","1004","11.06"
"167827","1005","0"
"167827","1008","209"
"167828","1004","12.8"
"167828","1005","0"
"167828","1008","231"
"167828","1003","27.01"
"167829","1004","3.71"
"167829","1003","21.99"
"167829","1008","127"
"167829","1005","0"
"167830","1003","26.66"
"167830","1004","16.28"
"167830","1005","0"
"167830","1008","261"
"167831","1004","13.04"
"167831","1005","0"
"167831","1008","222"
"167831","1003","24.42"
"167832","1004","14.68"
"167832","1005","0"
"167832","1008","248"
"167832","1003","26.99"
"167833","1003","21.79"
"167833","1004","4.8"
"167833","1008","136"
"167833","1005","0"
"167834","1003","28.81"
"167834","1004","12.31"
"167834","1005","0"
"167834","1008","234"
"167835","1004","11.82"
"167835","1005","0"
"167835","1008","222"
"167835","1003","26.96"
"167836","1004","12.87"
"167836","1005","0"
"167836","1008","230"
"167836","1003","26.64"
"167837","1003","21.65"
"167837","1004","4.02"
"167837","1008","129"
"167837","1005","0"
"167838","1003","31"
"167838","1008","195"
"167838","1004","6.9"
"167838","1005","0"
"167839","1004","6.94"
"167839","1005","0"
"167839","1003","21.55"
"167839","1008","155"
"167840","1004","8.31"
"167840","1005","0"
"167840","1008","200"
"167840","1003","29.2"
"167841","1005","0"
"167841","1004","9.14"
"167841","1008","196"
"167841","1003","26.62"
"167842","1003","26.45"
"167842","1004","8.82"
"167842","1005","0"
"167842","1008","192"
"167843","1004","17.99"
"167843","1005","0"
"167843","1008","236"
"167843","1003","17.18"
"167844","1003","23.28"
"167844","1004","21.39"
"167844","1005","0"
"167844","1008","292"
"167845","1004","7.14"
"167845","1005","0"
"167845","1008","148"
"167845","1003","19.55"
"167846","1003","25.33"
"167846","1004","13.54"
"167846","1005","0"
"167846","1008","230"
"167847","1004","8.87"
"167847","1008","194"
"167847","1003","26.76"
"167847","1005","0"
"167848","1004","12.62"
"167848","1005","0"
"167848","1008","228"
"167848","1003","26.68"
"167849","1004","12.36"
"167849","1005","0"
"167849","1008","186"
"167849","1003","17.42"
"167850","1005","0"
"167850","1004","17.69"
"167850","1008","267"
"167850","1003","25.07"
"167851","1003","25.58"
"167851","1004","16.61"
"167851","1005","0"
"167851","1008","259"
"167852","1004","14.3"
"167852","1005","0"
"167852","1008","232"
"167852","1003","24.21"
"167853","1003","15.47"
"167853","1004","23.4"
"167853","1008","277"
"167853","1005","0"
"167854","1004","30.3"
"167854","1005","0"
"167854","1008","397"
"167854","1003","29.06"
"167855","1003","27.51"
"167855","1004","9.21"
"167855","1005","0"
"167855","1008","201"
"167856","1003","12.49"
"167856","1004","20.32"
"167856","1008","233"
"167856","1005","0"
"167857","1004","15.1"
"167857","1005","0.6"
"167857","1008","234"
"167857","1003","22.45"
"167858","1003","15.95"
"167858","1004","10.8"
"167858","1005","0.2"
"167858","1008","166"
"167859","1004","12.59"
"167859","1003","23.16"
"167859","1008","212"
"167859","1005","0"
"167860","1003","25.4"
"167860","1004","4.7"
"167860","1005","0"
"167860","1008","151"
"167861","1004","94.16"
"167861","1005","0"
"167861","1008","857"
"167861","1003","1.76"
"167862","1003","21.39"
"167862","1004","3.65"
"167862","1005","2.47"
"167862","1008","134"
"167863","1004","4.4"
"167863","1005","3.76"
"167863","1008","165"
"167863","1003","26.02"
"167864","1003","14.08"
"167864","1004","2.72"
"167864","1005","0"
"167864","1008","85"
"167865","1004","2.59"
"167865","1005","0"
"167865","1008","100"
"167865","1003","17.86"
"167866","1003","28.2"
"167866","1004","3.2"
"167866","1005","0"
"167866","1008","149"
"167867","1003","16.85"
"167867","1004","10.14"
"167867","1008","159"
"167867","1005","0"
"167868","1004","12.14"
"167868","1008","222"
"167868","1003","26.38"
"167868","1005","0"
"167869","1003","20.31"
"167869","1004","2.62"
"167869","1005","1.34"
"167869","1008","110"
"167870","1003","11.63"
"167870","1004","10.02"
"167870","1005","0.01"
"167870","1008","140"
"167871","1003","20.93"
"167871","1004","5.53"
"167871","1005","1.5"
"167871","1008","145"
"167872","1004","9.02"
"167872","1005","0"
"167872","1008","178"
"167872","1003","22.62"
"167873","1004","28.19"
"167873","1005","1.69"
"167873","1008","315"
"167873","1003","12.78"
"167874","1003","19.56"
"167874","1004","4.25"
"167874","1005","0"
"167874","1008","122"
"167875","1004","18.52"
"167875","1005","0.06"
"167875","1008","246"
"167875","1003","18.49"
"167876","1003","22.32"
"167876","1004","5.71"
"167876","1005","0.05"
"167876","1008","147"
"167877","1004","61.41"
"167877","1005","0.09"
"167877","1008","579"
"167877","1003","5.68"
"167878","1003","7.64"
"167878","1004","61.86"
"167878","1005","0"
"167878","1008","591"
"167879","1004","21.35"
"167879","1005","0"
"167879","1008","280"
"167879","1003","20.43"
"167880","1003","24.94"
"167880","1004","7.04"
"167880","1005","0"
"167880","1008","170"
"167881","1004","35.8"
"167881","1005","0"
"167881","1008","396"
"167881","1003","17"
"167882","1003","29.56"
"167882","1008","195"
"167882","1004","7.66"
"167882","1005","0"
"167883","1004","9.73"
"167883","1008","211"
"167883","1003","28.84"
"167883","1005","0"
"167884","1003","25.02"
"167884","1004","16.56"
"167884","1005","0"
"167884","1008","256"
"167885","1004","7.46"
"167885","1005","0"
"167885","1008","144"
"167885","1003","17.97"
"167886","1003","20.94"
"167886","1004","8.43"
"167886","1005","0.49"
"167886","1008","167"
"167887","1003","29.36"
"167887","1004","7.86"
"167887","1005","0"
"167887","1008","196"
"167888","1004","14.95"
"167888","1005","0"
"167888","1008","216"
"167888","1003","18.95"
"167889","1003","19.9"
"167889","1004","14.01"
"167889","1005","0"
"167889","1008","211"
"167890","1004","15.79"
"167890","1005","0"
"167890","1008","255"
"167890","1003","26.29"
"167891","1003","27.63"
"167891","1004","15.76"
"167891","1005","0"
"167891","1008","260"
"167892","1003","25.82"
"167892","1004","18.05"
"167892","1008","273"
"167892","1005","0"
"167893","1003","27.68"
"167893","1004","11.8"
"167893","1005","0"
"167893","1008","224"
"167894","1004","10.13"
"167894","1005","0"
"167894","1008","214"
"167894","1003","28.81"
"167895","1004","11.82"
"167895","1005","0"
"167895","1008","189"
"167895","1003","19.34"
"167896","1003","26.49"
"167896","1004","17.71"
"167896","1005","0"
"167896","1008","273"
"167897","1003","21.75"
"167897","1004","29.46"
"167897","1005","0"
"167897","1008","359"
"167898","1004","5.47"
"167898","1005","0"
"167898","1008","171"
"167898","1003","28.41"
"167899","1003","28.19"
"167899","1004","5.53"
"167899","1005","0"
"167899","1008","170"
"167900","1004","7.32"
"167900","1005","0"
"167900","1008","192"
"167900","1003","29.62"
"167901","1003","22.81"
"167901","1004","2.59"
"167901","1008","121"
"167901","1005","0"
"167902","1003","16.88"
"167902","1004","21.19"
"167902","1005","0"
"167902","1008","263"
"167903","1004","20.77"
"167903","1005","0"
"167903","1008","297"
"167903","1003","25.69"
"167904","1003","29.86"
"167904","1004","8.11"
"167904","1005","0"
"167904","1008","201"
"167905","1004","3.96"
"167905","1005","0"
"167905","1008","147"
"167905","1003","26.04"
"167906","1004","13.66"
"167906","1008","235"
"167906","1003","26.07"
"167906","1005","0"
"167907","1004","5.88"
"167907","1005","0"
"167907","1008","144"
"167907","1003","21.23"
"167908","1003","29.47"
"167908","1004","9.44"
"167908","1005","0"
"167908","1008","211"
"167909","1005","0.21"
"167909","1003","18.43"
"167909","1004","3.59"
"167909","1008","106"
"167910","1005","4.63"
"167910","1004","3.07"
"167910","1003","18.2"
"167910","1008","119"
"167911","1005","1.87"
"167911","1003","16.88"
"167911","1008","122"
"167911","1004","4.94"
"167912","1004","5"
"167912","1005","0"
"167912","1003","28.95"
"167912","1008","169"
"167913","1004","7.66"
"167913","1005","0"
"167913","1008","190"
"167913","1003","28.35"
"167914","1003","35.73"
"167914","1004","43.27"
"167914","1005","1.35"
"167914","1008","548"
"167915","1004","3.56"
"167915","1005","0.87"
"167915","1008","121"
"167915","1003","21.41"
"167916","1003","15.43"
"167916","1004","3.48"
"167916","1008","95"
"167916","1005","0.67"
"167917","1004","4.43"
"167917","1005","1.2"
"167917","1008","128"
"167917","1003","20.92"
"167918","1003","22.04"
"167918","1004","4.3"
"167918","1008","131"
"167918","1005","1.48"
"167919","1004","4.25"
"167919","1008","137"
"167919","1003","24.14"
"167919","1005","0.48"
"167920","1003","24.95"
"167920","1008","145"
"167920","1004","4.97"
"167920","1005","0.34"
"167921","1004","11.34"
"167921","1005","42.41"
"167921","1008","293"
"167921","1003","6.16"
"167922","1004","6.9"
"167922","1005","40.3"
"167922","1008","241"
"167922","1003","4.4"
"167923","1003","8.07"
"167923","1004","4.15"
"167923","1005","50.84"
"167923","1008","273"
"167924","1008","305"
"167924","1003","5"
"167924","1004","1.09"
"167924","1005","74.25"
"167925","1005","58.76"
"167925","1008","490"
"167925","1003","8.92"
"167925","1004","24.41"
"167926","1005","43.33"
"167926","1008","239"
"167926","1004","4.73"
"167926","1003","5.88"
"167927","1008","385"
"167927","1003","4.01"
"167927","1004","9.02"
"167927","1005","71.83"
"167928","1004","11.03"
"167928","1005","72.7"
"167928","1008","409"
"167928","1003","4.7"
"167929","1003","4.23"
"167929","1004","4.22"
"167929","1005","50.05"
"167929","1008","255"
"167930","1003","3.41"
"167930","1004","28.69"
"167930","1005","58.52"
"167930","1008","506"
"167931","1004","31.84"
"167931","1005","52.47"
"167931","1008","521"
"167931","1003","6.1"
"167932","1003","2.97"
"167932","1004","25.46"
"167932","1005","51.11"
"167932","1008","445"
"167933","1005","75.52"
"167933","1008","416"
"167933","1004","7.59"
"167933","1003","11.34"
"167934","1005","71.52"
"167934","1008","444"
"167934","1003","9.34"
"167934","1004","13.37"
"167935","1004","11.58"
"167935","1005","56.38"
"167935","1008","367"
"167935","1003","9.42"
"167936","1003","6.81"
"167936","1004","25.24"
"167936","1005","53.16"
"167936","1008","467"
"167937","1004","21.7"
"167937","1005","48.94"
"167937","1008","418"
"167937","1003","6.62"
"167938","1003","8.81"
"167938","1004","16.11"
"167938","1005","66.28"
"167938","1008","445"
"167939","1003","8.36"
"167939","1004","16.61"
"167939","1005","41.72"
"167939","1008","350"
"167940","1004","26.61"
"167940","1005","48.6"
"167940","1008","452"
"167940","1003","4.45"
"167941","1003","10"
"167941","1004","11.67"
"167941","1005","68.19"
"167941","1008","418"
"167942","1004","10.71"
"167942","1005","68.25"
"167942","1008","398"
"167942","1003","7.14"
"167943","1004","3.13"
"167943","1003","12.5"
"167943","1005","47.07"
"167943","1008","266"
"167944","1003","10.42"
"167944","1004","20.83"
"167944","1005","44.83"
"167944","1008","408"
"167945","1004","7.89"
"167945","1005","35.82"
"167945","1008","249"
"167945","1003","8.77"
"167946","1008","387"
"167946","1003","16.8"
"167946","1004","14.29"
"167946","1005","56.46"
"167947","1008","489"
"167947","1005","61.21"
"167947","1003","5.71"
"167947","1004","28.57"
"167948","1008","499"
"167948","1003","7.7"
"167948","1004","22.6"
"167948","1005","65.1"
"167949","1003","5.46"
"167949","1004","36.54"
"167949","1005","54.54"
"167949","1008","567"
"167950","1003","8.5"
"167950","1004","15.64"
"167950","1005","71.86"
"167950","1008","446"
"167951","1003","5.1"
"167951","1004","13.5"
"167951","1005","73"
"167951","1008","404"
"167952","1004","16.3"
"167952","1005","72.1"
"167952","1008","438"
"167952","1003","7.3"
"167953","1008","341"
"167953","1003","0"
"167953","1004","0"
"167953","1005","85.13"
"167954","1003","7.4"
"167954","1004","17.2"
"167954","1005","67.3"
"167954","1008","443"
"167955","1004","15.8"
"167955","1005","64.4"
"167955","1008","426"
"167955","1003","10.5"
"167956","1004","44.1"
"167956","1005","50.07"
"167956","1008","609"
"167956","1003","2.94"
"167957","1004","0.02"
"167957","1005","65.1"
"167957","1008","261"
"167957","1003","0"
"167958","1008","506"
"167958","1003","17.31"
"167958","1004","25.58"
"167958","1005","51.62"
"167959","1008","387"
"167959","1005","77.78"
"167959","1004","4.54"
"167959","1003","12.94"
"167960","1003","9.3"
"167960","1004","33.2"
"167960","1005","51.6"
"167960","1008","526"
"167961","1008","544"
"167961","1004","31.3"
"167961","1005","0"
"167961","1003","61.3"
"167962","1003","6.51"
"167962","1004","31.06"
"167962","1005","55.92"
"167962","1008","487"
"167963","1003","8.1"
"167963","1004","33.9"
"167963","1005","51.5"
"167963","1008","531"
"167964","1003","9.85"
"167964","1004","16.92"
"167964","1005","66.5"
"167964","1008","463"
"167965","1003","11.1"
"167965","1004","2.6"
"167965","1008","362"
"167965","1005","81.3"
"167966","1004","2.8"
"167966","1005","81.5"
"167966","1008","387"
"167966","1003","8.2"
"167967","1003","9"
"167967","1004","3.5"
"167967","1005","80.1"
"167967","1008","380"
"167968","1004","17.1"
"167968","1005","65.6"
"167968","1003","6.3"
"167968","1008","442"
"167969","1003","14.2"
"167969","1004","31.9"
"167969","1005","44.9"
"167969","1008","484"
"167970","1004","24.2"
"167970","1005","63.1"
"167970","1008","480"
"167970","1003","7.9"
"167971","1003","1.59"
"167971","1004","3.31"
"167971","1005","87.73"
"167971","1008","387"
"167972","1003","0.03"
"167972","1004","3.3"
"167972","1005","90.4"
"167972","1008","391"
"167973","1003","8.15"
"167973","1004","31.36"
"167973","1005","56.29"
"167973","1008","540"
"167974","1005","77"
"167974","1008","382"
"167974","1003","4.6"
"167974","1004","8.1"
"167975","1004","21.19"
"167975","1005","63.81"
"167975","1008","462"
"167975","1003","6.19"
"167976","1005","63.9"
"167976","1008","480"
"167976","1003","4.2"
"167976","1004","30"
"167977","1005","60.4"
"167977","1008","507"
"167977","1004","34.2"
"167977","1003","3.9"
"167978","1003","2.2"
"167978","1004","9.3"
"167978","1005","80.4"
"167978","1008","366"
"167979","1003","11.97"
"167979","1004","37.13"
"167979","1005","46.85"
"167979","1008","569"
"167980","1003","2.2"
"167980","1004","29.05"
"167980","1005","67.1"
"167980","1008","539"
"167981","1005","22.2"
"167981","1008","222"
"167981","1003","4.1"
"167981","1004","13"
"167982","1004","7.17"
"167982","1005","80.99"
"167982","1008","384"
"167982","1003","2.19"
"167983","1003","2.3"
"167983","1004","2.64"
"167983","1005","79.37"
"167983","1008","347"
"167984","1004","30.57"
"167984","1005","58.01"
"167984","1008","531"
"167984","1003","8.51"
"167985","1003","8.78"
"167985","1004","23.98"
"167985","1005","62.68"
"167985","1008","482"
"167986","1003","0"
"167986","1004","0.02"
"167986","1005","93.18"
"167986","1008","373"
"167987","1005","76.7"
"167987","1008","410"
"167987","1003","2.39"
"167987","1004","10.41"
"167988","1005","68.15"
"167988","1008","460"
"167988","1003","4.38"
"167988","1004","18.93"
"167989","1004","0"
"167989","1005","98.9"
"167989","1008","396"
"167989","1003","0"
"167990","1004","0.2"
"167990","1005","98"
"167990","1008","394"
"167990","1003","0"
"167991","1004","0.05"
"167991","1005","93.55"
"167991","1008","375"
"167991","1003","0"
"167992","1005","64.59"
"167992","1008","518"
"167992","1004","25.99"
"167992","1003","6.51"
"167993","1005","64.34"
"167993","1008","523"
"167993","1004","26.58"
"167993","1003","6.62"
"167994","1004","23"
"167994","1005","62.7"
"167994","1008","467"
"167994","1003","8.1"
"167995","1003","1.8"
"167995","1004","0.2"
"167995","1005","81.3"
"167995","1008","318"
"167996","1003","12.49"
"167996","1004","21.52"
"167996","1005","60.49"
"167996","1008","469"
"167997","1004","23"
"167997","1005","65.5"
"167997","1008","462"
"167997","1003","7.7"
"167998","1004","1.92"
"167998","1005","18.89"
"167998","1008","105"
"167998","1003","3.15"
"167999","1004","15.59"
"167999","1005","77.41"
"167999","1008","426"
"167999","1003","3.64"
"168000","1005","62.36"
"168000","1008","539"
"168000","1004","29.73"
"168000","1003","5.41"
"168001","1003","13.1"
"168001","1004","33.5"
"168001","1005","49.7"
"168001","1008","519"
"168002","1004","24.18"
"168002","1005","74.39"
"168002","1008","515"
"168002","1003","0"
"168003","1003","4.06"
"168003","1004","30.42"
"168003","1005","62.82"
"168003","1008","541"
"168004","1004","15.63"
"168004","1005","64.29"
"168004","1008","446"
"168004","1003","12.06"
"168005","1003","11.71"
"168005","1004","16.11"
"168005","1005","66.2"
"168005","1008","457"
"168006","1004","16.82"
"168006","1005","67.2"
"168006","1008","458"
"168006","1003","9.56"
"168007","1003","3.13"
"168007","1004","22.15"
"168007","1005","71.88"
"168007","1008","499"
"168008","1004","2.65"
"168008","1005","50.47"
"168008","1008","239"
"168008","1003","3.34"
"168009","1003","3.81"
"168009","1004","4.47"
"168009","1005","46.13"
"168009","1008","240"
"168010","1004","6.4"
"168010","1005","55.1"
"168010","1008","310"
"168010","1003","7.99"
"168011","1003","2.99"
"168011","1004","8.22"
"168011","1005","40.54"
"168011","1008","248"
"168012","1004","18.93"
"168012","1005","67.57"
"168012","1008","471"
"168012","1003","7.63"
"168013","1004","4.23"
"168013","1005","43.34"
"168013","1008","265"
"168013","1003","13.36"
"168014","1003","6.9"
"168014","1004","13.8"
"168014","1005","74.1"
"168014","1008","446"
"168015","1004","11.1"
"168015","1005","25.52"
"168015","1008","209"
"168015","1003","1.7"
"168016","1003","1.36"
"168016","1004","3.58"
"168016","1005","30.72"
"168016","1008","161"
"168017","1003","3.9"
"168017","1004","0.1"
"168017","1005","16.1"
"168017","1008","81"
"168018","1004","1.1"
"168018","1005","16.3"
"168018","1008","104"
"168018","1003","7.3"
"168019","1003","12.3"
"168019","1004","0.8"
"168019","1005","0"
"168019","1008","56"
"168020","1004","2.3"
"168020","1003","82.6"
"168020","1005","0"
"168020","1008","351"
"168021","1004","8"
"168021","1005","4.3"
"168021","1008","156"
"168021","1003","16.6"
"168022","1003","4.2"
"168022","1004","0.5"
"168022","1005","9.9"
"168022","1008","61"
"168023","1004","10.6"
"168023","1003","15.9"
"168023","1005","0"
"168023","1008","159"
"168024","1003","30.7"
"168024","1004","15.9"
"168024","1005","0"
"168024","1008","266"
"168025","1003","28.4"
"168025","1004","3.2"
"168025","1005","0"
"168025","1008","142"
"168026","1004","3.3"
"168026","1005","2.9"
"168026","1008","116"
"168026","1003","18.6"
"168027","1003","7.4"
"168027","1004","2.2"
"168027","1005","5.6"
"168027","1008","72"
"168028","1004","0.7"
"168028","1005","6.5"
"168028","1008","42"
"168028","1003","2.3"
"168029","1003","19.2"
"168029","1004","13.6"
"168029","1005","0"
"168029","1008","199"
"168030","1004","24.1"
"168030","1005","0"
"168030","1008","282"
"168030","1003","16.3"
"168031","1003","21"
"168031","1004","3"
"168031","1005","3.5"
"168031","1008","125"
"168032","1004","100"
"168032","1005","0"
"168032","1008","900"
"168032","1003","0"
"168033","1003","18.9"
"168033","1004","6.1"
"168033","1005","0"
"168033","1008","131"
"168034","1004","3.6"
"168034","1005","0"
"168034","1008","107"
"168034","1003","18.6"
"168035","1003","2.6"
"168035","1004","61"
"168035","1005","8.1"
"168035","1008","592"
"168036","1004","1.6"
"168036","1005","20.7"
"168036","1008","122"
"168036","1003","6.1"
"168037","1004","5.18"
"168037","1005","75.2"
"168037","1008","386"
"168037","1003","9.72"
"168038","1003","10.99"
"168038","1004","5.04"
"168038","1005","77.14"
"168038","1008","398"
"168039","1004","5.88"
"168039","1005","72.9"
"168039","1008","384"
"168039","1003","9.85"
"168040","1003","0.52"
"168040","1004","0.2"
"168040","1005","5.64"
"168040","1008","26"
"168041","1004","0.95"
"168041","1005","49.94"
"168041","1008","237"
"168041","1003","7.28"
"168042","1003","8.71"
"168042","1004","3.78"
"168042","1005","8.03"
"168042","1008","101"
"168043","1004","2.06"
"168043","1005","9.38"
"168043","1008","83"
"168043","1003","6.71"
"168044","1003","8.62"
"168044","1004","4.34"
"168044","1005","7.27"
"168044","1008","103"
"168045","1004","7.28"
"168045","1003","21.94"
"168045","1005","0"
"168045","1008","153"
"168046","1003","20.69"
"168046","1004","3.67"
"168046","1008","116"
"168046","1005","0"
"168047","1004","11.73"
"168047","1003","20.25"
"168047","1005","0"
"168047","1008","187"
"168048","1003","0.85"
"168048","1004","0.33"
"168048","1005","10.05"
"168048","1008","47"
"168049","1004","3.67"
"168049","1003","59.38"
"168049","1005","0"
"168049","1008","271"
"168050","1003","22.63"
"168050","1004","3.37"
"168050","1005","0"
"168050","1008","122"
"168051","1004","25.08"
"168051","1003","35.31"
"168051","1008","367"
"168051","1005","0"
"168052","1004","13.44"
"168052","1003","62.44"
"168052","1005","0"
"168052","1008","371"
"168053","1003","23.63"
"168053","1004","10.17"
"168053","1005","0"
"168053","1008","186"
"168054","1005","0"
"168054","1008","378"
"168054","1004","14.38"
"168054","1003","62.09"
"168055","1003","29.45"
"168055","1004","2.8"
"168055","1005","0"
"168055","1008","143"
"168056","1004","1.8"
"168056","1003","20.14"
"168056","1005","0"
"168056","1008","97"
"168057","1003","30.56"
"168057","1004","2.85"
"168057","1005","0"
"168057","1008","148"
"168058","1004","0.98"
"168058","1005","33.88"
"168058","1008","156"
"168058","1003","2.89"
"168059","1003","77.27"
"168059","1004","8.06"
"168059","1005","0"
"168059","1008","382"
"168060","1004","8.26"
"168060","1005","0"
"168060","1008","159"
"168060","1003","21.11"
"168061","1003","6.81"
"168061","1004","3.47"
"168061","1005","9.22"
"168061","1008","95"
"168062","1003","16.17"
"168062","1004","10.64"
"168062","1005","10.92"
"168062","1008","204"
"168063","1003","3.2"
"168063","1004","3.69"
"168063","1005","24.92"
"168063","1008","146"
"168064","1004","3.85"
"168064","1005","24.4"
"168064","1008","151"
"168064","1003","4.64"
"168065","1003","3.96"
"168065","1004","3.46"
"168065","1005","23.74"
"168065","1008","142"
"168066","1004","4.98"
"168066","1005","30.75"
"168066","1008","182"
"168066","1003","3.5"
"168067","1003","7.35"
"168067","1004","9.04"
"168067","1005","15.75"
"168067","1008","174"
"168068","1004","2.57"
"168068","1005","14.79"
"168068","1008","103"
"168068","1003","5.1"
"168069","1003","8.61"
"168069","1004","2.58"
"168069","1005","4.07"
"168069","1008","74"
"168070","1004","5.38"
"168070","1005","37.14"
"168070","1008","219"
"168070","1003","5.48"
"168071","1003","8.02"
"168071","1004","26.24"
"168071","1005","48.57"
"168071","1008","462"
"168072","1003","7.08"
"168072","1004","5.3"
"168072","1005","7.29"
"168072","1008","105"
"168073","1003","18.67"
"168073","1004","15.41"
"168073","1005","20.24"
"168073","1008","294"
"168074","1003","12.62"
"168074","1004","16.77"
"168074","1005","21.4"
"168074","1008","287"
"168075","1003","22.94"
"168075","1004","17.05"
"168075","1005","5.31"
"168075","1008","266"
"168076","1004","17.87"
"168076","1005","27.22"
"168076","1008","324"
"168076","1003","13.56"
"168077","1004","20.01"
"168077","1005","20.93"
"168077","1008","319"
"168077","1003","13.88"
"168078","1003","5.19"
"168078","1004","4.92"
"168078","1005","21.16"
"168078","1008","150"
"168079","1004","28.57"
"168079","1005","13.59"
"168079","1008","377"
"168079","1003","16.27"
"168080","1003","5.9"
"168080","1004","4.05"
"168080","1005","4.52"
"168080","1008","78"
"168081","1004","12.65"
"168081","1005","23.86"
"168081","1008","250"
"168081","1003","10.1"
"168082","1003","8.91"
"168082","1004","15.66"
"168082","1005","23.34"
"168082","1008","270"
"168083","1004","2.8"
"168083","1005","8.29"
"168083","1008","85"
"168083","1003","6.76"
"168084","1003","1.34"
"168084","1004","1.68"
"168084","1005","5.74"
"168084","1008","43"
"168085","1003","5.8"
"168085","1004","3.28"
"168085","1005","17.19"
"168085","1008","121"
"168086","1004","3.92"
"168086","1005","15.71"
"168086","1008","122"
"168086","1003","5.87"
"168087","1003","14.33"
"168087","1004","14.25"
"168087","1005","26.88"
"168087","1008","293"
"168088","1003","0"
"168088","1004","0"
"168088","1005","66.91"
"168088","1008","268"
"168089","1004","32"
"168089","1005","1"
"168089","1008","390"
"168089","1003","25"
"168090","1008","86"
"168090","1004","0.8"
"168090","1003","2.5"
"168090","1005","17.54"
"168091","1008","74"
"168091","1003","2.4"
"168091","1004","0.8"
"168091","1005","14.68"
"168092","1003","19.6"
"168092","1004","5.8"
"168092","1005","0.93"
"168092","1008","134"
"168093","1004","61.4"
"168093","1005","3.5"
"168093","1008","564"
"168093","1003","1.2"
"168094","1004","33.3"
"168094","1005","6.7"
"168094","1008","333"
"168094","1003","0.9"
"168095","1008","536"
"168095","1004","31.2"
"168095","1005","54.1"
"168095","1003","9.6"
"168096","1004","20"
"168096","1005","6.7"
"168096","1008","200"
"168096","1003","0.3"
"168097","1004","3.5"
"168097","1005","9.1"
"168097","1008","71"
"168097","1003","0.8"
"168098","1004","21.6"
"168098","1005","0.7"
"168098","1003","28.2"
"168098","1008","313"
"168099","1003","1.4"
"168099","1004","2.7"
"168099","1005","20"
"168099","1008","107"
"168100","1004","8"
"168100","1005","16"
"168100","1008","140"
"168100","1003","1"
"168101","1005","5.2"
"168101","1008","204"
"168101","1004","14.8"
"168101","1003","11.8"
"168102","1008","553"
"168102","1004","33.3"
"168102","1005","56"
"168102","1003","7.3"
"168103","1004","0.8"
"168103","1005","19.7"
"168103","1008","107"
"168103","1003","4.4"
"168104","1008","131"
"168104","1003","3"
"168104","1004","3.6"
"168104","1005","21.6"
"168105","1004","3.6"
"168105","1005","21.6"
"168105","1008","127"
"168105","1003","3"
"168106","1003","25.56"
"168106","1004","3.25"
"168106","1005","59.87"
"168106","1008","371"
"168107","1005","81.1"
"168107","1008","392"
"168107","1004","4.3"
"168107","1003","7.1"
"168108","1005","60.5"
"168108","1008","522"
"168108","1004","27.76"
"168108","1003","7.53"
"168109","1003","0"
"168109","1004","20"
"168109","1005","40"
"168109","1008","329"
"168110","1003","22.3"
"168110","1004","8.3"
"168110","1005","0.3"
"168110","1008","172"
"168111","1004","5.5"
"168111","1005","1.5"
"168111","1008","145"
"168111","1003","20.9"
"168112","1008","263"
"168112","1003","0.9"
"168112","1004","19"
"168112","1005","23.9"
"168113","1004","0"
"168113","1005","23.17"
"168113","1008","95"
"168113","1003","0.5"
"168114","1004","1"
"168114","1005","2.7"
"168114","1008","72"
"168114","1003","12.4"
"168115","1004","19.2"
"168115","1005","16"
"168115","1008","231"
"168115","1003","0.3"
"168116","1008","503"
"168116","1003","7.79"
"168116","1004","23.36"
"168116","1005","65.32"
"168117","1004","0.13"
"168117","1003","0.39"
"168117","1005","12.2"
"168117","1008","46"
"168118","1004","28.4"
"168118","1005","2"
"168118","1008","310"
"168118","1003","11.7"
"168119","1004","0.3"
"168119","1005","2.81"
"168119","1008","19"
"168119","1003","1.36"
"168120","1003","28.1"
"168120","1004","9.7"
"168120","1005","0"
"168120","1008","208"
"168121","1004","31.19"
"168121","1005","1.6"
"168121","1008","376"
"168121","1003","22.2"
"168122","1003","1.96"
"168122","1005","59.94"
"168122","1008","509"
"168122","1004","29.1"
"168123","1004","0"
"168123","1005","4.7"
"168123","1008","19"
"168123","1003","0.1"
"168124","1004","27.4"
"168124","1005","3.4"
"168124","1008","374"
"168124","1003","28.4"
"168125","1008","82"
"168125","1004","1.9"
"168125","1003","4.34"
"168125","1005","11.53"
"168126","1004","2.8"
"168126","1003","10.8"
"168126","1005","51.87"
"168126","1008","276"
"168127","1004","33.4"
"168127","1005","57.4"
"168127","1008","557"
"168127","1003","6.6"
"168128","1003","4.8"
"168128","1004","0.4"
"168128","1005","20.49"
"168128","1008","105"
"168129","1003","5.5"
"168129","1004","1.4"
"168129","1005","0"
"168129","1008","36"
"168130","1008","323"
"168130","1004","20.2"
"168130","1005","30.9"
"168130","1003","4.4"
"168131","1004","28.51"
"168131","1005","1.8"
"168131","1008","312"
"168131","1003","12"
"168132","1003","0"
"168132","1004","0"
"168132","1005","5.92"
"168132","1008","24"
"168133","1008","77"
"168133","1003","0.9"
"168133","1004","0.18"
"168133","1005","17.6"
"168134","1003","0.5"
"168134","1004","0.7"
"168134","1005","17.05"
"168134","1008","77"
"168135","1003","1.1"
"168135","1005","17.35"
"168135","1008","78"
"168135","1004","0.52"
"168136","1003","4.72"
"168136","1004","16.98"
"168136","1005","19.78"
"168136","1008","251"
"168137","1005","73.4"
"168137","1008","465"
"168137","1003","8.7"
"168137","1004","15.2"
"168138","1008","401"
"168138","1003","7.12"
"168138","1004","5.46"
"168138","1005","81.19"
"168139","1005","73.39"
"168139","1008","429"
"168139","1003","12.6"
"168139","1004","9.5"
"168140","1005","17.18"
"168140","1008","73"
"168140","1004","0.2"
"168140","1003","0.5"
"168141","1004","5.1"
"168141","1005","3.4"
"168141","1003","28.4"
"168141","1008","179"
"168142","1003","0"
"168142","1004","0"
"168142","1005","76.1"
"168142","1008","279"
"168143","1004","2.4"
"168143","1005","78.2"
"168143","1008","356"
"168143","1003","5.3"
"168144","1003","0"
"168144","1004","0"
"168144","1005","15.38"
"168144","1008","62"
"168145","1004","0.03"
"168145","1005","46.1"
"168145","1008","179"
"168145","1003","0.3"
"168146","1003","0.81"
"168146","1004","0.9"
"168146","1005","84.66"
"168146","1008","350"
"168147","1003","75.16"
"168147","1004","1.85"
"168147","1005","13.79"
"168147","1008","370"
"168148","1003","16.4"
"168148","1004","0.3"
"168148","1005","0"
"168148","1008","73"
"168149","1004","25.1"
"168149","1005","0"
"168149","1008","305"
"168149","1003","18.5"
"168150","1003","0.72"
"168150","1004","0.23"
"168150","1005","15.56"
"168150","1008","60"
"168151","1004","0.2"
"168151","1005","20.23"
"168151","1008","79"
"168151","1003","1.2"
"168152","1003","4.72"
"168152","1004","0.5"
"168152","1005","72.52"
"168152","1008","281"
"168153","1003","1.14"
"168153","1004","0.52"
"168153","1005","14.66"
"168153","1008","61"
"168154","1003","1.88"
"168154","1004","0.86"
"168154","1005","15.9"
"168154","1008","71"
"168155","1004","0.2"
"168155","1005","10.54"
"168155","1003","0.7"
"168155","1008","30"
"168156","1003","0.42"
"168156","1004","0.07"
"168156","1005","8.42"
"168156","1008","25"
"168157","1003","0.25"
"168157","1004","0.23"
"168157","1005","6.69"
"168157","1008","21"
"168158","1008","317"
"168158","1003","2.5"
"168158","1004","2.5"
"168158","1005","80"
"168159","1004","0.2"
"168159","1005","27.8"
"168159","1008","105"
"168159","1003","0.87"
"168160","1003","3.7"
"168160","1004","0.73"
"168160","1005","89.07"
"168160","1008","339"
"168161","1004","0.24"
"168161","1005","29.7"
"168161","1008","113"
"168161","1003","1.23"
"168162","1005","63.88"
"168162","1008","240"
"168162","1003","2.18"
"168162","1004","0.38"
"168163","1003","0.4"
"168163","1004","0.1"
"168163","1005","15.3"
"168163","1008","57"
"168164","1004","0.2"
"168164","1005","80.02"
"168164","1008","301"
"168164","1003","3.28"
"168165","1003","3.3"
"168165","1004","0.25"
"168165","1005","79.32"
"168165","1008","299"
"168166","1003","2.52"
"168166","1004","0.54"
"168166","1005","78.47"
"168166","1008","296"
"168167","1004","0.21"
"168167","1005","20.87"
"168167","1008","82"
"168167","1003","0.65"
"168168","1004","0.11"
"168168","1005","5.1"
"168168","1008","21"
"168168","1003","0.55"
"168169","1008","116"
"168169","1003","0.39"
"168169","1004","0.05"
"168169","1005","31.2"
"168170","1004","0.64"
"168170","1005","11.31"
"168170","1008","49"
"168170","1003","0.96"
"168171","1003","0.6"
"168171","1004","0.3"
"168171","1005","5.7"
"168171","1008","25"
"168172","1003","0.56"
"168172","1004","0.26"
"168172","1005","23.53"
"168172","1008","92"
"168173","1004","0.11"
"168173","1005","9.13"
"168173","1008","35"
"168173","1003","0.43"
"168174","1003","0.53"
"168174","1004","0.13"
"168174","1005","25.92"
"168174","1008","96"
"168175","1004","0.29"
"168175","1005","23.64"
"168175","1008","94"
"168175","1003","2.06"
"168176","1003","0.71"
"168176","1004","0.42"
"168176","1005","15.21"
"168176","1008","61"
"168177","1003","0.5"
"168177","1004","0.23"
"168177","1005","10.65"
"168177","1008","42"
"168178","1003","0.47"
"168178","1004","0.1"
"168178","1005","18.8"
"168178","1008","70"
"168179","1004","0.4"
"168179","1003","1.04"
"168179","1005","22.66"
"168179","1008","88"
"168180","1005","28.32"
"168180","1008","107"
"168180","1004","0.34"
"168180","1003","0.56"
"168181","1004","0.18"
"168181","1005","18.43"
"168181","1008","72"
"168181","1003","0.52"
"168182","1003","0.24"
"168182","1004","0.18"
"168182","1005","19.08"
"168182","1008","74"
"168183","1004","0.14"
"168183","1003","0.44"
"168183","1005","23.12"
"168183","1008","89"
"168184","1003","0.75"
"168184","1004","0.04"
"168184","1005","9.41"
"168184","1008","38"
"168185","1004","0.51"
"168185","1005","11.93"
"168185","1008","50"
"168185","1003","0.21"
"168186","1003","0.11"
"168186","1004","0.01"
"168186","1005","15.76"
"168186","1008","60"
"168187","1005","12.87"
"168187","1008","53"
"168187","1004","0.12"
"168187","1003","0.36"
"168188","1003","0.51"
"168188","1004","0.37"
"168188","1005","41"
"168188","1008","166"
"168189","1003","0.54"
"168189","1004","0.64"
"168189","1005","7.51"
"168189","1008","37"
"168190","1003","0.36"
"168190","1004","0.14"
"168190","1005","23.94"
"168190","1008","92"
"168191","1004","0.15"
"168191","1003","1.81"
"168191","1005","74.97"
"168191","1008","277"
"168192","1005","27.09"
"168192","1008","147"
"168192","1004","5.33"
"168192","1003","1.47"
"168193","1005","11.82"
"168193","1008","45"
"168193","1003","0.55"
"168193","1004","0.13"
"168194","1005","13.5"
"168194","1008","51"
"168194","1003","0.53"
"168194","1004","0.11"
"168195","1004","0.15"
"168195","1003","0.85"
"168195","1005","12.02"
"168195","1008","47"
"168196","1005","14.93"
"168196","1008","59"
"168196","1004","0.17"
"168196","1003","0.11"
"168197","1003","0.16"
"168197","1004","0.12"
"168197","1005","12.46"
"168197","1008","50"
"168198","1005","12.96"
"168198","1008","52"
"168198","1004","0.12"
"168198","1003","0.17"
"168199","1003","1.5"
"168199","1004","11.81"
"168199","1005","49.17"
"168199","1008","309"
"168200","1004","7.51"
"168200","1005","40.77"
"168200","1008","236"
"168200","1003","1.42"
"168201","1003","0.27"
"168201","1004","0.2"
"168201","1005","14.06"
"168201","1008","59"
"168202","1004","0.15"
"168202","1005","13.6"
"168202","1008","57"
"168202","1003","0.28"
"168203","1003","0.44"
"168203","1004","0.19"
"168203","1005","13.61"
"168203","1008","58"
"168204","1004","0.12"
"168204","1005","13.68"
"168204","1008","57"
"168204","1003","0.25"
"168205","1003","0.36"
"168205","1004","0.14"
"168205","1005","12.18"
"168205","1008","50"
"168206","1004","0"
"168206","1005","16.67"
"168206","1008","71"
"168206","1003","0.42"
"168207","1003","0.37"
"168207","1004","0.13"
"168207","1005","14.77"
"168207","1008","62"
"168208","1003","0.63"
"168208","1004","0.36"
"168208","1005","11.51"
"168208","1008","50"
"168209","1003","1.15"
"168209","1004","0.81"
"168209","1005","12.55"
"168209","1008","56"
"168210","1004","0.07"
"168210","1005","13.3"
"168210","1008","48"
"168210","1003","0.3"
"168211","1003","1.02"
"168211","1004","0.28"
"168211","1005","15.79"
"168211","1008","63"
"168212","1004","0.12"
"168212","1005","10.91"
"168212","1008","45"
"168212","1003","0.27"
"168213","1004","0.32"
"168213","1005","11.05"
"168213","1008","48"
"168213","1003","0.5"
"168214","1003","0.48"
"168214","1004","0.27"
"168214","1005","11.66"
"168214","1008","50"
"168215","1004","0.07"
"168215","1005","36.66"
"168215","1008","152"
"168215","1003","1.25"
"168216","1003","1.09"
"168216","1004","0.08"
"168216","1005","29.15"
"168216","1008","121"
"168217","1003","3.04"
"168217","1004","1.34"
"168217","1005","53.19"
"168217","1008","221"
"168218","1004","60.42"
"168218","1003","10.06"
"168218","1005","0.32"
"168218","1008","585"
"168219","1004","35.07"
"168219","1005","0"
"168219","1008","376"
"168219","1003","13.91"
"168220","1005","0"
"168220","1008","134"
"168220","1003","21.2"
"168220","1004","4.86"
"168221","1003","7.06"
"168221","1004","66.1"
"168221","1008","626"
"168221","1005","0"
"168222","1003","17.43"
"168222","1004","18.87"
"168222","1005","0"
"168222","1008","245"
"168223","1004","17.61"
"168223","1005","0"
"168223","1008","273"
"168223","1003","26.83"
"168224","1003","20.48"
"168224","1004","5.41"
"168224","1005","0"
"168224","1008","136"
"168225","1004","9.44"
"168225","1005","0"
"168225","1008","211"
"168225","1003","29.41"
"168226","1003","19.87"
"168226","1004","11.96"
"168226","1005","0"
"168226","1008","193"
"168227","1004","13.42"
"168227","1005","0"
"168227","1008","232"
"168227","1003","25.96"
"168228","1003","21.66"
"168228","1004","2.95"
"168228","1008","119"
"168228","1005","0"
"168229","1008","175"
"168229","1004","5.83"
"168229","1003","28.69"
"168229","1005","0"
"168230","1004","5.66"
"168230","1005","0"
"168230","1008","143"
"168230","1003","21.43"
"168231","1003","28.57"
"168231","1004","9.12"
"168231","1005","0"
"168231","1008","204"
"168232","1004","9.8"
"168232","1005","0"
"168232","1008","210"
"168232","1003","28.57"
"168233","1003","28.62"
"168233","1004","9.63"
"168233","1005","0"
"168233","1008","209"
"168234","1003","21.22"
"168234","1008","143"
"168234","1004","5.84"
"168234","1005","0"
"168235","1004","11.29"
"168235","1003","28.02"
"168235","1008","222"
"168235","1005","0"
"168236","1003","24.99"
"168236","1004","9.56"
"168236","1008","193"
"168236","1005","0"
"168237","1004","11.89"
"168237","1008","217"
"168237","1003","25.7"
"168237","1005","0"
"168238","1004","9.03"
"168238","1005","0"
"168238","1008","170"
"168238","1003","20.71"
"168239","1004","7.86"
"168239","1008","200"
"168239","1003","30.2"
"168239","1005","0"
"168240","1003","26.76"
"168240","1004","7.29"
"168240","1008","180"
"168240","1005","0"
"168241","1003","28.58"
"168241","1004","7.95"
"168241","1008","194"
"168241","1005","0"
"168242","1003","20.28"
"168242","1004","11.04"
"168242","1005","0"
"168242","1008","186"
"168243","1004","9.32"
"168243","1003","29.03"
"168243","1008","208"
"168243","1005","0"
"168244","1008","186"
"168244","1004","8.36"
"168244","1003","25.79"
"168244","1005","0"
"168245","1003","28.82"
"168245","1004","9.21"
"168245","1008","206"
"168245","1005","0"
"168246","1003","20.48"
"168246","1004","8.96"
"168246","1005","0"
"168246","1008","168"
"168247","1004","5.45"
"168247","1008","174"
"168247","1003","29.29"
"168247","1005","0"
"168248","1004","9.44"
"168248","1003","27.78"
"168248","1008","204"
"168248","1005","0"
"168249","1004","2.17"
"168249","1003","20.95"
"168249","1008","109"
"168249","1005","0"
"168250","1003","26.17"
"168250","1004","3.51"
"168250","1008","143"
"168250","1005","0"
"168251","1004","3.42"
"168251","1003","22.41"
"168251","1008","127"
"168251","1005","0"
"168252","1003","30.54"
"168252","1008","170"
"168252","1004","4.34"
"168252","1005","0"
"168253","1003","27.58"
"168253","1004","6.08"
"168253","1008","173"
"168253","1005","0"
"168254","1004","6.28"
"168254","1003","27.23"
"168254","1008","173"
"168254","1005","0"
"168255","1003","18.71"
"168255","1004","12.51"
"168255","1005","0"
"168255","1008","193"
"168256","1004","14.33"
"168256","1005","0"
"168256","1008","235"
"168256","1003","24.88"
"168257","1003","23.47"
"168257","1004","24.01"
"168257","1005","0"
"168257","1008","317"
"168258","1003","20.26"
"168258","1004","3.77"
"168258","1008","120"
"168258","1005","0"
"168259","1004","18.86"
"168259","1005","0"
"168259","1008","269"
"168259","1003","23.11"
"168260","1004","5.71"
"168260","1003","18.73"
"168260","1008","132"
"168260","1005","0"
"168261","1003","26.57"
"168261","1004","13.2"
"168261","1008","233"
"168261","1005","0"
"168262","1003","26.74"
"168262","1004","12.54"
"168262","1005","0"
"168262","1008","227"
"168263","1003","23.75"
"168263","1004","3.09"
"168263","1005","0"
"168263","1008","123"
"168264","1003","10.28"
"168264","1004","9.21"
"168264","1005","0"
"168264","1008","127"
"168265","1004","9.51"
"168265","1005","0"
"168265","1008","138"
"168265","1003","12.14"
"168266","1004","16.61"
"168266","1005","0"
"168266","1003","7.64"
"168266","1008","182"
"168267","1003","17.27"
"168267","1004","4.36"
"168267","1005","1.33"
"168267","1008","118"
"168268","1004","5.05"
"168268","1005","0.4"
"168268","1008","148"
"168268","1003","23.6"
"168269","1003","6.38"
"168269","1004","69.61"
"168269","1005","0"
"168269","1008","655"
"168270","1004","3.25"
"168270","1005","0"
"168270","1008","100"
"168270","1003","16.46"
"168271","1004","3.1"
"168271","1005","0"
"168271","1008","99"
"168271","1003","16.6"
"168272","1003","15.03"
"168272","1004","26.54"
"168272","1005","0"
"168272","1008","304"
"168273","1004","13.24"
"168273","1005","0"
"168273","1008","199"
"168273","1003","18.56"
"168274","1003","28.5"
"168274","1004","10.8"
"168274","1005","0"
"168274","1008","219"
"168275","1004","17.2"
"168275","1005","0"
"168275","1008","225"
"168275","1003","16.3"
"168276","1003","24.1"
"168276","1004","18.6"
"168276","1005","0"
"168276","1008","271"
"168277","1003","13.66"
"168277","1004","37.13"
"168277","1005","0"
"168277","1008","393"
"168278","1003","11.74"
"168278","1004","37.16"
"168278","1005","0.7"
"168278","1008","388"
"168279","1003","18.49"
"168279","1004","4.56"
"168279","1005","0"
"168279","1008","120"
"168280","1004","4.88"
"168280","1005","0.52"
"168280","1008","136"
"168280","1003","21.16"
"168281","1003","20.53"
"168281","1004","15.2"
"168281","1005","0.42"
"168281","1008","226"
"168282","1004","8.32"
"168282","1003","27.8"
"168282","1005","0.3"
"168282","1008","195"
"168283","1003","20.17"
"168283","1004","12.9"
"168283","1005","0.05"
"168283","1008","203"
"168284","1004","5.5"
"168284","1005","0"
"168284","1008","157"
"168284","1003","25.05"
"168285","1004","4.65"
"168285","1005","0"
"168285","1008","162"
"168285","1003","30.02"
"168286","1003","21.14"
"168286","1004","12.96"
"168286","1005","0"
"168286","1008","201"
"168287","1003","5.05"
"168287","1004","80.5"
"168287","1005","0"
"168287","1008","748"
"168288","1004","21.98"
"168288","1005","0"
"168288","1008","269"
"168288","1003","16.47"
"168289","1003","17.28"
"168289","1004","23.48"
"168289","1005","0.37"
"168289","1008","287"
"168290","1003","21.94"
"168290","1004","16.05"
"168290","1008","238"
"168290","1005","0"
"168291","1003","17.75"
"168291","1004","33.5"
"168291","1005","0"
"168291","1008","378"
"168292","1004","13.32"
"168292","1005","0"
"168292","1008","238"
"168292","1003","27.63"
"168293","1003","26.81"
"168293","1004","15.71"
"168293","1005","0"
"168293","1008","256"
"168294","1003","30.46"
"168294","1004","4.62"
"168294","1008","172"
"168294","1005","0"
"168295","1004","8.39"
"168295","1005","2.28"
"168295","1008","162"
"168295","1003","18.26"
"168296","1005","0.5"
"168296","1003","21.97"
"168296","1008","165"
"168296","1004","7.66"
"168297","1003","26.36"
"168297","1004","13.89"
"168297","1005","0"
"168297","1008","238"
"168298","1004","13.6"
"168298","1005","0"
"168298","1008","229"
"168298","1003","26.68"
"168299","1004","16.33"
"168299","1005","0"
"168299","1008","224"
"168299","1003","19.07"
"168300","1003","23.01"
"168300","1004","21.51"
"168300","1005","0"
"168300","1008","292"
"168301","1003","26.99"
"168301","1004","15.15"
"168301","1005","0"
"168301","1008","252"
"168302","1004","6.48"
"168302","1005","0"
"168302","1008","152"
"168302","1003","21.8"
"168303","1003","27.95"
"168303","1004","10.14"
"168303","1005","0"
"168303","1008","211"
"168304","1004","10.05"
"168304","1005","0"
"168304","1008","216"
"168304","1003","29.46"
"168305","1004","5.64"
"168305","1003","20.76"
"168305","1008","140"
"168305","1005","0"
"168306","1003","27.74"
"168306","1004","14.26"
"168306","1008","247"
"168306","1005","0"
"168307","1004","11.38"
"168307","1008","227"
"168307","1003","29.2"
"168307","1005","0"
"168308","1003","22.49"
"168308","1004","4.05"
"168308","1005","0"
"168308","1008","133"
"168309","1003","28.75"
"168309","1008","163"
"168309","1004","4.5"
"168309","1005","0"
"168310","1008","161"
"168310","1004","4.36"
"168310","1003","28.6"
"168310","1005","0"
"168311","1003","30.39"
"168311","1004","5.31"
"168311","1008","178"
"168311","1005","0"
"168312","1003","20.65"
"168312","1004","3.53"
"168312","1005","0"
"168312","1008","120"
"168313","1004","6.33"
"168313","1005","0"
"168313","1008","187"
"168313","1003","30.42"
"168314","1005","0"
"168314","1008","166"
"168314","1004","8.33"
"168314","1003","21.34"
"168315","1004","4.06"
"168315","1003","22.39"
"168315","1008","132"
"168315","1005","0"
"168316","1003","20.08"
"168316","1004","10.14"
"168316","1005","0"
"168316","1008","177"
"168317","1005","1.82"
"168317","1003","17.21"
"168317","1004","3.8"
"168317","1008","110"
"168318","1005","1.79"
"168318","1004","4.16"
"168318","1003","17.83"
"168318","1008","118"
"168319","1005","0.84"
"168319","1003","18.74"
"168319","1004","9.62"
"168319","1008","167"
"168320","1005","0.76"
"168320","1004","7.18"
"168320","1003","19.02"
"168320","1008","145"
"168321","1004","34.12"
"168321","1005","0.48"
"168321","1008","476"
"168321","1003","39.01"
"168322","1003","33.92"
"168322","1004","35.09"
"168322","1005","1.7"
"168322","1008","468"
"168323","1003","21.4"
"168323","1004","7.26"
"168323","1008","157"
"168323","1005","0.09"
"168324","1003","0.07"
"168324","1008","898"
"168324","1005","0"
"168324","1004","99.5"
"168325","1004","3.63"
"168325","1005","1.35"
"168325","1008","122"
"168325","1003","20.9"
"168326","1003","15.09"
"168326","1004","5.06"
"168326","1008","123"
"168326","1005","4.69"
"168327","1004","5.46"
"168327","1003","13.88"
"168327","1008","123"
"168327","1005","4.61"
"168328","1003","14.07"
"168328","1004","4.86"
"168328","1008","116"
"168328","1005","4.22"
"168329","1003","18.82"
"168329","1004","4.09"
"168329","1005","1.75"
"168329","1008","119"
"168330","1004","4.38"
"168330","1005","0"
"168330","1008","150"
"168330","1003","27.75"
"168331","1003","22.56"
"168331","1004","3.78"
"168331","1008","126"
"168331","1005","1.08"
"168332","1004","4.7"
"168332","1008","131"
"168332","1003","21.28"
"168332","1005","1.15"
"168333","1003","20.95"
"168333","1004","3.16"
"168333","1008","116"
"168333","1005","1.05"
"168334","1004","3.01"
"168334","1003","20.57"
"168334","1005","0.84"
"168334","1008","113"
"168335","1003","19.44"
"168335","1004","3.21"
"168335","1005","1.03"
"168335","1008","111"
"168336","1004","1.87"
"168336","1003","18.65"
"168336","1008","91"
"168336","1005","0.71"
"168337","1003","22.71"
"168337","1008","122"
"168337","1004","3.47"
"168337","1005","0.43"
"168338","1004","3.33"
"168338","1003","25.11"
"168338","1008","130"
"168338","1005","0.3"
"168339","1003","24.34"
"168339","1004","2.87"
"168339","1005","0"
"168339","1008","123"
"168340","1004","3.26"
"168340","1003","19.25"
"168340","1008","109"
"168340","1005","1.22"
"168341","1004","5.75"
"168341","1003","18.66"
"168341","1008","129"
"168341","1005","1.18"
"168342","1003","22.82"
"168342","1004","7.4"
"168342","1005","0.17"
"168342","1008","159"
"168343","1004","11.11"
"168343","1003","22.35"
"168343","1008","191"
"168343","1005","0.32"
"168344","1003","19.7"
"168344","1004","13.26"
"168344","1008","200"
"168344","1005","0.43"
"168345","1008","121"
"168345","1004","5.38"
"168345","1003","17.06"
"168345","1005","1.42"
"168346","1003","15.73"
"168346","1004","10.77"
"168346","1005","1.1"
"168346","1008","164"
"168347","1004","11.02"
"168347","1003","16.65"
"168347","1008","167"
"168347","1005","0.66"
"168348","1003","13.99"
"168348","1004","12.5"
"168348","1005","0.8"
"168348","1008","172"
"168349","1008","126"
"168349","1004","5.48"
"168349","1003","17.77"
"168349","1005","1.54"
"168350","1003","19.46"
"168350","1004","11.48"
"168350","1005","1.15"
"168350","1008","186"
"168351","1004","17.29"
"168351","1005","1.42"
"168351","1008","234"
"168351","1003","18.17"
"168352","1003","19.85"
"168352","1004","7.78"
"168352","1005","1.41"
"168352","1008","155"
"168353","1008","118"
"168353","1003","20.89"
"168353","1004","3.4"
"168353","1005","1.04"
"168354","1004","5.1"
"168354","1003","22.18"
"168354","1005","1.06"
"168354","1008","139"
"168355","1003","20.54"
"168355","1004","3.13"
"168355","1005","0.84"
"168355","1008","114"
"168356","1008","177"
"168356","1003","23.95"
"168356","1004","8.88"
"168356","1005","0.64"
"168357","1004","9.35"
"168357","1003","24.39"
"168357","1005","0.64"
"168357","1008","191"
"168358","1003","21.61"
"168358","1004","9.85"
"168358","1005","0.41"
"168358","1008","177"
"168359","1004","8.48"
"168359","1003","25.48"
"168359","1005","0.7"
"168359","1008","181"
"168360","1003","24.36"
"168360","1004","3.59"
"168360","1005","0"
"168360","1008","130"
"168361","1004","2.09"
"168361","1003","20.39"
"168361","1005","0"
"168361","1008","106"
"168362","1003","27.58"
"168362","1004","12.14"
"168362","1005","0"
"168362","1008","227"
"168363","1004","5.36"
"168363","1005","0.18"
"168363","1008","122"
"168363","1003","18.29"
"168364","1008","170"
"168364","1004","5.73"
"168364","1003","29.65"
"168364","1005","0"
"168365","1004","11.12"
"168365","1005","0.16"
"168365","1008","169"
"168365","1003","17.19"
"168366","1003","25.84"
"168366","1004","16.94"
"168366","1005","0.03"
"168366","1008","263"
"168367","1004","9.38"
"168367","1005","0.52"
"168367","1008","176"
"168367","1003","22.27"
"168368","1004","4.41"
"168368","1003","27.57"
"168368","1005","0"
"168368","1008","158"
"168369","1003","21.65"
"168369","1004","3.91"
"168369","1005","0"
"168369","1008","128"
"168370","1004","2.56"
"168370","1003","31.11"
"168370","1005","0"
"168370","1008","156"
"168371","1003","22.88"
"168371","1004","1.71"
"168371","1005","0"
"168371","1008","113"
"168372","1004","16"
"168372","1005","0.44"
"168372","1008","218"
"168372","1003","17.99"
"168373","1003","22.59"
"168373","1004","31.42"
"168373","1005","1.08"
"168373","1008","377"
"168374","1004","21.39"
"168374","1005","0"
"168374","1008","301"
"168374","1003","27.14"
"168375","1003","31.69"
"168375","1004","6.2"
"168375","1005","0.57"
"168375","1008","185"
"168376","1004","9.84"
"168376","1003","20.85"
"168376","1005","0"
"168376","1008","172"
"168377","1004","17.65"
"168377","1005","0"
"168377","1008","255"
"168377","1003","24.15"
"168378","1003","27.83"
"168378","1004","11.65"
"168378","1005","0"
"168378","1008","216"
"168379","1004","11.38"
"168379","1005","0"
"168379","1008","219"
"168379","1003","29.2"
"168380","1003","24.73"
"168380","1004","11.13"
"168380","1005","0.83"
"168380","1008","202"
"168381","1004","7.94"
"168381","1005","0.76"
"168381","1008","157"
"168381","1003","20.54"
"168382","1003","12.53"
"168382","1004","39.27"
"168382","1008","407"
"168382","1005","0.83"
"168383","1008","146"
"168383","1003","28.31"
"168383","1004","2.78"
"168383","1005","1.8"
"168384","1005","2.1"
"168384","1008","23"
"168384","1003","3.99"
"168384","1004","0.69"
"168385","1005","4.02"
"168385","1008","23"
"168385","1004","0.33"
"168385","1003","2.46"
"168386","1003","2.89"
"168386","1004","0.34"
"168386","1005","11.95"
"168386","1008","53"
"168387","1005","7.75"
"168387","1003","2.63"
"168387","1004","0.43"
"168387","1008","38"
"168388","1008","45"
"168388","1005","9.18"
"168388","1004","0.5"
"168388","1003","3.11"
"168389","1003","2.2"
"168389","1005","3.88"
"168389","1008","20"
"168389","1004","0.12"
"168390","1005","4.11"
"168390","1008","22"
"168390","1004","0.22"
"168390","1003","2.4"
"168391","1003","5.3"
"168391","1004","0.69"
"168391","1005","3.29"
"168391","1008","30"
"168392","1005","6.68"
"168392","1008","34"
"168392","1004","0.2"
"168392","1003","3.6"
"168393","1005","3.7"
"168393","1008","17"
"168393","1003","1"
"168393","1004","0.17"
"168394","1005","4.32"
"168394","1008","19"
"168394","1004","0.18"
"168394","1003","0.84"
"168395","1003","4.83"
"168395","1004","0.58"
"168395","1005","4.72"
"168395","1008","33"
"168396","1005","20.17"
"168396","1008","113"
"168396","1004","0.86"
"168396","1003","6.84"
"168397","1008","64"
"168397","1003","2.18"
"168397","1004","1.43"
"168397","1005","13.02"
"168398","1004","0.78"
"168398","1005","20.71"
"168398","1008","88"
"168398","1003","3.02"
"168399","1003","2.55"
"168399","1004","0.67"
"168399","1005","19.3"
"168399","1008","81"
"168400","1003","3.28"
"168400","1008","98"
"168400","1004","0.78"
"168400","1005","23.5"
"168401","1008","94"
"168401","1004","0.74"
"168401","1005","22.33"
"168401","1003","3.11"
"168402","1005","20.32"
"168402","1008","97"
"168402","1004","0.38"
"168402","1003","3.17"
"168403","1003","8.98"
"168403","1004","0.7"
"168403","1005","25.13"
"168403","1008","139"
"168404","1008","132"
"168404","1004","0.66"
"168404","1003","8.49"
"168404","1005","23.76"
"168405","1003","3.3"
"168405","1004","0.3"
"168405","1005","9.5"
"168405","1008","44"
"168406","1008","22"
"168406","1004","0.1"
"168406","1005","2.8"
"168406","1003","4.67"
"168407","1005","5.5"
"168407","1008","32"
"168407","1003","2.6"
"168407","1004","0.7"
"168408","1005","3.8"
"168408","1008","23"
"168408","1004","0.6"
"168408","1003","1.9"
"168409","1005","3.63"
"168409","1008","15"
"168409","1004","0.11"
"168409","1003","0.65"
"168410","1004","4.73"
"168410","1003","11.22"
"168410","1005","7.61"
"168410","1008","109"
"168411","1004","5.2"
"168411","1005","8.91"
"168411","1008","121"
"168411","1003","11.91"
"168412","1008","17"
"168412","1004","0.2"
"168412","1003","1.25"
"168412","1005","3.35"
"168413","1008","15"
"168413","1003","1.15"
"168413","1004","0.18"
"168413","1005","3.07"
"168414","1003","1.2"
"168414","1008","20"
"168414","1004","0.2"
"168414","1005","4.35"
"168415","1004","0.34"
"168415","1005","14.34"
"168415","1008","56"
"168415","1003","0.66"
"168416","1003","9.4"
"168416","1004","1.4"
"168416","1005","8.28"
"168416","1008","64"
"168417","1005","11.15"
"168417","1008","60"
"168417","1004","0.93"
"168417","1003","5.27"
"168418","1005","81.03"
"168418","1008","298"
"168418","1003","4.82"
"168418","1004","0.44"
"168419","1004","0.25"
"168419","1005","5.8"
"168419","1008","34"
"168419","1003","4.65"
"168420","1005","7.29"
"168420","1008","37"
"168420","1003","3.68"
"168420","1004","0.2"
"168421","1003","2.92"
"168421","1004","1.49"
"168421","1005","4.42"
"168421","1008","35"
"168422","1008","32"
"168422","1003","1.49"
"168422","1004","0.53"
"168422","1005","6.86"
"168423","1004","0.57"
"168423","1003","3.12"
"168423","1005","5.1"
"168423","1008","31"
"168424","1008","27"
"168424","1004","0.1"
"168424","1003","1.7"
"168424","1005","6.2"
"168425","1008","29"
"168425","1003","1.8"
"168425","1004","0.11"
"168425","1005","6.69"
"168426","1003","0.81"
"168426","1004","0.2"
"168426","1005","7.62"
"168426","1008","31"
"168427","1004","0.55"
"168427","1005","22.14"
"168427","1008","106"
"168427","1003","8.96"
"168428","1003","8.8"
"168428","1004","0.45"
"168428","1005","21.25"
"168428","1008","101"
"168429","1005","2.23"
"168429","1008","13"
"168429","1003","1.35"
"168429","1004","0.22"
"168430","1005","16.02"
"168430","1008","66"
"168430","1003","1.58"
"168430","1004","0.07"
"168431","1008","13"
"168431","1005","2.26"
"168431","1004","0.22"
"168431","1003","1.33"
"168432","1004","0.1"
"168432","1008","67"
"168432","1003","1.34"
"168432","1005","16.3"
"168433","1003","1.73"
"168433","1004","0.08"
"168433","1005","20"
"168433","1008","82"
"168434","1005","4.3"
"168434","1008","22"
"168434","1003","2.5"
"168434","1004","0.1"
"168435","1005","7.68"
"168435","1008","39"
"168435","1003","3.45"
"168435","1004","0.35"
"168436","1005","75.37"
"168436","1008","296"
"168436","1003","9.58"
"168436","1004","0.99"
"168437","1005","14.39"
"168437","1008","56"
"168437","1004","0.22"
"168437","1003","1.56"
"168438","1003","2.2"
"168438","1004","0.3"
"168438","1005","3.9"
"168438","1008","22"
"168439","1004","0.2"
"168439","1005","2.8"
"168439","1008","16"
"168439","1003","1.7"
"168440","1003","1.5"
"168440","1004","0.2"
"168440","1005","2.5"
"168440","1008","14"
"168441","1004","0.17"
"168441","1008","12"
"168441","1003","1.3"
"168441","1005","2.13"
"168442","1003","2.24"
"168442","1004","4.66"
"168442","1005","24.81"
"168442","1008","147"
"168443","1004","2.2"
"168443","1003","2.7"
"168443","1005","25.46"
"168443","1008","129"
"168444","1008","130"
"168444","1003","2.19"
"168444","1004","3.39"
"168444","1005","23.51"
"168445","1008","148"
"168445","1004","3.76"
"168445","1005","26.98"
"168445","1003","2.57"
"168446","1005","83.1"
"168446","1008","357"
"168446","1003","6.9"
"168446","1004","0.34"
"168447","1005","3.39"
"168447","1008","21"
"168447","1003","2.72"
"168447","1004","0.22"
"168448","1005","6.5"
"168448","1008","26"
"168448","1004","0.1"
"168448","1003","1"
"168449","1005","4.9"
"168449","1008","20"
"168449","1003","0.72"
"168449","1004","0.07"
"168450","1005","8.09"
"168450","1008","34"
"168450","1003","1.1"
"168450","1004","0.28"
"168451","1005","4.1"
"168451","1008","18"
"168451","1003","0.6"
"168451","1004","0.1"
"168452","1005","3.43"
"168452","1008","17"
"168452","1004","0.24"
"168452","1003","0.67"
"168453","1003","7.9"
"168453","1004","0.72"
"168453","1005","63.37"
"168453","1008","271"
"168454","1003","1.08"
"168454","1004","0.16"
"168454","1005","8.62"
"168454","1008","37"
"168455","1004","0.18"
"168455","1005","6.84"
"168455","1008","30"
"168455","1003","0.93"
"168456","1005","12.29"
"168456","1008","49"
"168456","1004","0.16"
"168456","1003","1.51"
"168457","1005","9.57"
"168457","1008","43"
"168457","1003","1.68"
"168457","1004","0.56"
"168458","1005","5.11"
"168458","1008","35"
"168458","1004","0.28"
"168458","1003","5.81"
"168459","1003","1.28"
"168459","1004","0.04"
"168459","1005","6.73"
"168459","1008","27"
"168460","1008","81"
"168460","1005","6.53"
"168460","1004","4.45"
"168460","1003","8.47"
"168461","1003","13.1"
"168461","1004","7.1"
"168461","1005","9.4"
"168461","1008","125"
"168462","1003","2.86"
"168462","1004","0.39"
"168462","1005","3.63"
"168462","1008","23"
"168463","1005","3.75"
"168463","1004","0.26"
"168463","1003","2.97"
"168463","1008","23"
"168464","1004","0.27"
"168464","1005","3.88"
"168464","1008","19"
"168464","1003","1.01"
"168465","1008","19"
"168465","1003","1.04"
"168465","1004","0.39"
"168465","1005","3.79"
"168466","1005","2.96"
"168466","1008","13"
"168466","1003","0.61"
"168466","1004","0.07"
"168467","1004","0.14"
"168467","1005","4.8"
"168467","1008","20"
"168467","1003","0.83"
"168468","1005","5.54"
"168468","1008","25"
"168468","1003","1.28"
"168468","1004","0.2"
"168469","1005","3.58"
"168469","1004","0.13"
"168469","1008","17"
"168469","1003","1.16"
"168470","1003","1.15"
"168470","1004","0.13"
"168470","1005","3.56"
"168470","1008","17"
"168471","1004","0.11"
"168471","1005","6.85"
"168471","1008","29"
"168471","1003","1.03"
"168472","1005","10.42"
"168472","1008","40"
"168472","1003","0.8"
"168472","1004","0.1"
"168473","1005","14.41"
"168473","1008","57"
"168473","1004","0.1"
"168473","1003","1.76"
"168474","1003","1.23"
"168474","1004","0.07"
"168474","1005","10.05"
"168474","1008","39"
"168475","1005","8.7"
"168475","1008","40"
"168475","1004","0.5"
"168475","1003","2"
"168476","1003","2.48"
"168476","1004","0.62"
"168476","1005","10.81"
"168476","1008","50"
"168477","1004","0.8"
"168477","1005","24.38"
"168477","1008","115"
"168477","1003","5.07"
"168478","1003","2.64"
"168478","1004","0.54"
"168478","1005","17.61"
"168478","1008","77"
"168479","1004","0.49"
"168479","1005","13.98"
"168479","1008","63"
"168479","1003","2.6"
"168480","1003","4.31"
"168480","1004","0.89"
"168480","1005","19.94"
"168480","1008","93"
"168481","1005","19.95"
"168481","1008","93"
"168481","1004","0.89"
"168481","1003","4.31"
"168482","1005","20.12"
"168482","1008","86"
"168482","1004","0.05"
"168482","1003","1.57"
"168483","1005","20.71"
"168483","1008","90"
"168483","1004","0.15"
"168483","1003","2.01"
"168484","1005","17.72"
"168484","1008","76"
"168484","1003","1.37"
"168484","1004","0.14"
"168485","1005","21.12"
"168485","1008","91"
"168485","1003","1.65"
"168485","1004","0.2"
"168486","1008","142"
"168486","1004","0.11"
"168486","1003","0.52"
"168486","1005","34.6"
"168487","1005","6.7"
"168487","1008","42"
"168487","1003","4.98"
"168487","1004","0.74"
"168488","1004","0.41"
"168488","1005","4.02"
"168488","1008","24"
"168488","1003","2.72"
"168489","1003","0.92"
"168489","1004","0.09"
"168489","1005","2.32"
"168489","1008","11"
"168490","1005","13.39"
"168490","1008","65"
"168490","1004","0.2"
"168490","1003","4.24"
"168491","1003","3.36"
"168491","1004","0.56"
"168491","1005","3.01"
"168491","1008","24"
"168492","1003","2.11"
"168492","1004","0.18"
"168492","1005","4.11"
"168492","1008","21"
"168493","1004","0.1"
"168493","1005","16.14"
"168493","1008","78"
"168493","1003","4.49"
"168494","1004","0.42"
"168494","1003","2.95"
"168494","1005","1.92"
"168494","1008","18"
"168495","1005","6.16"
"168495","1008","32"
"168495","1003","3.6"
"168495","1004","0.2"
"168496","1005","4.32"
"168496","1008","19"
"168496","1004","0.18"
"168496","1003","0.84"
"168497","1005","1.52"
"168497","1008","11"
"168497","1003","1.53"
"168497","1004","0.22"
"168498","1005","19.32"
"168498","1008","103"
"168498","1004","0.34"
"168498","1003","6.07"
"168499","1005","3.6"
"168499","1008","19"
"168499","1003","2.03"
"168499","1004","0.09"
"168500","1005","15.01"
"168500","1008","78"
"168500","1004","0.81"
"168500","1003","7.07"
"168501","1003","9.31"
"168501","1004","0.48"
"168501","1008","162"
"168501","1005","30.87"
"168502","1003","0.8"
"168502","1005","3.5"
"168502","1008","15"
"168502","1004","0.1"
"168503","1004","0.1"
"168503","1005","3.5"
"168503","1008","15"
"168503","1003","0.8"
"168504","1003","0.8"
"168504","1004","0.1"
"168504","1005","3.5"
"168504","1008","15"
"168505","1003","1.12"
"168505","1004","0.46"
"168505","1005","4.32"
"168505","1008","22"
"168506","1005","9.96"
"168506","1008","44"
"168506","1003","1.68"
"168506","1004","0.18"
"168507","1005","6.57"
"168507","1008","28"
"168507","1004","0.07"
"168507","1003","0.8"
"168508","1008","27"
"168508","1005","5.46"
"168508","1003","2.57"
"168508","1004","0.2"
"168509","1004","0.81"
"168509","1005","3.55"
"168509","1008","25"
"168509","1003","2.09"
"168510","1004","0.41"
"168510","1005","7.18"
"168510","1008","35"
"168510","1003","2.38"
"168511","1005","5.35"
"168511","1008","28"
"168511","1003","3.1"
"168511","1004","0.12"
"168512","1004","0.11"
"168512","1005","5.35"
"168512","1008","28"
"168512","1003","3.1"
"168513","1003","2.55"
"168513","1004","0.5"
"168513","1005","7.1"
"168513","1008","36"
"168514","1003","1.27"
"168514","1004","0.06"
"168514","1005","5.51"
"168514","1008","23"
"168515","1003","1.51"
"168515","1004","0.09"
"168515","1005","6.94"
"168515","1008","29"
"168516","1003","1.8"
"168516","1004","0.09"
"168516","1005","5.41"
"168516","1008","24"
"168517","1005","1.78"
"168517","1008","12"
"168517","1004","0.16"
"168517","1003","1.56"
"168518","1008","25"
"168518","1004","0.19"
"168518","1005","5.54"
"168518","1003","0.64"
"168519","1003","0.58"
"168519","1004","0.68"
"168519","1005","7.73"
"168519","1008","37"
"168520","1005","4.11"
"168520","1008","23"
"168520","1003","1.84"
"168520","1004","0.45"
"168521","1005","3.16"
"168521","1008","17"
"168521","1003","1.61"
"168521","1004","0.22"
"168522","1008","20"
"168522","1005","4.31"
"168522","1003","1.64"
"168522","1004","0.09"
"168523","1003","2.71"
"168523","1004","0.72"
"168523","1005","5.65"
"168523","1008","33"
"168524","1005","7.1"
"168524","1008","36"
"168524","1003","2.97"
"168524","1004","0.41"
"168525","1003","3.41"
"168525","1004","1.5"
"168525","1005","20.98"
"168525","1008","96"
"168526","1005","19.73"
"168526","1008","94"
"168526","1004","0.38"
"168526","1003","3.17"
"168527","1004","0.66"
"168527","1005","23.5"
"168527","1008","131"
"168527","1003","8.49"
"168528","1004","0.3"
"168528","1005","7"
"168528","1008","34"
"168528","1003","2.6"
"168529","1003","4.67"
"168529","1004","0.1"
"168529","1005","2.8"
"168529","1008","22"
"168530","1004","0.34"
"168530","1003","0.66"
"168530","1005","13.75"
"168530","1008","54"
"168531","1005","11.15"
"168531","1008","60"
"168531","1003","5.27"
"168531","1004","0.93"
"168532","1004","0.19"
"168532","1005","8.18"
"168532","1008","36"
"168532","1003","2.09"
"168533","1005","9.2"
"168533","1008","50"
"168533","1003","2.95"
"168533","1004","0.27"
"168534","1008","32"
"168534","1005","5"
"168534","1004","0.7"
"168534","1003","3.2"
"168535","1005","7.62"
"168535","1003","0.81"
"168535","1004","0.2"
"168535","1008","31"
"168536","1005","16.02"
"168536","1008","66"
"168536","1004","0.07"
"168536","1003","1.58"
"168537","1003","2.17"
"168537","1004","0.47"
"168537","1005","5.29"
"168537","1008","28"
"168538","1005","19.02"
"168538","1008","86"
"168538","1003","3.22"
"168538","1004","1.18"
"168539","1004","1.41"
"168539","1005","21.71"
"168539","1008","97"
"168539","1003","3.34"
"168540","1003","3.34"
"168540","1004","1.41"
"168540","1005","21.71"
"168540","1008","97"
"168541","1005","15.41"
"168541","1008","64"
"168541","1003","1.95"
"168541","1004","0.5"
"168542","1005","19.44"
"168542","1008","79"
"168542","1003","2.41"
"168542","1004","0.5"
"168543","1005","19.44"
"168543","1008","79"
"168543","1004","0.5"
"168543","1003","2.41"
"168544","1008","88"
"168544","1005","20.73"
"168544","1003","3.02"
"168544","1004","0.77"
"168545","1005","19.56"
"168545","1008","80"
"168545","1004","0.43"
"168545","1003","2.75"
"168546","1003","0.8"
"168546","1004","0.3"
"168546","1005","3.9"
"168546","1008","18"
"168547","1005","4.45"
"168547","1004","0.21"
"168547","1003","1.08"
"168547","1008","20"
"168548","1003","0.95"
"168548","1004","0.18"
"168548","1005","3.31"
"168548","1008","16"
"168549","1005","3.31"
"168549","1008","16"
"168549","1004","0.18"
"168549","1003","0.95"
"168550","1005","6.57"
"168550","1008","133"
"168550","1004","12.75"
"168550","1003","1.04"
"168551","1005","21.25"
"168551","1008","101"
"168551","1003","8.8"
"168551","1004","0.45"
"168552","1003","1.73"
"168552","1005","19.99"
"168552","1008","82"
"168552","1004","0.08"
"168553","1005","10.78"
"168553","1008","40"
"168553","1003","0.29"
"168553","1004","0.07"
"168554","1004","4.93"
"168554","1005","14.4"
"168554","1008","108"
"168554","1003","2.05"
"168555","1004","4.22"
"168555","1005","16.81"
"168555","1008","113"
"168555","1003","1.86"
"168556","1003","1.04"
"168556","1004","0.1"
"168556","1005","27.4"
"168556","1008","101"
"168557","1003","2.5"
"168557","1004","0.1"
"168557","1005","4.3"
"168557","1008","22"
"168558","1004","0.3"
"168558","1005","2.41"
"168558","1003","0.5"
"168558","1008","12"
"168559","1005","5.1"
"168559","1008","23"
"168559","1004","0.3"
"168559","1003","1.1"
"168560","1003","1.5"
"168560","1004","0.46"
"168560","1005","23.35"
"168560","1008","91"
"168561","1004","0.47"
"168561","1003","0.37"
"168561","1005","35.06"
"168561","1008","130"
"168562","1003","0.33"
"168562","1004","0.2"
"168562","1005","2.26"
"168562","1008","11"
"168563","1008","12"
"168563","1003","0.5"
"168563","1004","0.3"
"168563","1005","2.41"
"168564","1005","4.48"
"168564","1008","23"
"168564","1004","0.25"
"168564","1003","1.43"
"168565","1005","3.11"
"168565","1008","21"
"168565","1003","2.71"
"168565","1004","0.4"
"168566","1005","5.84"
"168566","1008","32"
"168566","1004","1.02"
"168566","1003","0.96"
"168567","1005","55.76"
"168567","1008","258"
"168567","1003","14.11"
"168567","1004","2.97"
"168568","1005","8.24"
"168568","1008","35"
"168568","1003","0.64"
"168568","1004","0.13"
"168569","1003","2.52"
"168569","1004","0.62"
"168569","1005","4.62"
"168569","1008","28"
"168570","1005","69.86"
"168570","1008","324"
"168570","1004","5.81"
"168570","1003","10.58"
"168571","1004","0.09"
"168571","1003","1.32"
"168571","1005","3.33"
"168571","1008","16"
"168572","1005","2.23"
"168572","1004","0.17"
"168572","1003","1.1"
"168572","1008","12"
"168573","1005","25.31"
"168573","1008","99"
"168573","1003","1.82"
"168573","1004","0.49"
"168574","1005","17.63"
"168574","1008","88"
"168574","1004","0.73"
"168574","1003","7.92"
"168575","1003","5.6"
"168575","1005","17.31"
"168575","1008","93"
"168575","1004","2.12"
"168576","1003","0.91"
"168576","1004","0.37"
"168576","1005","6.5"
"168576","1008","29"
"168577","1004","0.27"
"168577","1005","4.6"
"168577","1008","21"
"168577","1003","0.72"
"168578","1005","6.7"
"168578","1003","0.8"
"168578","1004","0.41"
"168578","1008","29"
"168579","1004","15.85"
"168579","1005","51.13"
"168579","1008","345"
"168579","1003","12.35"
"168580","1003","3.31"
"168580","1004","0.41"
"168580","1005","6.09"
"168580","1008","33"
"168581","1005","73.01"
"168581","1008","284"
"168581","1004","0.73"
"168581","1003","9.25"
"168582","1005","4.64"
"168582","1008","32"
"168582","1003","3.83"
"168582","1004","0.68"
"168583","1004","0.63"
"168583","1005","23.54"
"168583","1008","109"
"168583","1003","4.8"
"168584","1005","5.74"
"168584","1008","34"
"168584","1004","0.35"
"168584","1003","4.31"
"168585","1004","69.08"
"168585","1005","21.52"
"168585","1008","684"
"168585","1003","5.3"
"168586","1003","2.88"
"168586","1004","35.49"
"168586","1005","47.67"
"168586","1008","501"
"168587","1004","4.6"
"168587","1005","58.26"
"168587","1008","318"
"168587","1003","12.14"
"168588","1004","55.5"
"168588","1003","20.96"
"168588","1005","18.82"
"168588","1008","614"
"168589","1004","0.19"
"168589","1005","12.64"
"168589","1008","56"
"168589","1003","0.82"
"168590","1003","2.97"
"168590","1004","0.8"
"168590","1005","45.13"
"168590","1008","201"
"168591","1004","0.53"
"168591","1005","17.28"
"168591","1008","89"
"168591","1003","4.13"
"168592","1003","18.17"
"168592","1004","49.9"
"168592","1005","27.9"
"168592","1008","594"
"168593","1003","20.06"
"168593","1004","51.3"
"168593","1005","22.89"
"168593","1008","592"
"168594","1004","56.8"
"168594","1005","20.59"
"168594","1008","619"
"168594","1003","17.21"
"168595","1003","17.28"
"168595","1004","55.2"
"168595","1005","23.32"
"168595","1008","617"
"168596","1004","52.54"
"168596","1005","21.01"
"168596","1008","598"
"168596","1003","20.96"
"168597","1003","12.12"
"168597","1004","53.03"
"168597","1005","30.3"
"168597","1008","609"
"168598","1005","12.83"
"168598","1008","716"
"168598","1004","76.08"
"168598","1003","7.79"
"168599","1003","17.3"
"168599","1004","51.45"
"168599","1005","25.35"
"168599","1008","594"
"168600","1003","20.04"
"168600","1004","53.95"
"168600","1005","21.05"
"168600","1008","607"
"168601","1003","18.55"
"168601","1004","19.4"
"168601","1005","53.75"
"168601","1008","446"
"168602","1003","21.23"
"168602","1004","55.17"
"168602","1005","17.68"
"168602","1008","607"
"168603","1003","20.96"
"168603","1004","55.5"
"168603","1005","18.82"
"168603","1008","614"
"168604","1004","53.01"
"168604","1003","17.4"
"168604","1005","21.5"
"168604","1008","592"
"168605","1003","8.21"
"168605","1004","70.89"
"168605","1005","0"
"168605","1008","674"
"168606","1004","70.33"
"168606","1008","680"
"168606","1003","10.65"
"168606","1005","0"
"168607","1003","20.72"
"168607","1004","7.37"
"168607","1005","0.6"
"168607","1008","157"
"168608","1004","12.73"
"168608","1005","0"
"168608","1003","19.42"
"168608","1008","198"
"168609","1005","0"
"168609","1008","149"
"168609","1003","21.72"
"168609","1004","6.29"
"168610","1003","28.02"
"168610","1004","13"
"168610","1005","0"
"168610","1008","237"
"168611","1003","27.82"
"168611","1004","8.32"
"168611","1005","0"
"168611","1008","194"
"168612","1003","17.51"
"168612","1004","22.07"
"168612","1005","0"
"168612","1008","274"
"168613","1004","41.98"
"168613","1005","0"
"168613","1008","471"
"168613","1003","21.57"
"168614","1003","19.05"
"168614","1004","10.19"
"168614","1005","0.4"
"168614","1008","175"
"168615","1004","18.13"
"168615","1005","0"
"168615","1008","295"
"168615","1003","30.76"
"168616","1003","29.21"
"168616","1004","7.31"
"168616","1005","0"
"168616","1008","191"
"168617","1004","5.22"
"168617","1005","0"
"168617","1008","172"
"168617","1003","29.25"
"168618","1003","27.65"
"168618","1008","221"
"168618","1004","11.36"
"168618","1005","0"
"168619","1008","160"
"168619","1003","22.1"
"168619","1004","7.27"
"168619","1005","0"
"168620","1003","27.48"
"168620","1008","217"
"168620","1004","11.05"
"168620","1005","0"
"168621","1004","6.57"
"168621","1005","0"
"168621","1008","149"
"168621","1003","21.17"
"168622","1004","10.3"
"168622","1003","10.86"
"168622","1005","1.05"
"168622","1008","143"
"168623","1003","12.57"
"168623","1004","15.83"
"168623","1005","0"
"168623","1008","196"
"168624","1003","11.67"
"168624","1004","10.53"
"168624","1008","151"
"168624","1005","1.48"
"168625","1004","3.94"
"168625","1003","17.72"
"168625","1005","0.14"
"168625","1008","112"
"168626","1003","29.08"
"168626","1004","5.26"
"168626","1005","5.13"
"168626","1008","191"
"168627","1004","4.68"
"168627","1003","26.52"
"168627","1005","5.16"
"168627","1008","175"
"168628","1003","16.2"
"168628","1004","2.5"
"168628","1005","0"
"168628","1008","92"
"168629","1004","3.7"
"168629","1005","0"
"168629","1008","120"
"168629","1003","20.4"
"168630","1003","14.97"
"168630","1004","23.52"
"168630","1005","0"
"168630","1008","276"
"168631","1003","29.16"
"168631","1004","9.12"
"168631","1008","207"
"168631","1005","0"
"168632","1005","0"
"168632","1003","29.53"
"168632","1008","202"
"168632","1004","8.41"
"168633","1005","0"
"168633","1004","8.8"
"168633","1003","29.65"
"168633","1008","206"
"168634","1008","183"
"168634","1004","5.79"
"168634","1005","0"
"168634","1003","30.55"
"168635","1005","0"
"168635","1003","30.29"
"168635","1004","6.55"
"168635","1008","188"
"168636","1005","0"
"168636","1004","5.03"
"168636","1003","30.8"
"168636","1008","177"
"168637","1003","28.16"
"168637","1004","10.32"
"168637","1008","213"
"168637","1005","0"
"168638","1003","26.07"
"168638","1004","11.18"
"168638","1005","0"
"168638","1008","212"
"168639","1008","224"
"168639","1003","25.51"
"168639","1004","12.8"
"168639","1005","0"
"168640","1004","5.41"
"168640","1008","145"
"168640","1003","22.61"
"168640","1005","0"
"168641","1003","28.92"
"168641","1004","8.76"
"168641","1008","203"
"168641","1005","0"
"168642","1004","6.5"
"168642","1008","153"
"168642","1003","22.22"
"168642","1005","0"
"168643","1003","27.86"
"168643","1004","10.37"
"168643","1008","212"
"168643","1005","0"
"168644","1008","198"
"168644","1003","25.98"
"168644","1004","9.61"
"168644","1005","0"
"168645","1004","5.34"
"168645","1008","144"
"168645","1003","22.41"
"168645","1005","0"
"168646","1003","20.16"
"168646","1004","7.73"
"168646","1005","0"
"168646","1008","156"
"168647","1004","6.28"
"168647","1005","0"
"168647","1003","20.8"
"168647","1008","145"
"168648","1003","29.93"
"168648","1004","6.05"
"168648","1005","0"
"168648","1008","182"
"168649","1005","0"
"168649","1003","30.09"
"168649","1008","162"
"168649","1004","3.77"
"168650","1008","238"
"168650","1003","22.86"
"168650","1004","15.54"
"168650","1005","0"
"168651","1003","25.38"
"168651","1008","277"
"168651","1004","18.66"
"168651","1005","0"
"168652","1008","332"
"168652","1003","14.35"
"168652","1004","30"
"168652","1005","0"
"168653","1003","19.71"
"168653","1004","8.54"
"168653","1005","0.21"
"168653","1008","157"
"168654","1004","9.23"
"168654","1005","0"
"168654","1008","196"
"168654","1003","28.15"
"168655","1003","20.39"
"168655","1004","5.73"
"168655","1005","0"
"168655","1008","133"
"168656","1004","5.11"
"168656","1005","0"
"168656","1008","132"
"168656","1003","21.47"
"168657","1003","21.28"
"168657","1004","5.75"
"168657","1005","0"
"168657","1008","137"
"168658","1004","4.14"
"168658","1005","0"
"168658","1008","124"
"168658","1003","21.74"
"168659","1003","27.51"
"168659","1004","12.26"
"168659","1005","0"
"168659","1008","220"
"168660","1004","11.48"
"168660","1005","0"
"168660","1008","180"
"168660","1003","19.18"
"168661","1003","19.14"
"168661","1004","12.02"
"168661","1005","0"
"168661","1008","185"
"168662","1004","10.67"
"168662","1005","0"
"168662","1008","173"
"168662","1003","19.25"
"168663","1003","26.06"
"168663","1004","15.09"
"168663","1005","0"
"168663","1008","245"
"168664","1005","0.56"
"168664","1008","253"
"168664","1003","18.42"
"168664","1004","19.06"
"168665","1004","24.5"
"168665","1005","0"
"168665","1008","331"
"168665","1003","25.85"
"168666","1004","22.18"
"168666","1003","17.94"
"168666","1008","277"
"168666","1005","0"
"168667","1003","30.12"
"168667","1004","19.22"
"168667","1008","302"
"168667","1005","0"
"168668","1003","19.14"
"168668","1004","18.57"
"168668","1008","249"
"168668","1005","0"
"168669","1003","30.2"
"168669","1004","19.93"
"168669","1008","309"
"168669","1005","0"
"168670","1004","17.39"
"168670","1003","19.33"
"168670","1008","239"
"168670","1005","0"
"168671","1004","27.26"
"168671","1005","0"
"168671","1008","359"
"168671","1003","26.37"
"168672","1005","0"
"168672","1008","230"
"168672","1003","17.37"
"168672","1004","17.33"
"168673","1004","22.35"
"168673","1005","0"
"168673","1008","318"
"168673","1003","27.33"
"168674","1004","8.46"
"168674","1005","0"
"168674","1008","183"
"168674","1003","26.65"
"168675","1004","27.93"
"168675","1005","0"
"168675","1008","322"
"168675","1003","16.34"
"168676","1003","22.26"
"168676","1004","28.5"
"168676","1005","0"
"168676","1008","352"
"168677","1008","365"
"168677","1004","29.79"
"168677","1005","0"
"168677","1003","22.6"
"168678","1003","16.75"
"168678","1004","23.95"
"168678","1005","0"
"168678","1008","288"
"168679","1004","33.7"
"168679","1005","0"
"168679","1008","400"
"168679","1003","22.57"
"168680","1003","16.26"
"168680","1004","27.29"
"168680","1005","0"
"168680","1008","316"
"168681","1004","27.22"
"168681","1005","0"
"168681","1008","338"
"168681","1003","21.55"
"168682","1008","355"
"168682","1003","23.01"
"168682","1004","28.51"
"168682","1005","0"
"168683","1004","25.71"
"168683","1005","0"
"168683","1008","324"
"168683","1003","21.55"
"168684","1003","23.4"
"168684","1004","25.84"
"168684","1005","0"
"168684","1008","333"
"168685","1004","33.26"
"168685","1005","0"
"168685","1008","367"
"168685","1003","15.77"
"168686","1003","20.65"
"168686","1004","34.97"
"168686","1005","0"
"168686","1008","404"
"168687","1004","32.74"
"168687","1005","0"
"168687","1008","393"
"168687","1003","22.86"
"168688","1003","24.53"
"168688","1004","22.09"
"168688","1008","304"
"168688","1005","0"
"168689","1004","29.21"
"168689","1005","0"
"168689","1008","359"
"168689","1003","22.28"
"168690","1003","19.56"
"168690","1004","18"
"168690","1008","246"
"168690","1005","0"
"168691","1004","18"
"168691","1003","27.17"
"168691","1008","278"
"168691","1005","0"
"168692","1003","27.7"
"168692","1004","9.29"
"168692","1005","0"
"168692","1008","194"
"168693","1004","7.25"
"168693","1005","0"
"168693","1008","146"
"168693","1003","20.16"
"168694","1005","0"
"168694","1008","195"
"168694","1003","20.56"
"168694","1004","11.92"
"168695","1004","12.98"
"168695","1005","0"
"168695","1008","235"
"168695","1003","27.54"
"168696","1004","11.64"
"168696","1003","26.41"
"168696","1008","218"
"168696","1005","0"
"168697","1003","20.71"
"168697","1004","12.15"
"168697","1008","198"
"168697","1005","0"
"168698","1008","254"
"168698","1004","12.56"
"168698","1003","32.85"
"168698","1005","0"
"168699","1004","12.44"
"168699","1003","26.05"
"168699","1008","223"
"168699","1005","0"
"168700","1004","10.93"
"168700","1003","20.68"
"168700","1008","187"
"168700","1005","0"
"168701","1004","8.91"
"168701","1003","21.68"
"168701","1008","173"
"168701","1005","0"
"168702","1004","10.05"
"168702","1003","28.48"
"168702","1008","212"
"168702","1005","0"
"168703","1003","21.3"
"168703","1004","7.57"
"168703","1005","0.08"
"168703","1008","160"
"168704","1004","9.26"
"168704","1003","28.13"
"168704","1008","204"
"168704","1005","0"
"168705","1004","10.39"
"168705","1005","0"
"168705","1008","178"
"168705","1003","19.74"
"168706","1003","27.63"
"168706","1004","10.24"
"168706","1005","0"
"168706","1008","210"
"168707","1004","7.94"
"168707","1005","0"
"168707","1008","152"
"168707","1003","20.07"
"168708","1003","33.93"
"168708","1004","8.33"
"168708","1005","2.03"
"168708","1008","228"
"168709","1004","11.61"
"168709","1005","0"
"168709","1008","250"
"168709","1003","34.09"
"168710","1004","10.27"
"168710","1003","30.7"
"168710","1008","224"
"168710","1005","0"
"168711","1004","13.83"
"168711","1005","0"
"168711","1008","266"
"168711","1003","32.99"
"168712","1003","22.18"
"168712","1004","7.68"
"168712","1008","164"
"168712","1005","0"
"168713","1004","8.54"
"168713","1005","0"
"168713","1008","225"
"168713","1003","34.6"
"168714","1003","20.32"
"168714","1004","9.29"
"168714","1005","0"
"168714","1008","165"
"168715","1008","218"
"168715","1004","14.58"
"168715","1003","20.36"
"168715","1005","0"
"168716","1003","24.85"
"168716","1004","19.78"
"168716","1008","284"
"168716","1005","0"
"168717","1004","15.83"
"168717","1008","228"
"168717","1003","20"
"168717","1005","0"
"168718","1004","18.45"
"168718","1008","278"
"168718","1003","26.16"
"168718","1005","0"
"168719","1003","20.59"
"168719","1004","15.04"
"168719","1008","224"
"168719","1005","0"
"168720","1004","15.11"
"168720","1008","250"
"168720","1003","26.72"
"168720","1005","0"
"168721","1008","281"
"168721","1004","22.17"
"168721","1005","0"
"168721","1003","19"
"168722","1004","17.78"
"168722","1003","26.43"
"168722","1008","273"
"168722","1005","0"
"168723","1008","331"
"168723","1003","23.9"
"168723","1004","25.39"
"168723","1005","0"
"168724","1004","18.46"
"168724","1003","19.37"
"168724","1008","249"
"168724","1005","0"
"168725","1003","26.48"
"168725","1004","16.53"
"168725","1008","262"
"168725","1005","0"
"168726","1004","12.71"
"168726","1003","20.3"
"168726","1008","201"
"168726","1005","0"
"168727","1003","26.96"
"168727","1004","14.23"
"168727","1008","243"
"168727","1005","0"
"168728","1004","14.28"
"168728","1003","19.92"
"168728","1008","214"
"168728","1005","0"
"168729","1003","26.8"
"168729","1004","15.75"
"168729","1008","257"
"168729","1005","0"
"168730","1003","28.09"
"168730","1004","5.82"
"168730","1005","0"
"168730","1008","172"
"168731","1005","0"
"168731","1004","6.25"
"168731","1003","28.54"
"168731","1008","178"
"168732","1005","0"
"168732","1003","28.71"
"168732","1004","5.17"
"168732","1008","169"
"168733","1003","27.66"
"168733","1004","8.23"
"168733","1005","0"
"168733","1008","192"
"168734","1003","20.64"
"168734","1004","8.55"
"168734","1005","0"
"168734","1008","165"
"168735","1004","12.36"
"168735","1005","0"
"168735","1003","25.66"
"168735","1008","221"
"168736","1003","20.64"
"168736","1004","9.51"
"168736","1005","0"
"168736","1008","174"
"168737","1004","9.78"
"168737","1005","0"
"168737","1003","26.44"
"168737","1008","201"
"168738","1004","11.65"
"168738","1005","0"
"168738","1003","26.11"
"168738","1008","217"
"168739","1003","26.16"
"168739","1004","8"
"168739","1005","0"
"168739","1008","184"
"168740","1005","0"
"168740","1003","30.12"
"168740","1008","170"
"168740","1004","4.62"
"168741","1005","0"
"168741","1008","162"
"168741","1004","3.85"
"168741","1003","29.7"
"168742","1003","20.52"
"168742","1004","5.71"
"168742","1005","0"
"168742","1008","133"
"168743","1003","20.15"
"168743","1004","9.86"
"168743","1005","0"
"168743","1008","169"
"168744","1004","10.06"
"168744","1005","0"
"168744","1003","26.66"
"168744","1008","205"
"168745","1003","24.18"
"168745","1004","14.37"
"168745","1005","0"
"168745","1008","233"
"168746","1003","0.46"
"168746","1005","3.55"
"168746","1008","43"
"168746","1004","0"
"168747","1004","0"
"168747","1005","2.97"
"168747","1008","41"
"168747","1003","0.36"
"168748","1004","0"
"168748","1005","0.87"
"168748","1008","28"
"168748","1003","0.2"
"168749","1004","0"
"168749","1005","1.64"
"168749","1008","29"
"168749","1003","0.24"
"168750","1005","27.6"
"168750","1008","237"
"168750","1004","7.6"
"168750","1003","0.6"
"168751","1004","1.04"
"168751","1005","6.59"
"168751","1003","0.42"
"168751","1008","38"
"168752","1004","1.88"
"168752","1005","22.66"
"168752","1008","174"
"168752","1003","0.42"
"168753","1003","0.3"
"168753","1004","0.1"
"168753","1005","11.3"
"168753","1008","110"
"168754","1004","34.4"
"168754","1003","9"
"168754","1005","53.4"
"168754","1008","526"
"168755","1008","511"
"168755","1004","29.37"
"168755","1005","59.67"
"168755","1003","7.64"
"168756","1004","17.23"
"168756","1003","4.01"
"168756","1005","71.17"
"168756","1008","456"
"168757","1005","63.73"
"168757","1008","541"
"168757","1003","3.13"
"168757","1004","30.37"
"168758","1003","0.2"
"168758","1004","0.1"
"168758","1005","66.3"
"168758","1008","254"
"168759","1005","58.88"
"168759","1008","493"
"168759","1003","4.6"
"168759","1004","26.6"
"168760","1004","33.21"
"168760","1005","54.34"
"168760","1008","538"
"168760","1003","10.22"
"168761","1003","2.5"
"168761","1005","70.97"
"168761","1008","468"
"168761","1004","19.33"
"168762","1003","5"
"168762","1004","26"
"168762","1005","67"
"168762","1008","500"
"168763","1003","10.24"
"168763","1004","30.53"
"168763","1005","55.36"
"168763","1008","515"
"168764","1004","24.77"
"168764","1005","59.86"
"168764","1008","497"
"168764","1003","12.46"
"168765","1003","5.08"
"168765","1004","20.93"
"168765","1005","67.95"
"168765","1008","474"
"168766","1003","1.67"
"168766","1004","11.9"
"168766","1005","79.53"
"168766","1008","432"
"168767","1005","77.77"
"168767","1008","436"
"168767","1003","2.6"
"168767","1004","12.75"
"168768","1003","4.91"
"168768","1004","24.85"
"168768","1005","64.8"
"168768","1008","502"
"168769","1005","54.14"
"168769","1008","547"
"168769","1004","32.67"
"168769","1003","9.18"
"168770","1004","23.68"
"168770","1005","63.23"
"168770","1008","494"
"168770","1003","8.04"
"168771","1005","96.7"
"168771","1008","360"
"168771","1004","0.3"
"168771","1003","0"
"168772","1003","6.9"
"168772","1004","6.4"
"168772","1005","82.8"
"168772","1008","410"
"168773","1004","4"
"168773","1005","17.6"
"168773","1008","122"
"168773","1003","3.99"
"168774","1003","20"
"168774","1004","10"
"168774","1005","60"
"168774","1008","410"
"168775","1004","0"
"168775","1005","90.5"
"168775","1008","381"
"168775","1003","7.8"
"168776","1004","7.32"
"168776","1005","81.64"
"168776","1008","394"
"168776","1003","1.78"
"168777","1003","4.14"
"168777","1004","16"
"168777","1005","16.07"
"168777","1008","225"
"168778","1004","4.6"
"168778","1005","23.01"
"168778","1008","142"
"168778","1003","2.09"
"168779","1004","1.9"
"168779","1003","2.3"
"168779","1005","87.9"
"168779","1008","378"
"168780","1003","3.28"
"168780","1004","2.06"
"168780","1005","19.76"
"168780","1008","111"
"168781","1004","2.3"
"168781","1005","19.2"
"168781","1008","107"
"168781","1003","2.9"
"168782","1003","3.23"
"168782","1004","2.15"
"168782","1005","18.39"
"168782","1008","108"
"168783","1003","2.7"
"168783","1004","0.1"
"168783","1005","91.2"
"168783","1008","376"
"168784","1005","92.9"
"168784","1008","377"
"168784","1003","0"
"168784","1004","0.6"
"168785","1004","2.9"
"168785","1005","19.7"
"168785","1008","114"
"168785","1003","2.7"
"168786","1003","2.76"
"168786","1004","1.71"
"168786","1005","20.2"
"168786","1008","107"
"168787","1004","2.83"
"168787","1005","17.61"
"168787","1003","4.13"
"168787","1008","112"
"168788","1003","2.94"
"168788","1004","1.73"
"168788","1005","18.53"
"168788","1008","101"
"168789","1004","2.06"
"168789","1005","13.47"
"168789","1008","85"
"168789","1003","3.24"
"168790","1003","3.06"
"168790","1004","1.77"
"168790","1005","12.34"
"168790","1008","77"
"168791","1004","25.9"
"168791","1005","59.59"
"168791","1008","485"
"168791","1003","3.3"
"168792","1003","0"
"168792","1004","0"
"168792","1005","99"
"168792","1008","383"
"168793","1004","3.07"
"168793","1005","12.21"
"168793","1008","89"
"168793","1003","3.03"
"168794","1004","0.1"
"168794","1005","19.8"
"168794","1008","84"
"168794","1003","1"
"168795","1003","1.1"
"168795","1004","17.6"
"168795","1005","63.2"
"168795","1008","397"
"168796","1004","3"
"168796","1005","18.68"
"168796","1008","113"
"168796","1003","2.95"
"168797","1008","89"
"168797","1004","0"
"168797","1005","20.16"
"168797","1003","2.02"
"168798","1003","1.44"
"168798","1004","0.35"
"168798","1005","21.31"
"168798","1008","94"
"168799","1003","1.93"
"168799","1005","20.87"
"168799","1008","93"
"168799","1004","0.3"
"168800","1004","13.06"
"168800","1005","71.8"
"168800","1008","408"
"168800","1003","1.11"
"168801","1004","30.38"
"168801","1005","63.39"
"168801","1008","530"
"168801","1003","3.94"
"168802","1003","0.3"
"168802","1004","4.9"
"168802","1005","93.8"
"168802","1008","410"
"168803","1004","0"
"168803","1005","94.9"
"168803","1008","371"
"168803","1003","2.3"
"168804","1003","5.94"
"168804","1004","31.72"
"168804","1005","59.78"
"168804","1008","546"
"168805","1004","32.45"
"168805","1005","59.4"
"168805","1003","5.19"
"168805","1008","520"
"168806","1003","4.28"
"168806","1004","19.17"
"168806","1005","68.49"
"168806","1008","463"
"168807","1004","20.42"
"168807","1005","67.56"
"168807","1003","3.82"
"168807","1008","458"
"168808","1003","0.1"
"168808","1004","3.5"
"168808","1005","85.2"
"168808","1008","373"
"168809","1003","3.8"
"168809","1004","11"
"168809","1005","28.2"
"168809","1008","216"
"168810","1004","8.4"
"168810","1003","3.2"
"168810","1005","27.6"
"168810","1008","192"
"168811","1004","0"
"168811","1005","80.9"
"168811","1008","341"
"168811","1003","4.4"
"168812","1004","0.02"
"168812","1005","13.5"
"168812","1008","53"
"168812","1003","0.03"
"168813","1004","0.24"
"168813","1005","19.23"
"168813","1008","79"
"168813","1003","0"
"168814","1003","4.28"
"168814","1004","19.32"
"168814","1005","72.4"
"168814","1008","475"
"168815","1008","159"
"168815","1003","4"
"168815","1004","5.6"
"168815","1005","24.2"
"168816","1003","0.39"
"168816","1004","0.3"
"168816","1005","42.47"
"168816","1008","173"
"168817","1004","21.11"
"168817","1003","3.24"
"168817","1005","67.69"
"168817","1008","474"
"168818","1003","5.4"
"168818","1004","22.4"
"168818","1005","64.67"
"168818","1008","472"
"168819","1003","0.3"
"168819","1008","246"
"168819","1004","0"
"168819","1005","66.3"
"168820","1005","74.73"
"168820","1008","290"
"168820","1004","0.1"
"168820","1003","0"
"168821","1004","0.3"
"168821","1005","90.4"
"168821","1008","325"
"168821","1003","0.3"
"168822","1003","0.1"
"168822","1004","0.1"
"168822","1005","26.1"
"168822","1008","100"
"168823","1003","0.41"
"168823","1004","8.31"
"168823","1005","82.76"
"168823","1008","409"
"168824","1004","0.07"
"168824","1005","28"
"168824","1008","115"
"168824","1003","0.37"
"168825","1004","2.89"
"168825","1005","18.44"
"168825","1008","111"
"168825","1003","2.74"
"168826","1003","0.9"
"168826","1004","10"
"168826","1005","83.5"
"168826","1008","415"
"168827","1004","3.5"
"168827","1005","19.1"
"168827","1008","117"
"168827","1003","2.9"
"168828","1004","11.36"
"168828","1003","1"
"168828","1005","81.84"
"168828","1008","434"
"168829","1004","3.8"
"168829","1005","17.7"
"168829","1008","114"
"168829","1003","3"
"168830","1004","2.9"
"168830","1005","20.1"
"168830","1008","115"
"168830","1003","2.7"
"168831","1003","0.1"
"168831","1004","0.5"
"168831","1005","91.8"
"168831","1008","363"
"168832","1003","0.65"
"168832","1004","1.12"
"168832","1005","24.2"
"168832","1008","109"
"168833","1004","0"
"168833","1005","98.09"
"168833","1008","380"
"168833","1003","0.12"
"168834","1005","34.56"
"168834","1008","153"
"168834","1004","0.97"
"168834","1003","1.4"
"168835","1004","8.9"
"168835","1003","4.6"
"168835","1005","62.9"
"168835","1008","350"
"168836","1003","0"
"168836","1005","77.59"
"168836","1008","286"
"168836","1004","0"
"168837","1008","283"
"168837","1003","0"
"168837","1004","0.2"
"168837","1005","76.79"
"168838","1003","0"
"168838","1004","0.1"
"168838","1005","69.6"
"168838","1008","265"
"168839","1004","0"
"168839","1005","83.9"
"168839","1008","319"
"168839","1003","0"
"168840","1003","0.19"
"168840","1004","4.25"
"168840","1005","90.76"
"168840","1008","402"
"168841","1003","1.21"
"168841","1004","0"
"168841","1005","57.01"
"168841","1008","216"
"168842","1004","4"
"168842","1003","0.18"
"168842","1005","91.02"
"168842","1008","401"
"168843","1003","0.19"
"168843","1004","4.37"
"168843","1005","90.78"
"168843","1008","405"
"168844","1004","12.74"
"168844","1005","74.28"
"168844","1008","413"
"168844","1003","0.34"
"168845","1003","1.1"
"168845","1004","12.87"
"168845","1005","71.02"
"168845","1008","404"
"168846","1003","1.32"
"168846","1004","0.06"
"168846","1005","89.05"
"168846","1008","364"
"168847","1004","2.6"
"168847","1005","23.9"
"168847","1008","113"
"168847","1003","0"
"168848","1003","4"
"168848","1004","6"
"168848","1005","24.9"
"168848","1008","160"
"168849","1005","58.4"
"168849","1008","519"
"168849","1004","33.6"
"168849","1003","2.3"
"168850","1003","21.5"
"168850","1004","49.6"
"168850","1005","5.4"
"168850","1008","550"
"168851","1004","31.8"
"168851","1005","1.6"
"168851","1008","538"
"168851","1003","57.9"
"168852","1003","1.42"
"168852","1004","7.17"
"168852","1005","72.18"
"168852","1008","359"
"168853","1003","4.62"
"168853","1004","35.28"
"168853","1005","55.38"
"168853","1008","545"
"168854","1004","34.4"
"168854","1005","53.3"
"168854","1008","522"
"168854","1003","6.7"
"168855","1003","8.1"
"168855","1004","3.8"
"168855","1005","79.9"
"168855","1008","386"
"168856","1004","36.7"
"168856","1005","46.5"
"168856","1008","541"
"168856","1003","10.9"
"168857","1003","8.1"
"168857","1004","2.4"
"168857","1005","83.4"
"168857","1008","387"
"168858","1003","8.7"
"168858","1004","15.2"
"168858","1005","71.6"
"168858","1008","445"
"168859","1005","80.2"
"168859","1008","448"
"168859","1004","5.7"
"168859","1003","11"
"168860","1005","72.35"
"168860","1008","432"
"168860","1004","12.1"
"168860","1003","8.5"
"168861","1008","342"
"168861","1003","5.9"
"168861","1004","0.9"
"168861","1005","77.6"
"168862","1004","8.67"
"168862","1005","67.61"
"168862","1008","365"
"168862","1003","4.22"
"168863","1003","8.44"
"168863","1004","3.53"
"168863","1008","318"
"168863","1005","65.22"
"168864","1005","56"
"168864","1003","5.06"
"168864","1008","253"
"168864","1004","0.93"
"168865","1004","24.9"
"168865","1005","68.1"
"168865","1008","498"
"168865","1003","2.3"
"168866","1003","0"
"168866","1004","4.4"
"168866","1005","89"
"168866","1008","386"
"168867","1003","7.11"
"168867","1004","1.75"
"168867","1005","79.45"
"168867","1008","370"
"168868","1003","8.28"
"168868","1004","3.4"
"168868","1005","70.28"
"168868","1008","334"
"168869","1004","2.85"
"168869","1005","73.43"
"168869","1008","348"
"168869","1003","8.41"
"168870","1003","8.41"
"168870","1004","1.72"
"168870","1005","74.79"
"168870","1008","355"
"168871","1003","3.51"
"168871","1004","1"
"168871","1005","23.67"
"168871","1008","119"
"168872","1004","7.03"
"168872","1005","66.22"
"168872","1008","246"
"168872","1003","17.3"
"168873","1003","3.21"
"168873","1004","0.86"
"168873","1005","11.44"
"168873","1008","40"
"168874","1003","14.12"
"168874","1004","6.07"
"168874","1005","64.16"
"168874","1008","368"
"168875","1003","2.32"
"168875","1004","0.83"
"168875","1005","23.51"
"168875","1008","112"
"168876","1003","7.6"
"168876","1004","2.75"
"168876","1005","78.68"
"168876","1008","370"
"168877","1004","0.66"
"168877","1005","79.95"
"168877","1008","365"
"168877","1003","7.13"
"168878","1003","2.69"
"168878","1004","0.28"
"168878","1005","28.17"
"168878","1008","130"
"168879","1003","6.61"
"168879","1004","0.58"
"168879","1005","79.34"
"168879","1008","360"
"168880","1004","0.21"
"168880","1005","28.59"
"168880","1008","130"
"168880","1003","2.38"
"168881","1003","6.5"
"168881","1004","0.52"
"168881","1005","79.15"
"168881","1008","358"
"168882","1005","28.73"
"168882","1008","130"
"168882","1004","0.19"
"168882","1003","2.36"
"168883","1003","6.81"
"168883","1004","0.55"
"168883","1005","81.68"
"168883","1008","370"
"168884","1003","10.34"
"168884","1004","1.63"
"168884","1005","75.86"
"168884","1008","338"
"168885","1004","2.22"
"168885","1003","15.91"
"168885","1005","68.63"
"168885","1008","325"
"168886","1003","10.88"
"168886","1004","1.52"
"168886","1005","75.43"
"168886","1008","349"
"168887","1004","1.33"
"168887","1003","9.82"
"168887","1005","76.68"
"168887","1008","357"
"168888","1003","13.18"
"168888","1004","1.81"
"168888","1005","73.14"
"168888","1008","338"
"168889","1004","1.92"
"168889","1005","68.03"
"168889","1008","329"
"168889","1003","15.4"
"168890","1003","12.61"
"168890","1004","1.54"
"168890","1005","71.18"
"168890","1008","327"
"168891","1004","1.56"
"168891","1005","74.24"
"168891","1008","331"
"168891","1003","10.35"
"168892","1003","23.15"
"168892","1004","9.72"
"168892","1005","51.8"
"168892","1008","360"
"168893","1004","2.5"
"168893","1005","71.97"
"168893","1008","340"
"168893","1003","13.21"
"168894","1003","10.33"
"168894","1004","0.98"
"168894","1005","76.31"
"168894","1008","364"
"168895","1004","0.97"
"168895","1005","74.22"
"168895","1008","354"
"168895","1003","9.89"
"168896","1003","11.98"
"168896","1004","1.66"
"168896","1005","72.53"
"168896","1008","361"
"168897","1004","0.34"
"168897","1005","21.34"
"168897","1008","101"
"168897","1003","3.99"
"168898","1003","7.23"
"168898","1004","2.78"
"168898","1005","76.48"
"168898","1008","363"
"168899","1004","2.08"
"168899","1005","79.26"
"168899","1008","357"
"168899","1003","7.46"
"168900","1003","2.63"
"168900","1004","0.73"
"168900","1005","27.91"
"168900","1008","126"
"168901","1004","1.74"
"168901","1005","23.54"
"168901","1008","130"
"168901","1003","5.28"
"168902","1003","4.37"
"168902","1004","0.98"
"168902","1005","25.12"
"168902","1008","124"
"168903","1004","1.04"
"168903","1005","74.88"
"168903","1008","367"
"168903","1003","13.14"
"168904","1003","4.53"
"168904","1004","0.11"
"168904","1005","26.61"
"168904","1008","128"
"168905","1003","10.88"
"168905","1004","21.24"
"168905","1005","63.64"
"168905","1008","471"
"168906","1003","14.38"
"168906","1004","0.71"
"168906","1005","74.62"
"168906","1008","336"
"168907","1004","0.1"
"168907","1005","21.44"
"168907","1008","99"
"168907","1003","5.06"
"168908","1003","11.35"
"168908","1004","0.81"
"168908","1005","74.1"
"168908","1008","356"
"168909","1004","0.18"
"168909","1005","27.54"
"168909","1008","131"
"168909","1003","4"
"168910","1004","1.71"
"168910","1005","30.07"
"168910","1008","149"
"168910","1003","5.99"
"168911","1003","13.35"
"168911","1004","1.57"
"168911","1005","74.81"
"168911","1008","372"
"168912","1004","0.63"
"168912","1005","26.15"
"168912","1008","130"
"168912","1003","4.58"
"168913","1004","1.66"
"168913","1005","72.53"
"168913","1003","11.98"
"168913","1008","361"
"168914","1004","0.2"
"168914","1005","24.01"
"168914","1008","108"
"168914","1003","1.79"
"168915","1004","2.68"
"168915","1005","73.1"
"168915","1008","362"
"168915","1003","13.51"
"168916","1003","5.82"
"168916","1004","1.5"
"168916","1005","31.51"
"168916","1008","159"
"168917","1003","4.4"
"168917","1004","1.92"
"168917","1005","21.3"
"168917","1008","120"
"168918","1003","3.87"
"168918","1004","0.65"
"168918","1005","19.86"
"168918","1008","101"
"168919","1003","4.54"
"168919","1004","2.07"
"168919","1005","25.16"
"168919","1008","138"
"168920","1003","9.42"
"168920","1004","4.74"
"168920","1005","74.26"
"168920","1008","365"
"168921","1003","8.75"
"168921","1004","5.09"
"168921","1005","73.89"
"168921","1008","364"
"168922","1003","7.11"
"168922","1004","1.75"
"168922","1005","79.45"
"168922","1008","370"
"168923","1003","8.28"
"168923","1004","3.4"
"168923","1005","70.28"
"168923","1008","334"
"168924","1004","2.85"
"168924","1005","73.43"
"168924","1008","348"
"168924","1003","8.41"
"168925","1008","355"
"168925","1003","8.41"
"168925","1004","1.72"
"168925","1005","74.79"
"168926","1005","25.16"
"168926","1008","138"
"168926","1003","4.54"
"168926","1004","2.07"
"168927","1003","13.04"
"168927","1004","1.51"
"168927","1005","74.67"
"168927","1008","371"
"168928","1004","0.93"
"168928","1003","5.8"
"168928","1005","30.86"
"168928","1008","158"
"168929","1004","1.75"
"168929","1005","79.45"
"168929","1008","370"
"168929","1003","7.11"
"168930","1004","0.21"
"168930","1005","28.59"
"168930","1008","130"
"168930","1003","2.38"
"168931","1003","6.5"
"168931","1004","0.52"
"168931","1005","79.15"
"168931","1008","358"
"168932","1004","0.19"
"168932","1005","28.73"
"168932","1008","130"
"168932","1003","2.36"
"168933","1003","12.68"
"168933","1004","1.05"
"168933","1005","72.83"
"168933","1008","360"
"168934","1004","0.21"
"168934","1005","30.88"
"168934","1008","164"
"168934","1003","8.86"
"168935","1003","2.69"
"168935","1004","0.28"
"168935","1005","28.17"
"168935","1008","130"
"168936","1004","0.98"
"168936","1005","76.31"
"168936","1008","364"
"168936","1003","10.33"
"168937","1003","21.78"
"168937","1004","2.23"
"168937","1005","65.65"
"168937","1008","374"
"168938","1005","76.22"
"168938","1008","366"
"168938","1004","1.48"
"168938","1003","9.71"
"168939","1005","73.81"
"168939","1008","363"
"168939","1003","11.5"
"168939","1004","1.45"
"168940","1005","73.81"
"168940","1008","363"
"168940","1004","1.45"
"168940","1003","11.5"
"168941","1005","73.81"
"168941","1008","363"
"168941","1003","11.5"
"168941","1004","1.45"
"168942","1005","72.2"
"168942","1008","362"
"168942","1003","13.07"
"168942","1004","1.38"
"168943","1004","3.34"
"168943","1005","76.64"
"168943","1008","359"
"168943","1003","8.43"
"168944","1003","9.61"
"168944","1004","1.95"
"168944","1005","74.48"
"168944","1008","332"
"168945","1004","0.07"
"168945","1005","17.98"
"168945","1008","81"
"168945","1003","2.04"
"168946","1008","162"
"168946","1003","2.56"
"168946","1004","7.47"
"168946","1005","22.22"
"168947","1008","134"
"168947","1004","3.42"
"168947","1005","24.31"
"168947","1003","2.4"
"168948","1008","187"
"168948","1003","2.7"
"168948","1004","10"
"168948","1005","22.95"
"168949","1003","10.84"
"168949","1004","1.27"
"168949","1005","76.02"
"168949","1008","359"
"168950","1004","3.2"
"168950","1005","22.03"
"168950","1008","129"
"168950","1003","2.82"
"168951","1003","10.42"
"168951","1004","1.37"
"168951","1005","76.31"
"168951","1008","359"
"168952","1004","3.7"
"168952","1005","25.67"
"168952","1008","148"
"168952","1003","2.94"
"168953","1004","1.88"
"168953","1005","71.51"
"168953","1008","349"
"168953","1003","11.6"
"168954","1003","12.32"
"168954","1004","1.78"
"168954","1005","72.2"
"168954","1008","354"
"168955","1004","1.97"
"168955","1005","73.77"
"168955","1008","356"
"168955","1003","10.9"
"168956","1003","7.02"
"168956","1004","1.75"
"168956","1005","74.68"
"168956","1008","343"
"168957","1004","9.98"
"168957","1005","50.72"
"168957","1008","328"
"168957","1003","8.73"
"168958","1003","12.53"
"168958","1004","2.7"
"168958","1005","70.26"
"168958","1008","355"
"168959","1003","10.62"
"168959","1004","1.62"
"168959","1005","76.45"
"168959","1008","363"
"168960","1004","4.22"
"168960","1003","5.06"
"168960","1005","21.61"
"168960","1008","145"
"168961","1004","22.45"
"168961","1005","14.23"
"168961","1008","334"
"168961","1003","18.66"
"168962","1004","5.51"
"168962","1005","31.89"
"168962","1008","215"
"168962","1003","9.45"
"168963","1003","7.87"
"168963","1004","12.6"
"168963","1005","20.67"
"168963","1008","228"
"168964","1003","3.49"
"168964","1004","2.57"
"168964","1005","26.28"
"168964","1008","142"
"168965","1003","6.98"
"168965","1004","10.47"
"168965","1005","6.78"
"168965","1008","149"
"168966","1004","27"
"168966","1005","57.6"
"168966","1008","516"
"168966","1003","10.7"
"168967","1003","10.8"
"168967","1004","27"
"168967","1005","57"
"168967","1008","510"
"168968","1004","6.83"
"168968","1005","14.42"
"168968","1008","129"
"168968","1003","2.73"
"168969","1003","2.72"
"168969","1004","7.1"
"168969","1005","14.34"
"168969","1008","129"
"168970","1004","26"
"168970","1003","12.9"
"168970","1005","53.5"
"168970","1008","500"
"168971","1004","27.65"
"168971","1005","52.2"
"168971","1008","512"
"168971","1003","15.36"
"168972","1004","25.6"
"168972","1005","55.6"
"168972","1008","501"
"168972","1003","12.5"
"168973","1004","26"
"168973","1003","13.9"
"168973","1005","55.68"
"168973","1008","512"
"168974","1004","3.34"
"168974","1005","7.21"
"168974","1008","66"
"168974","1003","1.97"
"168975","1003","7.5"
"168975","1004","4.9"
"168975","1005","78.06"
"168975","1008","386"
"168976","1003","3.4"
"168976","1004","31.8"
"168976","1005","13.4"
"168976","1008","353"
"168977","1004","18.6"
"168977","1005","0.9"
"168977","1003","21.7"
"168977","1008","258"
"168978","1003","3.8"
"168978","1004","0.5"
"168978","1005","0"
"168978","1008","20"
"168979","1004","21.7"
"168979","1005","0"
"168979","1008","271"
"168979","1003","19"
"168980","1003","18.4"
"168980","1004","3.9"
"168980","1005","2"
"168980","1008","117"
"168981","1005","0"
"168981","1003","0"
"168981","1008","900"
"168981","1004","100"
"168982","1004","1.07"
"168982","1005","9.84"
"168982","1008","52"
"168982","1003","0.84"
"168983","1004","3.9"
"168983","1005","6.8"
"168983","1008","122"
"168983","1003","15"
"168984","1003","3.8"
"168984","1004","0.7"
"168984","1005","4.8"
"168984","1008","41"
"168985","1004","22.8"
"168985","1005","0"
"168985","1008","260"
"168985","1003","13.7"
"168986","1003","17.1"
"168986","1004","1.6"
"168986","1005","0"
"168986","1008","83"
"168987","1008","97"
"168987","1004","5.3"
"168987","1003","11.7"
"168987","1005","0"
"168988","1003","3"
"168988","1004","0.8"
"168988","1005","6.3"
"168988","1008","44"
"168989","1004","0.8"
"168989","1005","2.6"
"168989","1008","63"
"168989","1003","11.3"
"168990","1003","60.4"
"168990","1004","6.6"
"168990","1005","2.8"
"168990","1008","312"
"168991","1003","6.6"
"168991","1004","0.5"
"168991","1005","6"
"168991","1008","55"
"168992","1004","0.29"
"168992","1005","32"
"168992","1008","135"
"168992","1003","0.99"
"168993","1003","1.71"
"168993","1004","0.69"
"168993","1005","81.98"
"168993","1008","341"
"168994","1004","0"
"168994","1005","5.14"
"168994","1008","25"
"168994","1003","1.18"
"168995","1003","4.21"
"168995","1004","0.28"
"168995","1005","6.96"
"168995","1008","47"
"168996","1004","0.32"
"168996","1005","29.99"
"168996","1008","129"
"168996","1003","1.64"
"168997","1003","1.12"
"168997","1004","0.28"
"168997","1005","13.85"
"168997","1008","62"
"168998","1004","0.34"
"168998","1005","38.22"
"168998","1008","162"
"168998","1003","1.6"
"168999","1003","3.04"
"168999","1004","1.69"
"168999","1005","33.62"
"168999","1008","162"
"169000","1003","22.9"
"169000","1004","5"
"169000","1005","0"
"169000","1008","137"
"169001","1004","1.7"
"169001","1005","1.4"
"169001","1008","93"
"169001","1003","18.1"
"169002","1003","17"
"169002","1004","3.3"
"169002","1005","1"
"169002","1008","102"
"169003","1004","1.88"
"169003","1005","0"
"169003","1008","120"
"169003","1003","25.85"
"169004","1003","9.06"
"169004","1004","7.16"
"169004","1005","72.22"
"169004","1008","390"
"169005","1004","0.35"
"169005","1005","7.06"
"169005","1008","34"
"169005","1003","0.69"
"169006","1003","1.42"
"169006","1004","0.54"
"169006","1005","5.38"
"169006","1008","32"
"169007","1004","4.7"
"169007","1005","18.28"
"169007","1008","168"
"169007","1003","13.19"
"169008","1003","12.31"
"169008","1004","18.9"
"169008","1005","25.96"
"169008","1008","323"
"169009","1004","13.17"
"169009","1005","39.5"
"169009","1008","290"
"169009","1003","3.31"
"169010","1003","5.01"
"169010","1004","4.34"
"169010","1005","21.08"
"169010","1008","143"
"169011","1004","18.37"
"169011","1005","22.87"
"169011","1008","316"
"169011","1003","14.87"
"169012","1003","19.25"
"169012","1004","16.15"
"169012","1005","18.36"
"169012","1008","296"
"169013","1003","18.11"
"169013","1004","20.78"
"169013","1005","17.72"
"169013","1008","330"
"169014","1004","7.83"
"169014","1005","0.47"
"169014","1008","196"
"169014","1003","31.02"
"169015","1004","18.33"
"169015","1005","25.14"
"169015","1008","325"
"169015","1003","14.75"
"169016","1003","29.8"
"169016","1004","8.48"
"169016","1005","0"
"169016","1008","195"
"169017","1003","13.23"
"169017","1004","9.14"
"169017","1005","16.65"
"169017","1008","202"
"169018","1004","9.79"
"169018","1005","4.57"
"169018","1008","157"
"169018","1003","12.56"
"169019","1003","18.68"
"169019","1004","20.31"
"169019","1005","16.84"
"169019","1008","325"
"169020","1004","7.09"
"169020","1005","13.17"
"169020","1008","120"
"169020","1003","0.79"
"169021","1003","4.78"
"169021","1004","16"
"169021","1005","40.95"
"169021","1008","327"
"169022","1004","14.5"
"169022","1005","22.03"
"169022","1008","295"
"169022","1003","19.17"
"169023","1003","0.97"
"169023","1004","15.03"
"169023","1005","10.88"
"169023","1008","183"
"169024","1004","12.16"
"169024","1005","17.41"
"169024","1008","234"
"169024","1003","13.75"
"169025","1003","2.49"
"169025","1004","8.99"
"169025","1005","26.59"
"169025","1008","197"
"169026","1004","11.78"
"169026","1005","12.35"
"169026","1008","159"
"169026","1003","0.88"
"169027","1003","4.89"
"169027","1004","19.28"
"169027","1005","40.72"
"169027","1008","356"
"169028","1004","9.79"
"169028","1005","4.57"
"169028","1008","157"
"169028","1003","12.56"
"169029","1003","7.84"
"169029","1004","8.52"
"169029","1005","15.51"
"169029","1008","170"
"169030","1004","11.06"
"169030","1005","12.36"
"169030","1008","191"
"169030","1003","10.48"
"169031","1003","3.56"
"169031","1004","4.86"
"169031","1005","34.15"
"169031","1008","195"
"169032","1004","5"
"169032","1005","17.52"
"169032","1008","144"
"169032","1003","7.3"
"169033","1004","1.89"
"169033","1005","17.77"
"169033","1008","104"
"169033","1003","3.9"
"169034","1003","16.87"
"169034","1004","25.5"
"169034","1005","24.25"
"169034","1008","394"
"169035","1004","23.08"
"169035","1005","24.11"
"169035","1008","368"
"169035","1003","15.93"
"169036","1003","7.96"
"169036","1004","6"
"169036","1005","17.62"
"169036","1008","156"
"169037","1004","5.61"
"169037","1005","19.64"
"169037","1008","159"
"169037","1003","7.44"
"169038","1003","7.07"
"169038","1004","5.7"
"169038","1005","18.5"
"169038","1008","154"
"169039","1003","7.1"
"169039","1004","3.33"
"169039","1005","84.7"
"169039","1008","400"
"169040","1003","11.43"
"169040","1004","2.86"
"169040","1005","81.5"
"169040","1008","371"
"169041","1004","7.1"
"169041","1005","74.3"
"169041","1008","378"
"169041","1003","7.9"
"169042","1008","47"
"169042","1004","0.1"
"169042","1005","11.4"
"169042","1003","0.3"
"169043","1003","0.5"
"169043","1004","0.1"
"169043","1005","9.9"
"169043","1008","43"
"169044","1004","0"
"169044","1005","13.41"
"169044","1008","54"
"169044","1003","0.2"
"169045","1008","332"
"169045","1004","0.5"
"169045","1005","77.3"
"169045","1003","4.6"
"169046","1004","18.2"
"169046","1005","71.4"
"169046","1003","5"
"169046","1008","469"
"169047","1004","9.9"
"169047","1005","76.68"
"169047","1008","421"
"169047","1003","6.4"
"169048","1004","3"
"169048","1005","85.98"
"169048","1008","406"
"169048","1003","8.7"
"169049","1005","5.35"
"169049","1008","51"
"169049","1003","4.1"
"169049","1004","1.5"
"169050","1004","17.6"
"169050","1005","3.5"
"169050","1008","271"
"169050","1003","24.7"
"169051","1003","31.7"
"169051","1004","0"
"169051","1005","3.5"
"169051","1008","141"
"169052","1004","80.7"
"169052","1005","0.6"
"169052","1008","718"
"169052","1003","0.9"
"169053","1004","50"
"169053","1005","1"
"169053","1008","450"
"169053","1003","1"
"169054","1003","1.6"
"169054","1004","0.9"
"169054","1005","9.2"
"169054","1008","51"
"169055","1004","57.85"
"169055","1005","3.3"
"169055","1008","542"
"169055","1003","2.17"
"169056","1004","34.53"
"169056","1005","22.4"
"169056","1008","404"
"169056","1003","0.85"
"169057","1004","43.33"
"169057","1003","1.9"
"169057","1005","7.36"
"169057","1008","427"
"169058","1008","132"
"169058","1005","53.42"
"169058","1004","0.3"
"169058","1003","0.3"
"169059","1005","60.67"
"169059","1008","470"
"169059","1003","9.5"
"169059","1004","21"
"169060","1003","3.33"
"169060","1004","1.67"
"169060","1005","92.39"
"169060","1008","398"
"169061","1005","88.1"
"169061","1008","354"
"169061","1004","0.2"
"169061","1003","0"
"169062","1004","0.16"
"169062","1005","11.98"
"169062","1008","53"
"169062","1003","0.82"
"169063","1008","464"
"169063","1004","17.6"
"169063","1005","66.7"
"169063","1003","9.8"
"169064","1005","69.39"
"169064","1008","338"
"169064","1004","3.1"
"169064","1003","8.2"
"169065","1003","5"
"169065","1004","1"
"169065","1005","16.9"
"169065","1008","97"
"169066","1004","11.11"
"169066","1005","4.44"
"169066","1008","189"
"169066","1003","17.78"
"169067","1005","8"
"169067","1008","197"
"169067","1004","9"
"169067","1003","21"
"169068","1004","18"
"169068","1005","9"
"169068","1008","290"
"169068","1003","23"
"169069","1003","8"
"169069","1004","9"
"169069","1005","9"
"169069","1008","149"
"169070","1005","6.3"
"169070","1008","50"
"169070","1003","0.5"
"169070","1004","0"
"169071","1005","1.17"
"169071","1003","0.07"
"169071","1004","0"
"169071","1008","49"
"169072","1003","0.94"
"169072","1004","0"
"169072","1005","89.11"
"169072","1008","360"
"169073","1004","1.4"
"169073","1005","66.2"
"169073","1003","19.9"
"169073","1008","353"
"169074","1003","1.2"
"169074","1008","24"
"169074","1004","0.3"
"169074","1005","5.31"
"169075","1004","3.3"
"169075","1005","75.7"
"169075","1008","352"
"169075","1003","11.2"
"169076","1003","9.5"
"169076","1004","6.3"
"169076","1005","73.8"
"169076","1008","388"
"169077","1003","7.1"
"169077","1004","5.6"
"169077","1005","76.2"
"169077","1008","385"
"169078","1003","10.9"
"169078","1004","4.2"
"169078","1005","3"
"169078","1008","95"
"169079","1003","7.85"
"169079","1004","16.67"
"169079","1005","6.73"
"169079","1008","208"
"169080","1003","24.6"
"169080","1004","7"
"169080","1005","3.5"
"169080","1008","180"
"169081","1004","28.6"
"169081","1005","3.5"
"169081","1008","295"
"169081","1003","7.1"
"169082","1005","1.4"
"169082","1008","615"
"169082","1003","11.8"
"169082","1004","62.4"
"169083","1004","8.1"
"169083","1005","6.9"
"169083","1008","151"
"169083","1003","12.5"
"169084","1003","1.4"
"169084","1004","0.2"
"169084","1005","13.6"
"169084","1008","60"
"169085","1004","0.2"
"169085","1005","7.31"
"169085","1008","37"
"169085","1003","1.4"
"169086","1004","0.44"
"169086","1005","16.53"
"169086","1008","66"
"169086","1003","0.83"
"169087","1008","277"
"169087","1003","3.8"
"169087","1004","1.2"
"169087","1005","70.7"
"169088","1004","0.31"
"169088","1005","13.02"
"169088","1008","55"
"169088","1003","1.52"
"169089","1003","1.31"
"169089","1004","0.1"
"169089","1005","15.14"
"169089","1008","60"
"169090","1003","0.41"
"169090","1004","0.58"
"169090","1005","17.91"
"169090","1008","73"
"169091","1003","2.45"
"169091","1004","1.18"
"169091","1005","78.58"
"169091","1008","319"
"169092","1005","8.16"
"169092","1008","34"
"169092","1003","0.84"
"169092","1004","0.19"
"169093","1004","0.1"
"169093","1003","1.11"
"169093","1005","6.58"
"169093","1008","28"
"169094","1003","0.84"
"169094","1004","10.9"
"169094","1005","6.04"
"169094","1008","116"
"169095","1003","0.97"
"169095","1004","6.87"
"169095","1005","5.61"
"169095","1008","81"
"169096","1004","15.32"
"169096","1003","1.03"
"169096","1005","3.84"
"169096","1008","145"
"169097","1004","0.12"
"169097","1005","11.75"
"169097","1008","47"
"169097","1003","0.94"
"169098","1003","0.7"
"169098","1004","0.2"
"169098","1005","10.4"
"169098","1008","45"
"169099","1003","0.68"
"169099","1004","0.15"
"169099","1005","11.01"
"169099","1008","47"
"169100","1004","0.12"
"169100","1003","0.68"
"169100","1005","11.54"
"169100","1008","49"
"169101","1003","0.68"
"169101","1004","0.12"
"169101","1005","11.27"
"169101","1008","47"
"169102","1003","0.6"
"169102","1004","0.06"
"169102","1005","8.8"
"169102","1008","37"
"169103","1008","97"
"169103","1003","1.5"
"169103","1004","0.2"
"169103","1005","25"
"169104","1004","0.1"
"169104","1005","10.28"
"169104","1008","43"
"169104","1003","0.6"
"169105","1004","0.31"
"169105","1005","13.34"
"169105","1008","53"
"169105","1003","0.81"
"169106","1003","0.62"
"169106","1004","0.03"
"169106","1005","9.57"
"169106","1008","37"
"169107","1003","0.17"
"169107","1004","0.15"
"169107","1005","14.51"
"169107","1008","57"
"169108","1004","0.7"
"169108","1005","23.38"
"169108","1008","97"
"169108","1003","2.2"
"169109","1003","0.39"
"169109","1004","0.05"
"169109","1005","13.6"
"169109","1008","51"
"169110","1004","0.18"
"169110","1005","14.45"
"169110","1008","60"
"169110","1003","0.67"
"169111","1005","14.55"
"169111","1008","54"
"169111","1004","0.03"
"169111","1003","0.45"
"169112","1003","0.45"
"169112","1004","0.1"
"169112","1005","19.94"
"169112","1008","74"
"169113","1004","0.03"
"169113","1005","26.06"
"169113","1008","96"
"169113","1003","0.47"
"169114","1003","0.41"
"169114","1004","0.1"
"169114","1005","20.08"
"169114","1008","75"
"169115","1004","0.22"
"169115","1005","26.6"
"169115","1008","103"
"169115","1003","1.06"
"169116","1003","0.63"
"169116","1004","0.13"
"169116","1005","23.98"
"169116","1008","94"
"169117","1003","0.1"
"169117","1004","0.57"
"169117","1005","11.61"
"169117","1008","49"
"169118","1004","0.14"
"169118","1005","15.23"
"169118","1008","57"
"169118","1003","0.36"
"169119","1003","0.19"
"169119","1004","0.03"
"169119","1005","7.81"
"169119","1008","29"
"169120","1004","0.13"
"169120","1005","25.25"
"169120","1008","97"
"169120","1003","0.19"
"169121","1003","1.87"
"169121","1004","0.63"
"169121","1005","69.7"
"169121","1008","262"
"169122","1004","0.31"
"169122","1005","33.81"
"169122","1008","127"
"169122","1003","0.91"
"169123","1003","0.86"
"169123","1004","0.29"
"169123","1005","37.14"
"169123","1008","140"
"169124","1003","0.54"
"169124","1004","0.12"
"169124","1005","13.12"
"169124","1008","50"
"169125","1003","0.43"
"169125","1004","0.09"
"169125","1005","8.3"
"169125","1008","32"
"169126","1004","0.08"
"169126","1005","15.7"
"169126","1008","60"
"169126","1003","0.42"
"169127","1003","0.36"
"169127","1004","0.12"
"169127","1005","13.45"
"169127","1008","52"
"169128","1004","0.03"
"169128","1003","0.4"
"169128","1005","12.67"
"169128","1008","51"
"169129","1003","0.8"
"169129","1004","0.4"
"169129","1005","7.49"
"169129","1008","33"
"169130","1003","1.3"
"169130","1004","0.35"
"169130","1005","31.89"
"169130","1008","122"
"169131","1004","0.16"
"169131","1005","41.37"
"169131","1008","155"
"169131","1003","1.52"
"169132","1004","0.1"
"169132","1005","23.24"
"169132","1008","89"
"169132","1003","0.36"
"169133","1003","0.36"
"169133","1004","0.1"
"169133","1005","26.31"
"169133","1008","101"
"169134","1003","1.67"
"169134","1004","1.17"
"169134","1005","18.7"
"169134","1008","83"
"169135","1003","6.81"
"169135","1004","0.32"
"169135","1005","23.64"
"169135","1008","123"
"169136","1003","4.07"
"169136","1004","0.29"
"169136","1005","13.33"
"169136","1008","71"
"169137","1005","4.19"
"169137","1008","21"
"169137","1004","0.09"
"169137","1003","2.03"
"169138","1003","4.3"
"169138","1004","0.21"
"169138","1005","10.59"
"169138","1008","50"
"169139","1004","0.7"
"169139","1005","13.05"
"169139","1008","67"
"169139","1003","6.15"
"169140","1005","15.01"
"169140","1008","78"
"169140","1003","7.07"
"169140","1004","0.81"
"169141","1005","7.88"
"169141","1008","35"
"169141","1003","1.89"
"169141","1004","0.28"
"169142","1008","15"
"169142","1003","0.72"
"169142","1004","0.17"
"169142","1005","3.27"
"169143","1004","0.41"
"169143","1005","4.19"
"169143","1008","21"
"169143","1003","1.05"
"169144","1003","0.83"
"169144","1004","0.2"
"169144","1005","3.49"
"169144","1008","16"
"169145","1005","9.56"
"169145","1008","43"
"169145","1004","0.17"
"169145","1003","1.61"
"169146","1003","1.68"
"169146","1004","0.18"
"169146","1005","9.96"
"169146","1008","44"
"169147","1005","7.14"
"169147","1008","30"
"169147","1003","0.73"
"169147","1004","0.09"
"169148","1004","4.39"
"169148","1003","17.99"
"169148","1008","117"
"169148","1005","1.57"
"169149","1003","17.34"
"169149","1004","3.97"
"169149","1008","110"
"169149","1005","1.45"
"169150","1008","132"
"169150","1004","4.45"
"169150","1003","21.69"
"169150","1005","1.26"
"169151","1003","17.38"
"169151","1004","2.29"
"169151","1005","1.23"
"169151","1008","95"
"169152","1004","3.38"
"169152","1003","17.93"
"169152","1005","1.24"
"169152","1008","107"
"169153","1003","14.47"
"169153","1004","3.78"
"169153","1005","2.82"
"169153","1008","103"
"169154","1004","4.18"
"169154","1005","1.2"
"169154","1008","113"
"169154","1003","17.53"
"169155","1003","8.77"
"169155","1004","51.57"
"169155","1005","2"
"169155","1008","507"
"169156","1004","53"
"169156","1003","7.5"
"169156","1005","1.87"
"169156","1008","515"
"169157","1003","19.11"
"169157","1004","10.54"
"169157","1005","0"
"169157","1008","171"
"169158","1004","4.09"
"169158","1003","27.18"
"169158","1005","0.74"
"169158","1008","148"
"169159","1003","19.38"
"169159","1008","112"
"169159","1004","3.43"
"169159","1005","1.02"
"169160","1008","117"
"169160","1004","4.99"
"169160","1003","14.05"
"169160","1005","4.21"
"169161","1003","13.69"
"169161","1004","9.29"
"169161","1005","2.72"
"169161","1008","149"
"169162","1004","20"
"169162","1005","1.42"
"169162","1008","243"
"169162","1003","14.28"
"169163","1003","16.09"
"169163","1004","12.13"
"169163","1005","1.35"
"169163","1008","179"
"169164","1004","8.56"
"169164","1005","0.99"
"169164","1003","20.1"
"169164","1008","161"
"169165","1003","18.62"
"169165","1004","13.37"
"169165","1005","1.35"
"169165","1008","200"
"169166","1004","8.73"
"169166","1008","166"
"169166","1003","20.8"
"169166","1005","1.54"
"169167","1008","125"
"169167","1003","18.62"
"169167","1004","5.05"
"169167","1005","1.72"
"169168","1008","124"
"169168","1004","5.13"
"169168","1003","15.08"
"169168","1005","4.69"
"169169","1008","123"
"169169","1003","13.88"
"169169","1004","5.46"
"169169","1005","4.61"
"169170","1004","9.39"
"169170","1005","0.6"
"169170","1008","177"
"169170","1003","22.47"
"169171","1003","22.88"
"169171","1004","10.93"
"169171","1008","191"
"169171","1005","0.33"
"169172","1004","8.28"
"169172","1005","0.17"
"169172","1008","180"
"169172","1003","26.18"
"169173","1004","3.07"
"169173","1008","132"
"169173","1003","26.02"
"169173","1005","0.68"
"169174","1003","24.46"
"169174","1004","2.92"
"169174","1005","0.32"
"169174","1008","125"
"169175","1008","139"
"169175","1004","3.68"
"169175","1003","26.49"
"169175","1005","0.68"
"169176","1003","23.79"
"169176","1004","3.19"
"169176","1005","0.18"
"169176","1008","125"
"169177","1004","9.17"
"169177","1005","0.21"
"169177","1008","173"
"169177","1003","22.45"
"169178","1004","30.86"
"169178","1003","20.89"
"169178","1005","0"
"169178","1008","361"
"169179","1004","52.33"
"169179","1005","0"
"169179","1008","508"
"169179","1003","9.27"
"169180","1003","21.61"
"169180","1004","3.15"
"169180","1005","0.31"
"169180","1008","116"
"169181","1003","21.09"
"169181","1004","3.48"
"169181","1005","0.22"
"169181","1008","117"
"169182","1004","10.26"
"169182","1005","0"
"169182","1008","171"
"169182","1003","19.45"
"169183","1003","28.33"
"169183","1004","9.42"
"169183","1005","0.02"
"169183","1008","198"
"169184","1004","3.14"
"169184","1005","0"
"169184","1003","20.16"
"169184","1008","114"
"169185","1003","21.5"
"169185","1004","3.7"
"169185","1005","0.31"
"169185","1008","121"
"169186","1003","21.64"
"169186","1004","3.39"
"169186","1005","0"
"169186","1008","123"
"169187","1004","3.4"
"169187","1003","22.54"
"169187","1005","0"
"169187","1008","127"
"169188","1003","28.47"
"169188","1004","4.49"
"169188","1005","0"
"169188","1008","162"
"169189","1004","4.23"
"169189","1003","27.47"
"169189","1005","0"
"169189","1008","155"
"169190","1003","21.1"
"169190","1004","4"
"169190","1005","0.21"
"169190","1008","121"
"169191","1004","32.93"
"169191","1005","1.39"
"169191","1008","393"
"169191","1003","22.83"
"169192","1003","26.69"
"169192","1004","20.04"
"169192","1005","0.58"
"169192","1008","289"
"169193","1004","7.15"
"169193","1005","0"
"169193","1008","187"
"169193","1003","30.55"
"169194","1004","3.78"
"169194","1005","0.82"
"169194","1008","123"
"169194","1003","21.35"
"169195","1003","27.58"
"169195","1004","7.14"
"169195","1005","0"
"169195","1008","175"
"169196","1004","6.74"
"169196","1005","0.89"
"169196","1008","169"
"169196","1003","26.14"
"169197","1004","11.65"
"169197","1005","0"
"169197","1008","216"
"169197","1003","27.83"
"169198","1003","26.48"
"169198","1004","10.32"
"169198","1005","0"
"169198","1008","199"
"169199","1004","15.73"
"169199","1005","0"
"169199","1008","247"
"169199","1003","26.28"
"169200","1003","25.58"
"169200","1004","17.56"
"169200","1005","0"
"169200","1008","260"
"169201","1004","18.31"
"169201","1005","0"
"169201","1008","270"
"169201","1003","26.4"
"169202","1003","2.11"
"169202","1004","0.18"
"169202","1005","4.11"
"169202","1008","21"
"169203","1004","0.29"
"169203","1005","20.23"
"169203","1008","99"
"169203","1003","5.33"
"169204","1003","4.49"
"169204","1004","0.1"
"169204","1005","16.14"
"169204","1008","78"
"169205","1008","47"
"169205","1005","10.51"
"169205","1004","0.15"
"169205","1003","3.27"
"169206","1008","15"
"169206","1004","0.18"
"169206","1003","1.8"
"169206","1005","2.48"
"169207","1004","0.65"
"169207","1003","2.14"
"169207","1005","2.46"
"169207","1008","19"
"169208","1003","3.23"
"169208","1004","0.23"
"169208","1005","4.1"
"169208","1008","24"
"169209","1004","0.42"
"169209","1003","2.95"
"169209","1005","1.92"
"169209","1008","18"
"169210","1005","5.2"
"169210","1008","27"
"169210","1003","2.6"
"169210","1004","0.3"
"169211","1004","0.22"
"169211","1005","1.92"
"169211","1008","12"
"169211","1003","1.53"
"169212","1005","3.22"
"169212","1008","19"
"169212","1003","1.72"
"169212","1004","0.4"
"169213","1004","0.5"
"169213","1005","4.1"
"169213","1008","29"
"169213","1003","4.2"
"169214","1004","1.22"
"169214","1005","14.34"
"169214","1008","67"
"169214","1003","2.29"
"169215","1005","18.13"
"169215","1008","72"
"169215","1003","1.74"
"169215","1004","0.42"
"169216","1004","0.5"
"169216","1005","19.44"
"169216","1008","79"
"169216","1003","2.41"
"169217","1003","3.62"
"169217","1004","1.42"
"169217","1005","25.87"
"169217","1008","113"
"169218","1003","2.33"
"169218","1004","0.55"
"169218","1005","18.17"
"169218","1008","75"
"169219","1004","0.4"
"169219","1005","3.6"
"169219","1008","21"
"169219","1003","2"
"169220","1005","18.83"
"169220","1008","90"
"169220","1003","2.95"
"169220","1004","0.35"
"169221","1004","0.3"
"169221","1005","7"
"169221","1008","34"
"169221","1003","2.6"
"169222","1003","2.8"
"169222","1004","0.4"
"169222","1005","8.35"
"169222","1008","47"
"169223","1004","0.1"
"169223","1005","9.18"
"169223","1008","47"
"169223","1003","2.53"
"169224","1003","4.1"
"169224","1004","0.25"
"169224","1005","4.82"
"169224","1008","29"
"169225","1008","10"
"169225","1005","2.16"
"169225","1004","0.16"
"169225","1003","0.59"
"169226","1005","9.2"
"169226","1008","45"
"169226","1004","0.7"
"169226","1003","2.7"
"169227","1005","6.4"
"169227","1008","33"
"169227","1003","2"
"169227","1004","0.6"
"169228","1004","0.18"
"169228","1005","5.88"
"169228","1008","25"
"169228","1003","0.98"
"169229","1005","8.73"
"169229","1008","35"
"169229","1003","0.83"
"169229","1004","0.23"
"169230","1005","33.06"
"169230","1008","149"
"169230","1003","6.36"
"169230","1004","0.5"
"169231","1004","0.75"
"169231","1003","1.82"
"169231","1005","17.77"
"169231","1008","80"
"169232","1003","0.62"
"169232","1004","0.02"
"169232","1005","3.39"
"169232","1008","14"
"169233","1004","0.02"
"169233","1005","3.69"
"169233","1008","15"
"169233","1003","0.6"
"169234","1003","2.1"
"169234","1004","0.2"
"169234","1005","9.19"
"169234","1008","46"
"169235","1004","0.27"
"169235","1005","9.2"
"169235","1008","50"
"169235","1003","2.95"
"169236","1005","17.44"
"169236","1008","73"
"169236","1003","2"
"169236","1004","0.01"
"169237","1004","0.04"
"169237","1005","6.75"
"169237","1008","25"
"169237","1003","0.48"
"169238","1004","1.21"
"169238","1005","5.3"
"169238","1008","36"
"169238","1003","2.94"
"169239","1003","2.66"
"169239","1004","0.46"
"169239","1008","28"
"169239","1005","4.88"
"169240","1004","1.21"
"169240","1005","5.3"
"169240","1008","36"
"169240","1003","2.94"
"169241","1003","8.58"
"169241","1004","0.56"
"169241","1008","258"
"169241","1005","65.03"
"169242","1004","0.49"
"169242","1003","2.24"
"169242","1005","6.79"
"169242","1008","34"
"169243","1004","0.58"
"169243","1005","4.44"
"169243","1008","29"
"169243","1003","3.28"
"169244","1004","0.8"
"169244","1005","7.3"
"169244","1008","43"
"169244","1003","4.2"
"169245","1005","5"
"169245","1008","32"
"169245","1003","3.2"
"169245","1004","0.7"
"169246","1008","61"
"169246","1004","0.3"
"169246","1003","1.5"
"169246","1005","14.15"
"169247","1005","3.29"
"169247","1008","17"
"169247","1004","0.3"
"169247","1003","1.23"
"169248","1005","2.97"
"169248","1008","14"
"169248","1003","0.9"
"169248","1004","0.14"
"169249","1005","2.87"
"169249","1008","15"
"169249","1003","1.36"
"169249","1004","0.15"
"169250","1004","0.1"
"169250","1003","2.6"
"169250","1005","17.23"
"169250","1008","74"
"169251","1004","0.34"
"169251","1003","3.09"
"169251","1005","3.26"
"169251","1008","22"
"169252","1003","2.17"
"169252","1004","0.47"
"169252","1005","5.29"
"169252","1008","28"
"169253","1004","0.33"
"169253","1003","3.58"
"169253","1005","4.04"
"169253","1008","26"
"169254","1004","0.29"
"169254","1003","1.87"
"169254","1005","5.09"
"169254","1008","25"
"169255","1003","2.11"
"169255","1004","0.35"
"169255","1005","3.87"
"169255","1008","22"
"169256","1003","2.86"
"169256","1004","0.42"
"169256","1005","4.67"
"169256","1008","27"
"169257","1004","0.47"
"169257","1005","4.51"
"169257","1008","26"
"169257","1003","2.56"
"169258","1003","2.49"
"169258","1004","0.27"
"169258","1005","3.41"
"169258","1008","20"
"169259","1005","3.11"
"169259","1008","19"
"169259","1004","0.25"
"169259","1003","2.27"
"169260","1003","1.93"
"169260","1004","0.19"
"169260","1005","7.45"
"169260","1008","33"
"169261","1004","0.21"
"169261","1005","4.51"
"169261","1008","22"
"169261","1003","1.87"
"169262","1005","6.63"
"169262","1008","30"
"169262","1003","1.69"
"169262","1004","0.25"
"169263","1004","0.24"
"169263","1005","6.41"
"169263","1008","29"
"169263","1003","1.63"
"169264","1003","2.75"
"169264","1004","5.48"
"169264","1005","25.55"
"169264","1008","158"
"169265","1003","2.42"
"169265","1004","5.78"
"169265","1005","23.98"
"169265","1008","153"
"169266","1005","34.03"
"169266","1008","218"
"169266","1004","8.2"
"169266","1003","3.44"
"169267","1003","2.83"
"169267","1005","30.15"
"169267","1008","260"
"169267","1004","14.95"
"169268","1005","39.68"
"169268","1008","333"
"169268","1004","18.71"
"169268","1003","3.55"
"169269","1003","2.68"
"169269","1004","8.2"
"169269","1005","11.17"
"169269","1008","143"
"169270","1004","0.07"
"169270","1005","3.28"
"169270","1008","15"
"169270","1003","1.03"
"169271","1005","3.3"
"169271","1008","15"
"169271","1003","1.09"
"169271","1004","0.08"
"169272","1004","0.4"
"169272","1005","2.33"
"169272","1008","19"
"169272","1003","3.15"
"169273","1003","1.09"
"169273","1004","0.13"
"169273","1005","26.39"
"169273","1008","104"
"169274","1004","0.36"
"169274","1005","3.39"
"169274","1008","20"
"169274","1003","2.03"
"169275","1003","1.49"
"169275","1004","0.19"
"169275","1005","3.55"
"169275","1008","18"
"169276","1005","3.4"
"169276","1008","16"
"169276","1003","0.68"
"169276","1004","0.1"
"169277","1004","0.2"
"169277","1005","18.6"
"169277","1008","82"
"169277","1003","3.3"
"169278","1005","15.36"
"169278","1008","68"
"169278","1003","2.73"
"169278","1004","0.17"
"169279","1005","4.28"
"169279","1008","19"
"169279","1004","0.14"
"169279","1003","0.91"
"169280","1005","6.75"
"169280","1003","0.54"
"169280","1008","26"
"169280","1004","0.03"
"169281","1004","0.05"
"169281","1005","5.23"
"169281","1008","22"
"169281","1003","1.14"
"169282","1005","11.05"
"169282","1008","147"
"169282","1003","12.95"
"169282","1004","6.8"
"169283","1004","6.4"
"169283","1005","11.05"
"169283","1008","141"
"169283","1003","12.35"
"169284","1003","13.09"
"169284","1004","6.7"
"169284","1005","9.57"
"169284","1008","122"
"169285","1003","2.11"
"169285","1004","0.37"
"169285","1005","2.92"
"169285","1008","19"
"169286","1004","0.5"
"169286","1003","2.81"
"169286","1005","3.4"
"169286","1008","23"
"169287","1003","3.63"
"169287","1004","0.57"
"169287","1005","4.21"
"169287","1008","29"
"169288","1004","0.87"
"169288","1005","4.8"
"169288","1008","34"
"169288","1003","4.01"
"169289","1004","0.2"
"169289","1005","3.84"
"169289","1008","18"
"169289","1003","1.2"
"169290","1005","3.3"
"169290","1008","16"
"169290","1003","1.03"
"169290","1004","0.17"
"169291","1004","0.32"
"169291","1005","3.11"
"169291","1008","17"
"169291","1003","1.21"
"169292","1003","1.14"
"169292","1004","0.36"
"169292","1008","15"
"169292","1005","2.69"
"169293","1004","0.14"
"169293","1005","14.58"
"169293","1008","56"
"169293","1003","1.12"
"169294","1005","8.79"
"169294","1008","34"
"169294","1003","0.67"
"169294","1004","0.08"
"169295","1005","11.69"
"169295","1008","45"
"169295","1004","0.1"
"169295","1003","1"
"169296","1005","10.49"
"169296","1003","0.9"
"169296","1004","0.09"
"169296","1008","40"
"169297","1005","6.46"
"169297","1008","30"
"169297","1004","0.37"
"169297","1003","1.48"
"169298","1008","31"
"169298","1003","0.64"
"169298","1004","0.57"
"169298","1005","6.91"
"169299","1005","6.46"
"169299","1008","27"
"169299","1004","0.26"
"169299","1003","0.66"
"169300","1003","5.03"
"169300","1004","1.02"
"169300","1005","19.59"
"169300","1008","99"
"169301","1005","3.13"
"169301","1003","2.6"
"169301","1004","0.2"
"169301","1008","19"
"169302","1004","0.24"
"169302","1008","20"
"169302","1003","2.08"
"169302","1005","3.7"
"169303","1003","2.49"
"169303","1004","0.51"
"169303","1005","8.82"
"169303","1008","42"
"169304","1008","35"
"169304","1004","0.34"
"169304","1005","7.38"
"169304","1003","2.18"
"169305","1005","23.19"
"169305","1008","101"
"169305","1004","0.2"
"169305","1003","1.98"
"169306","1005","22.22"
"169306","1008","96"
"169306","1003","1.71"
"169306","1004","0.18"
"169307","1005","23.4"
"169307","1008","100"
"169307","1004","0.12"
"169307","1003","1.71"
"169308","1008","112"
"169308","1003","1.5"
"169308","1004","0.2"
"169308","1005","26.46"
"169309","1004","0.08"
"169309","1005","3.2"
"169309","1008","14"
"169309","1003","0.73"
"169310","1008","44"
"169310","1003","2.79"
"169310","1004","0.97"
"169310","1005","6.91"
"169311","1003","2.89"
"169311","1004","0.34"
"169311","1005","11.39"
"169311","1008","51"
"169312","1008","45"
"169312","1005","9.18"
"169312","1003","3.11"
"169312","1004","0.5"
"169313","1005","4.11"
"169313","1008","22"
"169313","1004","0.22"
"169313","1003","2.4"
"169314","1003","1.8"
"169314","1004","0.18"
"169314","1005","2.48"
"169314","1008","15"
"169315","1004","0.58"
"169315","1005","4.72"
"169315","1008","33"
"169315","1003","4.83"
"169316","1008","123"
"169316","1005","23.64"
"169316","1003","6.81"
"169316","1004","0.32"
"169317","1003","4.07"
"169317","1004","0.29"
"169317","1005","13.33"
"169317","1008","71"
"169318","1003","6.65"
"169318","1004","0.3"
"169318","1005","19.45"
"169318","1008","105"
"169319","1005","3.5"
"169319","1008","20"
"169319","1004","0.32"
"169319","1003","1.86"
"169320","1005","7.13"
"169320","1008","31"
"169320","1003","1.82"
"169320","1004","0.12"
"169321","1005","7.88"
"169321","1008","35"
"169321","1004","0.28"
"169321","1003","1.89"
"169322","1005","7.88"
"169322","1008","35"
"169322","1003","1.89"
"169322","1004","0.28"
"169323","1005","7.88"
"169323","1008","35"
"169323","1004","0.28"
"169323","1003","1.89"
"169324","1005","7.58"
"169324","1008","33"
"169324","1003","1.8"
"169324","1004","0.21"
"169325","1003","1.49"
"169325","1004","0.17"
"169325","1005","6.45"
"169325","1008","28"
"169326","1005","6.45"
"169326","1008","28"
"169326","1004","0.17"
"169326","1003","1.49"
"169327","1004","0.17"
"169327","1003","1.49"
"169327","1005","6.45"
"169327","1008","28"
"169328","1008","62"
"169328","1003","4.8"
"169328","1004","0.5"
"169328","1005","10.1"
"169329","1005","5.06"
"169329","1004","0.35"
"169329","1008","28"
"169329","1003","2.98"
"169330","1005","5.06"
"169330","1003","2.98"
"169330","1008","28"
"169330","1004","0.35"
"169331","1004","0.35"
"169331","1005","5.24"
"169331","1008","28"
"169331","1003","2.98"
"169332","1005","8.32"
"169332","1008","42"
"169332","1004","0.39"
"169332","1003","3.64"
"169333","1005","21.15"
"169333","1008","88"
"169333","1003","2.09"
"169333","1004","0.14"
"169334","1004","0.02"
"169334","1005","2.16"
"169334","1008","8"
"169334","1003","0.23"
"169335","1003","1.21"
"169335","1004","0.18"
"169335","1005","5.37"
"169335","1008","24"
"169336","1004","0.18"
"169336","1005","5.37"
"169336","1008","24"
"169336","1003","1.21"
"169337","1003","1.5"
"169337","1004","0.17"
"169337","1005","2.41"
"169337","1008","14"
"169338","1005","4.74"
"169338","1008","20"
"169338","1004","0.11"
"169338","1003","0.76"
"169339","1004","0.18"
"169339","1003","0.76"
"169339","1005","8.22"
"169339","1008","35"
"169340","1005","5.36"
"169340","1008","23"
"169340","1003","0.59"
"169340","1004","0.14"
"169341","1008","27"
"169341","1003","0.96"
"169341","1004","0.19"
"169341","1005","5.9"
"169342","1005","4"
"169342","1008","18"
"169342","1004","0.16"
"169342","1003","0.83"
"169343","1005","4.13"
"169343","1008","20"
"169343","1003","1.88"
"169343","1004","0.08"
"169344","1004","0.48"
"169344","1003","0.62"
"169344","1005","4.5"
"169344","1008","22"
"169345","1003","1.95"
"169345","1004","0.77"
"169345","1005","13.86"
"169345","1008","61"
"169346","1008","72"
"169346","1005","18.13"
"169346","1004","0.42"
"169346","1003","1.74"
"169347","1003","2.41"
"169347","1004","0.5"
"169347","1005","19.44"
"169347","1008","79"
"169348","1003","2.55"
"169348","1005","18.71"
"169348","1008","79"
"169348","1004","0.67"
"169349","1008","94"
"169349","1003","3.11"
"169349","1004","0.74"
"169349","1005","22.33"
"169350","1005","3.8"
"169350","1008","23"
"169350","1004","0.6"
"169350","1003","1.9"
"169351","1005","6.4"
"169351","1008","33"
"169351","1003","2"
"169351","1004","0.6"
"169352","1005","8.14"
"169352","1008","33"
"169352","1004","0.23"
"169352","1003","0.83"
"169353","1005","3.1"
"169353","1008","13"
"169353","1003","0.6"
"169353","1004","0.02"
"169354","1005","7.29"
"169354","1008","37"
"169354","1004","0.2"
"169354","1003","3.68"
"169355","1003","2.94"
"169355","1004","1.21"
"169355","1005","5.3"
"169355","1008","44"
"169356","1004","1.21"
"169356","1005","5.3"
"169356","1008","36"
"169356","1003","2.94"
"169357","1008","29"
"169357","1003","1.8"
"169357","1004","0.11"
"169357","1005","6.69"
"169358","1005","8.23"
"169358","1008","36"
"169358","1003","0.72"
"169358","1004","0.09"
"169359","1005","9.17"
"169359","1008","47"
"169359","1004","0.1"
"169359","1003","2.53"
"169360","1004","0.5"
"169360","1003","1.95"
"169360","1005","15.41"
"169360","1008","64"
"169361","1004","1.22"
"169361","1005","14.34"
"169361","1008","67"
"169361","1003","2.29"
"169362","1005","18.62"
"169362","1008","74"
"169362","1003","1.74"
"169362","1004","0.42"
"169363","1005","18.13"
"169363","1008","72"
"169363","1004","0.42"
"169363","1003","1.74"
"169364","1003","2.75"
"169364","1004","0.43"
"169364","1008","80"
"169364","1005","19.56"
"169365","1005","23.5"
"169365","1008","98"
"169365","1004","0.78"
"169365","1003","3.28"
"169366","1005","22.33"
"169366","1008","94"
"169366","1003","3.11"
"169366","1004","0.74"
"169367","1005","22.33"
"169367","1008","94"
"169367","1004","0.74"
"169367","1003","3.11"
"169368","1005","5.1"
"169368","1008","21"
"169368","1003","1.14"
"169368","1004","0.05"
"169369","1005","6.53"
"169369","1008","81"
"169369","1004","4.45"
"169369","1003","8.47"
"169370","1005","9.4"
"169370","1008","125"
"169370","1003","13.1"
"169370","1004","7.1"
"169371","1004","0.64"
"169371","1005","2.93"
"169371","1008","20"
"169371","1003","1.83"
"169372","1003","1.9"
"169372","1004","5.6"
"169372","1005","15.02"
"169372","1008","113"
"169373","1008","314"
"169373","1005","68.7"
"169373","1004","3"
"169373","1003","17.9"
"169374","1005","4.5"
"169374","1008","20"
"169374","1003","1.15"
"169374","1004","0.1"
"169375","1005","4.5"
"169375","1008","20"
"169375","1004","0.1"
"169375","1003","1.15"
"169376","1004","0.34"
"169376","1005","3.26"
"169376","1008","22"
"169376","1003","3.09"
"169377","1005","4.44"
"169377","1008","29"
"169377","1003","3.28"
"169377","1004","0.58"
"169378","1004","0.41"
"169378","1003","0.58"
"169378","1005","21.15"
"169378","1008","91"
"169379","1003","0.33"
"169379","1004","0.2"
"169379","1005","2.26"
"169379","1008","11"
"169380","1003","0.37"
"169380","1004","0.26"
"169380","1005","33.73"
"169380","1008","122"
"169381","1004","0.1"
"169381","1005","27.4"
"169381","1008","101"
"169381","1003","1.04"
"169382","1005","7.81"
"169382","1008","37"
"169382","1004","0.29"
"169382","1003","2.66"
"169383","1005","6.32"
"169383","1008","27"
"169383","1003","1"
"169383","1004","0.21"
"169384","1004","14.08"
"169384","1005","23.33"
"169384","1008","213"
"169384","1003","5.06"
"169385","1005","7.3"
"169385","1003","1.24"
"169385","1008","31"
"169385","1004","0.2"
"169386","1004","0.54"
"169386","1005","34.48"
"169386","1008","129"
"169386","1003","0.63"
"169387","1005","3.65"
"169387","1003","2.58"
"169387","1004","0.66"
"169387","1008","25"
"169388","1005","3.28"
"169388","1008","15"
"169388","1004","0.05"
"169388","1003","1.35"
"169389","1004","0.3"
"169389","1003","2.95"
"169389","1005","6.09"
"169389","1008","31"
"169390","1005","6.28"
"169390","1008","32"
"169390","1004","0.31"
"169390","1003","3.04"
"169391","1005","6.28"
"169391","1008","32"
"169391","1003","3.04"
"169391","1004","0.31"
"169392","1005","3.81"
"169392","1008","22"
"169392","1003","1.14"
"169392","1004","0.72"
"169393","1005","11.71"
"169393","1008","69"
"169393","1004","1.97"
"169393","1003","4.27"
"169394","1003","1.66"
"169394","1004","0.45"
"169394","1005","5.35"
"169394","1008","27"
"169395","1004","0.44"
"169395","1005","6.7"
"169395","1008","32"
"169395","1003","1.74"
"169396","1008","281"
"169396","1005","51.42"
"169396","1003","11.86"
"169396","1004","8.2"
"169397","1004","0.9"
"169397","1005","26.64"
"169397","1008","121"
"169397","1003","1.5"
"169398","1003","0.33"
"169398","1004","0.52"
"169398","1005","7.44"
"169398","1008","32"
"169399","1004","2.75"
"169399","1005","19.22"
"169399","1008","103"
"169399","1003","4.71"
"169400","1003","2.98"
"169400","1004","0.78"
"169400","1005","2.71"
"169400","1008","23"
"169401","1003","1.46"
"169401","1004","0.4"
"169401","1005","23.63"
"169401","1008","98"
"169402","1004","0.46"
"169402","1003","3.91"
"169402","1005","6.04"
"169402","1008","35"
"169403","1003","1.94"
"169403","1004","0.19"
"169403","1005","6.97"
"169403","1008","31"
"169404","1004","0.76"
"169404","1005","4.67"
"169404","1003","1.2"
"169404","1008","26"
"169405","1005","5.54"
"169405","1008","34"
"169405","1003","4.55"
"169405","1004","0.4"
"169406","1004","56.44"
"169406","1005","17.89"
"169406","1008","607"
"169406","1003","17.95"
"169407","1003","28.33"
"169407","1004","47.37"
"169407","1005","15.31"
"169407","1008","557"
"169408","1004","1.24"
"169408","1005","81.43"
"169408","1008","360"
"169408","1003","5.25"
"169409","1003","1.61"
"169409","1004","20.8"
"169409","1005","5.58"
"169409","1008","202"
"169410","1003","17.81"
"169410","1004","48"
"169410","1005","26.19"
"169410","1008","570"
"169411","1004","62.3"
"169411","1005","20.79"
"169411","1008","647"
"169411","1003","13.11"
"169412","1004","61.21"
"169412","1003","20.45"
"169412","1005","11.73"
"169412","1008","631"
"169413","1003","2.25"
"169413","1004","0.53"
"169413","1005","34.91"
"169413","1008","154"
"169414","1004","42.16"
"169414","1003","18.29"
"169414","1005","28.88"
"169414","1008","534"
"169415","1003","29.84"
"169415","1004","49.05"
"169415","1005","14.71"
"169415","1008","574"
"169416","1003","16.96"
"169416","1004","48"
"169416","1005","26.04"
"169416","1008","567"
"169417","1003","19.33"
"169417","1004","49.8"
"169417","1005","15.31"
"169417","1008","546"
"169418","1004","49.8"
"169418","1005","24.07"
"169418","1008","582"
"169418","1003","19.33"
"169419","1003","21.23"
"169419","1004","55.17"
"169419","1005","17.68"
"169419","1008","607"
"169420","1004","55.89"
"169420","1005","17.86"
"169420","1008","607"
"169420","1003","21.43"
"169421","1003","15.31"
"169421","1004","46.35"
"169421","1005","32.69"
"169421","1008","574"
"169422","1005","30.16"
"169422","1008","581"
"169422","1003","16.84"
"169422","1004","47.77"
"169423","1003","15.52"
"169423","1004","56.17"
"169423","1005","22.27"
"169423","1008","615"
"169424","1004","74.27"
"169424","1003","9.5"
"169424","1005","13.55"
"169424","1008","710"
"169425","1003","9.2"
"169425","1004","75.23"
"169425","1005","13.01"
"169425","1008","715"
"169426","1004","45.82"
"169426","1005","27.55"
"169426","1008","569"
"169426","1003","21.05"
"169427","1003","20.04"
"169427","1004","53.95"
"169427","1005","21.05"
"169427","1008","607"
"169428","1004","50"
"169428","1005","25"
"169428","1008","607"
"169428","1003","17.86"
"169429","1005","0"
"169429","1008","117"
"169429","1003","23.07"
"169429","1004","2.69"
"169430","1003","17.32"
"169430","1004","24.05"
"169430","1005","0"
"169430","1008","291"
"169431","1004","22.55"
"169431","1005","0"
"169431","1008","278"
"169431","1003","17.48"
"169432","1003","28.97"
"169432","1004","17.37"
"169432","1005","0"
"169432","1008","280"
"169433","1005","0"
"169433","1008","165"
"169433","1004","8.29"
"169433","1003","21.22"
"169434","1003","26.98"
"169434","1004","16.44"
"169434","1005","0"
"169434","1008","263"
"169435","1005","0"
"169435","1004","9.31"
"169435","1003","27.55"
"169435","1008","202"
"169436","1005","0"
"169436","1003","26.58"
"169436","1004","16.76"
"169436","1008","265"
"169437","1003","20.13"
"169437","1004","8.3"
"169437","1005","0"
"169437","1008","161"
"169438","1005","0"
"169438","1004","9.01"
"169438","1003","28.88"
"169438","1008","205"
"169439","1003","14.4"
"169439","1004","36.23"
"169439","1005","0.4"
"169439","1008","390"
"169440","1003","32.21"
"169440","1004","9.24"
"169440","1005","0"
"169440","1008","221"
"169441","1003","21.75"
"169441","1004","3.85"
"169441","1005","0"
"169441","1008","128"
"169442","1004","6.36"
"169442","1005","0"
"169442","1008","201"
"169442","1003","33.68"
"169443","1005","0"
"169443","1008","161"
"169443","1004","7.39"
"169443","1003","22.13"
"169444","1004","10.46"
"169444","1005","0"
"169444","1008","216"
"169444","1003","30.54"
"169445","1003","21.13"
"169445","1004","6.07"
"169445","1005","0.31"
"169445","1008","140"
"169446","1004","6.51"
"169446","1005","0.39"
"169446","1008","145"
"169446","1003","21.19"
"169447","1004","21.83"
"169447","1003","23.05"
"169447","1008","295"
"169447","1005","0"
"169448","1003","28.48"
"169448","1004","4.73"
"169448","1005","0.15"
"169448","1008","165"
"169449","1004","3.09"
"169449","1003","17.4"
"169449","1005","0.29"
"169449","1008","99"
"169450","1003","27.27"
"169450","1004","4.65"
"169450","1005","0"
"169450","1008","158"
"169451","1004","3.63"
"169451","1003","20.36"
"169451","1005","3.89"
"169451","1008","135"
"169452","1004","18.6"
"169452","1005","0"
"169452","1008","235"
"169452","1003","15.7"
"169453","1003","27.1"
"169453","1004","17.2"
"169453","1005","0"
"169453","1008","271"
"169454","1004","3"
"169454","1005","0"
"169454","1008","105"
"169454","1003","18.3"
"169455","1005","0"
"169455","1008","211"
"169455","1004","9.52"
"169455","1003","29.22"
"169456","1005","0"
"169456","1003","29.99"
"169456","1004","6.74"
"169456","1008","189"
"169457","1005","0"
"169457","1008","212"
"169457","1003","29.33"
"169457","1004","9.67"
"169458","1005","0"
"169458","1003","29.02"
"169458","1004","10.54"
"169458","1008","219"
"169459","1004","19.27"
"169459","1005","0"
"169459","1003","23.96"
"169459","1008","276"
"169460","1003","23.61"
"169460","1004","20.15"
"169460","1005","0"
"169460","1008","283"
"169461","1004","17.98"
"169461","1005","0"
"169461","1003","24.47"
"169461","1008","267"
"169462","1004","6.6"
"169462","1008","155"
"169462","1003","22.32"
"169462","1005","0"
"169463","1008","194"
"169463","1004","8.81"
"169463","1003","26.89"
"169463","1005","0"
"169464","1004","15.93"
"169464","1005","0"
"169464","1003","24.18"
"169464","1008","247"
"169465","1003","24.05"
"169465","1004","17.26"
"169465","1005","0"
"169465","1008","258"
"169466","1004","14"
"169466","1005","0"
"169466","1003","24.38"
"169466","1008","230"
"169467","1003","28.45"
"169467","1004","9.35"
"169467","1008","206"
"169467","1005","0"
"169468","1008","177"
"169468","1004","7.36"
"169468","1003","26"
"169468","1005","0"
"169469","1003","33.9"
"169469","1004","5.92"
"169469","1005","0"
"169469","1008","198"
"169470","1004","7.01"
"169470","1005","0"
"169470","1003","20.48"
"169470","1008","151"
"169471","1005","0"
"169471","1008","166"
"169471","1004","4.11"
"169471","1003","30.24"
"169472","1005","0"
"169472","1003","29.81"
"169472","1004","3.37"
"169472","1008","158"
"169473","1003","25.56"
"169473","1004","17.86"
"169473","1008","270"
"169473","1005","0"
"169474","1008","241"
"169474","1003","23.87"
"169474","1004","15.37"
"169474","1005","0"
"169475","1003","28.28"
"169475","1004","9.83"
"169475","1005","0"
"169475","1008","202"
"169476","1004","8.34"
"169476","1005","0"
"169476","1008","187"
"169476","1003","27.96"
"169477","1003","20.36"
"169477","1004","6.42"
"169477","1005","0"
"169477","1008","139"
"169478","1004","6.88"
"169478","1005","0"
"169478","1008","143"
"169478","1003","20.35"
"169479","1003","27.59"
"169479","1004","11.07"
"169479","1005","0"
"169479","1008","210"
"169480","1003","21.64"
"169480","1004","4.09"
"169480","1005","0"
"169480","1008","123"
"169481","1003","21.45"
"169481","1004","4.35"
"169481","1005","0.11"
"169481","1008","125"
"169482","1003","21.93"
"169482","1004","3.7"
"169482","1005","0"
"169482","1008","121"
"169483","1008","215"
"169483","1003","20.01"
"169483","1004","14.42"
"169483","1005","0"
"169484","1004","16.59"
"169484","1005","0"
"169484","1008","259"
"169484","1003","26.11"
"169485","1008","224"
"169485","1004","15.42"
"169485","1005","0"
"169485","1003","19.79"
"169486","1003","25.85"
"169486","1004","17.68"
"169486","1005","0"
"169486","1008","268"
"169487","1008","193"
"169487","1004","12.4"
"169487","1005","0"
"169487","1003","19.06"
"169488","1003","28.82"
"169488","1004","18.42"
"169488","1008","289"
"169488","1005","0"
"169489","1005","0.59"
"169489","1008","267"
"169489","1003","17.65"
"169489","1004","20.98"
"169490","1004","27.17"
"169490","1005","0"
"169490","1008","349"
"169490","1003","24.4"
"169491","1004","17.98"
"169491","1003","19.23"
"169491","1008","244"
"169491","1005","0"
"169492","1004","18.5"
"169492","1003","30.05"
"169492","1008","295"
"169492","1005","0"
"169493","1005","0"
"169493","1008","248"
"169493","1003","17.16"
"169493","1004","19.41"
"169494","1008","341"
"169494","1004","25.12"
"169494","1005","0"
"169494","1003","26.78"
"169495","1005","0.97"
"169495","1008","268"
"169495","1003","16.98"
"169495","1004","21.31"
"169496","1003","26.41"
"169496","1004","9.36"
"169496","1005","0"
"169496","1008","190"
"169497","1004","7.12"
"169497","1005","0"
"169497","1008","172"
"169497","1003","27.02"
"169498","1003","16.53"
"169498","1004","26.1"
"169498","1005","0"
"169498","1008","306"
"169499","1004","26.75"
"169499","1005","0"
"169499","1008","337"
"169499","1003","22.42"
"169500","1003","22.77"
"169500","1004","28.11"
"169500","1005","0"
"169500","1008","351"
"169501","1004","24.2"
"169501","1005","0"
"169501","1008","315"
"169501","1003","22.73"
"169502","1003","23.1"
"169502","1004","25.63"
"169502","1005","0"
"169502","1008","330"
"169503","1004","31.66"
"169503","1005","0"
"169503","1008","355"
"169503","1003","16.15"
"169504","1003","21.95"
"169504","1004","32.38"
"169504","1005","0"
"169504","1008","386"
"169505","1004","29.34"
"169505","1005","0"
"169505","1008","333"
"169505","1003","16.03"
"169506","1003","20.86"
"169506","1004","31.18"
"169506","1005","0"
"169506","1008","370"
"169507","1004","31.28"
"169507","1005","0"
"169507","1008","378"
"169507","1003","22.5"
"169508","1003","16.52"
"169508","1004","24.85"
"169508","1005","0"
"169508","1008","295"
"169509","1004","19.06"
"169509","1003","19.33"
"169509","1008","254"
"169509","1005","0"
"169510","1003","25.85"
"169510","1004","20.04"
"169510","1008","291"
"169510","1005","0"
"169511","1003","22.54"
"169511","1004","27.14"
"169511","1005","0"
"169511","1008","341"
"169512","1004","20.13"
"169512","1003","19.09"
"169512","1008","263"
"169512","1005","0"
"169513","1003","22.76"
"169513","1004","25.02"
"169513","1005","0"
"169513","1008","323"
"169514","1005","0.06"
"169514","1004","29.18"
"169514","1008","335"
"169514","1003","16.74"
"169515","1003","24.13"
"169515","1004","27.86"
"169515","1005","0"
"169515","1008","354"
"169516","1004","35.12"
"169516","1005","0"
"169516","1008","411"
"169516","1003","22.15"
"169517","1005","0"
"169517","1008","184"
"169517","1003","20.56"
"169517","1004","10.68"
"169518","1004","11.08"
"169518","1005","0"
"169518","1008","218"
"169518","1003","27.58"
"169519","1004","11.54"
"169519","1003","20.7"
"169519","1008","192"
"169519","1005","0"
"169520","1004","11.87"
"169520","1003","32.76"
"169520","1008","247"
"169520","1005","0"
"169521","1004","11.19"
"169521","1003","32.67"
"169521","1008","240"
"169521","1005","0"
"169522","1004","10.85"
"169522","1003","26.77"
"169522","1008","212"
"169522","1005","0"
"169523","1003","21.49"
"169523","1004","8.24"
"169523","1008","166"
"169523","1005","0"
"169524","1003","28.31"
"169524","1004","9.65"
"169524","1008","208"
"169524","1005","0"
"169525","1004","11.67"
"169525","1005","0"
"169525","1008","189"
"169525","1003","19.6"
"169526","1008","219"
"169526","1003","27.45"
"169526","1004","11.34"
"169526","1005","0"
"169527","1004","12.83"
"169527","1005","0"
"169527","1008","199"
"169527","1003","19.48"
"169528","1003","27.27"
"169528","1004","12.34"
"169528","1005","0"
"169528","1008","228"
"169529","1003","22.06"
"169529","1004","7.93"
"169529","1008","166"
"169529","1005","0"
"169530","1008","238"
"169530","1003","34.34"
"169530","1004","10.13"
"169530","1005","0"
"169531","1003","30.67"
"169531","1004","9"
"169531","1008","204"
"169531","1005","0"
"169532","1004","8.19"
"169532","1003","21.94"
"169532","1008","168"
"169532","1005","0"
"169533","1003","30.63"
"169533","1004","7.73"
"169533","1008","201"
"169533","1005","0"
"169534","1004","8.67"
"169534","1005","0"
"169534","1008","173"
"169534","1003","22.24"
"169535","1003","31.27"
"169535","1004","10.1"
"169535","1005","0"
"169535","1008","225"
"169536","1004","6.21"
"169536","1005","0"
"169536","1008","137"
"169536","1003","20.28"
"169537","1003","24.21"
"169537","1004","21.13"
"169537","1008","294"
"169537","1005","0"
"169538","1003","20.61"
"169538","1008","228"
"169538","1004","15.49"
"169538","1005","0"
"169539","1008","264"
"169539","1004","16.78"
"169539","1003","26.44"
"169539","1005","0"
"169540","1003","19.32"
"169540","1004","17.1"
"169540","1008","237"
"169540","1005","0"
"169541","1003","25.92"
"169541","1004","22.12"
"169541","1005","0"
"169541","1008","310"
"169542","1004","18.16"
"169542","1003","19.61"
"169542","1008","247"
"169542","1005","0"
"169543","1003","26.46"
"169543","1004","17.12"
"169543","1008","267"
"169543","1005","0"
"169544","1004","24.6"
"169544","1005","0"
"169544","1008","324"
"169544","1003","23.9"
"169545","1004","17.88"
"169545","1003","19.82"
"169545","1008","246"
"169545","1005","0"
"169546","1004","23.7"
"169546","1005","0"
"169546","1008","316"
"169546","1003","23.9"
"169547","1003","18.15"
"169547","1004","21.83"
"169547","1005","0"
"169547","1008","274"
"169548","1004","22.21"
"169548","1005","0"
"169548","1008","308"
"169548","1003","25.26"
"169549","1003","24.04"
"169549","1004","26.67"
"169549","1005","0"
"169549","1008","343"
"169550","1004","21.06"
"169550","1005","0"
"169550","1008","313"
"169550","1003","28.77"
"169551","1004","11.13"
"169551","1003","20.68"
"169551","1008","189"
"169551","1005","0"
"169552","1003","27.12"
"169552","1004","12.71"
"169552","1008","230"
"169552","1005","0"
"169553","1004","6.69"
"169553","1005","0"
"169553","1003","25.95"
"169553","1008","171"
"169554","1004","7.15"
"169554","1005","0"
"169554","1003","27.78"
"169554","1008","183"
"169555","1003","33.59"
"169555","1004","6.77"
"169555","1005","0"
"169555","1008","205"
"169556","1004","12.71"
"169556","1005","0"
"169556","1003","27.95"
"169556","1008","234"
"169557","1003","27.27"
"169557","1004","14.74"
"169557","1005","0"
"169557","1008","249"
"169558","1004","11.07"
"169558","1005","0"
"169558","1003","26.05"
"169558","1008","211"
"169559","1003","20.64"
"169559","1004","7.68"
"169559","1005","0"
"169559","1008","157"
"169560","1005","0"
"169560","1004","4.28"
"169560","1008","167"
"169560","1003","29.96"
"169561","1004","5.69"
"169561","1005","0"
"169561","1003","25.74"
"169561","1008","161"
"169562","1003","26.13"
"169562","1004","5.02"
"169562","1005","0"
"169562","1008","157"
"169563","1003","21.22"
"169563","1004","7.17"
"169563","1005","0"
"169563","1008","155"
"169564","1004","6.06"
"169564","1005","0"
"169564","1003","21.22"
"169564","1008","145"
"169565","1003","20.61"
"169565","1004","6.01"
"169565","1005","0"
"169565","1008","137"
"169566","1004","6.21"
"169566","1005","0"
"169566","1008","139"
"169566","1003","20.67"
"169567","1004","14.95"
"169567","1005","0"
"169567","1008","250"
"169567","1003","28.84"
"169568","1003","28.79"
"169568","1004","12.08"
"169568","1005","0"
"169568","1008","224"
"169569","1004","13.8"
"169569","1005","0"
"169569","1008","240"
"169569","1003","28.82"
"169570","1003","20.57"
"169570","1004","8.45"
"169570","1005","0"
"169570","1008","158"
"169571","1005","0"
"169571","1008","182"
"169571","1003","26.75"
"169571","1004","8.34"
"169572","1004","0"
"169572","1003","0.25"
"169572","1005","1.3"
"169572","1008","29"
"169573","1003","0"
"169573","1004","0"
"169573","1005","15.7"
"169573","1008","125"
"169574","1003","0.06"
"169574","1004","0.06"
"169574","1005","6.94"
"169574","1008","186"
"169575","1003","0.17"
"169575","1004","0"
"169575","1005","0.73"
"169575","1008","27"
"169576","1004","14.8"
"169576","1003","4.1"
"169576","1005","68.4"
"169576","1008","390"
"169577","1003","0"
"169577","1004","0"
"169577","1005","44.55"
"169577","1008","165"
"169578","1003","0"
"169578","1004","0"
"169578","1005","61.47"
"169578","1008","234"
"169579","1003","12.82"
"169579","1004","38.46"
"169579","1005","44.89"
"169579","1008","577"
"169580","1004","33.76"
"169580","1005","44.88"
"169580","1008","510"
"169580","1003","6.21"
"169581","1004","26.15"
"169581","1005","65.96"
"169581","1008","517"
"169581","1003","4.44"
"169582","1004","26.13"
"169582","1005","60.48"
"169582","1008","515"
"169582","1003","9.57"
"169583","1003","4.33"
"169583","1004","21.13"
"169583","1005","71.19"
"169583","1008","492"
"169584","1004","23.36"
"169584","1005","68.4"
"169584","1008","502"
"169584","1003","4.78"
"169585","1004","33.7"
"169585","1005","47.4"
"169585","1008","522"
"169585","1003","15.5"
"169586","1004","18.98"
"169586","1003","7.57"
"169586","1005","71.24"
"169586","1008","486"
"169587","1004","17"
"169587","1005","71"
"169587","1008","422"
"169587","1003","4.4"
"169588","1003","11.6"
"169588","1004","33.3"
"169588","1005","50.3"
"169588","1008","516"
"169589","1003","7.53"
"169589","1004","23.85"
"169589","1005","61.51"
"169589","1008","491"
"169590","1004","8.21"
"169590","1005","82.57"
"169590","1003","0.41"
"169590","1008","408"
"169591","1004","23.36"
"169591","1005","68.4"
"169591","1008","502"
"169591","1003","4.78"
"169592","1003","5.54"
"169592","1004","32.4"
"169592","1005","60.49"
"169592","1008","556"
"169593","1005","57.9"
"169593","1008","228"
"169593","1003","19.6"
"169593","1004","13.7"
"169594","1005","58.3"
"169594","1008","220"
"169594","1004","13.1"
"169594","1003","18.1"
"169595","1003","5.02"
"169595","1004","4.58"
"169595","1008","104"
"169595","1005","11"
"169596","1008","60"
"169596","1003","1.22"
"169596","1004","0"
"169596","1005","14.19"
"169597","1003","15.67"
"169597","1004","0"
"169597","1005","80.21"
"169597","1008","198"
"169598","1008","20"
"169598","1004","0"
"169598","1005","4.22"
"169598","1003","0.83"
"169599","1003","85.6"
"169599","1004","0.1"
"169599","1005","0"
"169599","1008","335"
"169600","1003","3.1"
"169600","1004","3.1"
"169600","1005","18.8"
"169600","1008","111"
"169601","1004","3.43"
"169601","1005","30.84"
"169601","1008","161"
"169601","1003","1.75"
"169602","1005","91.6"
"169602","1008","348"
"169602","1004","0"
"169602","1003","0"
"169603","1003","2.6"
"169603","1004","2.1"
"169603","1005","89.3"
"169603","1008","362"
"169604","1005","19.64"
"169604","1003","3.16"
"169604","1004","3.15"
"169604","1008","120"
"169605","1003","3.25"
"169605","1004","2.82"
"169605","1005","20.68"
"169605","1008","121"
"169606","1004","0.1"
"169606","1005","94.3"
"169606","1008","369"
"169606","1003","0.1"
"169607","1003","2.84"
"169607","1004","2.89"
"169607","1005","19.43"
"169607","1008","115"
"169608","1003","1.45"
"169608","1004","3.78"
"169608","1008","130"
"169608","1005","22.6"
"169609","1008","379"
"169609","1003","0.3"
"169609","1004","0.4"
"169609","1005","93.5"
"169610","1005","18.92"
"169610","1008","113"
"169610","1003","2.8"
"169610","1004","2.9"
"169611","1003","3.29"
"169611","1004","1.63"
"169611","1005","20.81"
"169611","1008","111"
"169612","1004","1.67"
"169612","1005","19.56"
"169612","1008","105"
"169612","1003","2.88"
"169613","1004","0.1"
"169613","1005","6.2"
"169613","1008","24"
"169613","1003","0.5"
"169614","1004","3.88"
"169614","1005","21.69"
"169614","1008","130"
"169614","1003","1.95"
"169615","1003","3.1"
"169615","1004","2.5"
"169615","1005","17.8"
"169615","1008","104"
"169616","1004","3.3"
"169616","1005","91.5"
"169616","1008","363"
"169616","1003","2.4"
"169617","1003","3.2"
"169617","1004","3.34"
"169617","1005","13.34"
"169617","1008","96"
"169618","1004","24"
"169618","1003","1.5"
"169618","1005","52.7"
"169618","1008","433"
"169619","1004","17.3"
"169619","1005","67.32"
"169619","1008","415"
"169619","1003","0.1"
"169620","1003","0"
"169620","1005","67.89"
"169620","1008","418"
"169620","1004","16.23"
"169621","1003","2.99"
"169621","1004","1.72"
"169621","1005","18.82"
"169621","1008","103"
"169622","1003","9.76"
"169622","1004","35.73"
"169622","1005","51.72"
"169622","1008","568"
"169623","1004","29.85"
"169623","1005","55.18"
"169623","1008","521"
"169623","1003","11.34"
"169624","1003","11.28"
"169624","1004","32.09"
"169624","1005","52.8"
"169624","1008","517"
"169625","1004","5.2"
"169625","1005","92"
"169625","1008","389"
"169625","1003","1.3"
"169626","1003","1.5"
"169626","1004","0"
"169626","1005","62.6"
"169626","1008","244"
"169627","1003","5.58"
"169627","1004","34.5"
"169627","1005","57.54"
"169627","1008","563"
"169628","1003","9.53"
"169628","1004","31.34"
"169628","1005","55.38"
"169628","1008","521"
"169629","1004","27.84"
"169629","1005","63.64"
"169629","1008","520"
"169629","1003","6.24"
"169630","1003","8.66"
"169630","1004","23.42"
"169630","1005","61.6"
"169630","1008","474"
"169631","1003","3.97"
"169631","1004","7.45"
"169631","1005","21.42"
"169631","1008","169"
"169632","1005","20.2"
"169632","1008","87"
"169632","1004","0.1"
"169632","1003","1.2"
"169633","1004","5.74"
"169633","1003","3.54"
"169633","1005","26.79"
"169633","1008","173"
"169634","1004","30"
"169634","1005","59.95"
"169634","1008","540"
"169634","1003","7.5"
"169635","1003","0.6"
"169635","1004","1"
"169635","1005","82.7"
"169635","1008","342"
"169636","1003","0.1"
"169636","1004","3.5"
"169636","1005","85.2"
"169636","1008","373"
"169637","1003","7.41"
"169637","1004","33.18"
"169637","1005","55.25"
"169637","1008","549"
"169638","1008","128"
"169638","1003","0.4"
"169638","1004","0"
"169638","1005","32.6"
"169639","1004","36.22"
"169639","1005","43.64"
"169639","1003","15.25"
"169639","1008","536"
"169640","1003","0.3"
"169640","1004","0"
"169640","1005","82.4"
"169640","1008","304"
"169641","1003","0.37"
"169641","1004","0.07"
"169641","1005","68.86"
"169641","1008","278"
"169642","1004","0.02"
"169642","1005","69.95"
"169642","1008","266"
"169642","1003","0.15"
"169643","1003","7.15"
"169643","1004","24.32"
"169643","1005","61.07"
"169643","1008","480"
"169644","1004","18"
"169644","1003","3.3"
"169644","1005","71.85"
"169644","1008","463"
"169645","1003","2.59"
"169645","1004","15.17"
"169645","1005","75.94"
"169645","1008","443"
"169646","1004","8.36"
"169646","1005","82.43"
"169646","1008","408"
"169646","1003","0.41"
"169647","1004","7.78"
"169647","1005","79.73"
"169647","1003","0.39"
"169647","1008","400"
"169648","1003","0"
"169648","1004","0.6"
"169648","1005","92.7"
"169648","1008","367"
"169649","1003","2.62"
"169649","1004","2.8"
"169649","1005","19.76"
"169649","1008","115"
"169650","1005","93"
"169650","1008","366"
"169650","1004","0.4"
"169650","1003","0"
"169651","1003","5.81"
"169651","1004","29.3"
"169651","1005","62.99"
"169651","1008","539"
"169652","1004","28.68"
"169652","1003","6.35"
"169652","1005","60.37"
"169652","1008","525"
"169653","1003","8.21"
"169653","1004","26.23"
"169653","1005","62.06"
"169653","1008","517"
"169654","1003","0"
"169654","1004","0.7"
"169654","1005","95.4"
"169654","1008","378"
"169655","1003","0"
"169655","1004","0"
"169655","1008","387"
"169655","1005","99.98"
"169656","1004","0"
"169656","1008","389"
"169656","1003","0"
"169656","1005","99.77"
"169657","1003","2.17"
"169657","1004","0"
"169657","1005","89.08"
"169657","1008","365"
"169658","1003","0.1"
"169658","1004","0.2"
"169658","1005","90.9"
"169658","1008","354"
"169659","1003","0"
"169659","1004","0"
"169659","1005","76"
"169659","1008","281"
"169660","1004","0"
"169660","1005","71.3"
"169660","1008","318"
"169660","1003","6.2"
"169661","1003","0.04"
"169661","1004","0.06"
"169661","1005","67.04"
"169661","1008","260"
"169662","1004","0"
"169662","1003","0"
"169662","1005","74.9"
"169662","1008","290"
"169663","1004","24.38"
"169663","1005","62.85"
"169663","1003","6.86"
"169663","1008","488"
"169664","1004","0.3"
"169664","1005","79"
"169664","1008","322"
"169664","1003","0.8"
"169665","1004","0.1"
"169665","1005","66.4"
"169665","1008","253"
"169665","1003","0.1"
"169666","1005","58.08"
"169666","1008","448"
"169666","1003","4.5"
"169666","1004","22"
"169667","1004","4.34"
"169667","1005","90.77"
"169667","1003","0.19"
"169667","1008","405"
"169668","1003","0.44"
"169668","1004","0.53"
"169668","1005","83.65"
"169668","1008","341"
"169669","1004","17.48"
"169669","1005","71.34"
"169669","1008","453"
"169669","1003","2.26"
"169670","1003","0.03"
"169670","1004","3.33"
"169670","1005","91.56"
"169670","1008","397"
"169671","1004","32.75"
"169671","1005","64.72"
"169671","1008","560"
"169671","1003","1.07"
"169672","1003","9"
"169672","1004","14.3"
"169672","1005","71.7"
"169672","1008","436"
"169673","1004","20.4"
"169673","1005","64.6"
"169673","1008","458"
"169673","1003","7"
"169674","1003","5.65"
"169674","1004","16.57"
"169674","1005","70.2"
"169674","1008","418"
"169675","1003","6.1"
"169675","1004","15.5"
"169675","1005","70.8"
"169675","1008","427"
"169676","1004","20.4"
"169676","1005","63.6"
"169676","1008","454"
"169676","1003","8"
"169677","1004","33.98"
"169677","1005","53.83"
"169677","1008","532"
"169677","1003","6.39"
"169678","1003","7"
"169678","1004","37"
"169678","1005","50.6"
"169678","1008","551"
"169679","1004","3.2"
"169679","1005","81.2"
"169679","1008","385"
"169679","1003","8.4"
"169680","1003","8.5"
"169680","1004","3.5"
"169680","1005","80.1"
"169680","1008","387"
"169681","1004","23.8"
"169681","1005","62.3"
"169681","1008","483"
"169681","1003","9.8"
"169682","1003","8.5"
"169682","1004","27.2"
"169682","1005","57.7"
"169682","1008","496"
"169683","1004","20.8"
"169683","1005","66.9"
"169683","1008","471"
"169683","1003","7.1"
"169684","1004","0.7"
"169684","1008","274"
"169684","1003","7.74"
"169684","1005","65"
"169685","1005","90.06"
"169685","1008","381"
"169685","1003","2"
"169685","1004","1.4"
"169686","1005","83.76"
"169686","1008","379"
"169686","1003","9.64"
"169686","1004","0.6"
"169687","1005","80.5"
"169687","1008","417"
"169687","1004","9"
"169687","1003","3.4"
"169688","1003","8"
"169688","1004","7.4"
"169688","1005","78"
"169688","1008","390"
"169689","1003","4.47"
"169689","1004","13.02"
"169689","1008","420"
"169689","1005","72.31"
"169690","1003","4.2"
"169690","1004","29.7"
"169690","1005","63.4"
"169690","1008","477"
"169691","1004","0"
"169691","1005","90.5"
"169691","1008","381"
"169691","1003","7.8"
"169692","1003","55.3"
"169692","1004","0"
"169692","1005","33.3"
"169692","1008","345"
"169693","1004","0"
"169693","1005","33.3"
"169693","1008","345"
"169693","1003","55.3"
"169694","1004","3.69"
"169694","1005","76.59"
"169694","1008","363"
"169694","1003","8.46"
"169695","1004","1.39"
"169695","1005","82.75"
"169695","1008","375"
"169695","1003","5.59"
"169696","1003","8.46"
"169696","1004","3.69"
"169696","1005","76.59"
"169696","1008","363"
"169697","1004","3.59"
"169697","1005","76.89"
"169697","1008","362"
"169697","1003","8.12"
"169698","1004","0.05"
"169698","1005","91.27"
"169698","1008","381"
"169698","1003","0.26"
"169699","1003","12.76"
"169699","1004","0.64"
"169699","1005","77.43"
"169699","1008","376"
"169700","1004","0.16"
"169700","1005","23.22"
"169700","1008","112"
"169700","1003","3.79"
"169701","1003","1.48"
"169701","1004","0.88"
"169701","1005","14.26"
"169701","1008","72"
"169702","1004","4.22"
"169702","1005","72.85"
"169702","1008","378"
"169702","1003","11.02"
"169703","1004","3.2"
"169703","1005","76.25"
"169703","1008","367"
"169703","1003","7.54"
"169704","1003","2.74"
"169704","1004","0.97"
"169704","1005","25.58"
"169704","1008","123"
"169705","1003","16.89"
"169705","1004","6.9"
"169705","1005","66.27"
"169705","1008","389"
"169706","1004","2.68"
"169706","1005","76.17"
"169706","1008","362"
"169706","1003","7.5"
"169707","1005","80.89"
"169707","1008","374"
"169707","1004","1.03"
"169707","1003","7.51"
"169708","1003","2.91"
"169708","1004","0.37"
"169708","1005","26.05"
"169708","1008","123"
"169709","1004","0.94"
"169709","1003","7.82"
"169709","1005","82.32"
"169709","1008","380"
"169710","1003","2.18"
"169710","1004","0.5"
"169710","1005","26.76"
"169710","1008","124"
"169711","1004","0.19"
"169711","1005","21.09"
"169711","1008","97"
"169711","1003","2.02"
"169712","1003","3.2"
"169712","1004","0.27"
"169712","1005","33.88"
"169712","1008","151"
"169713","1003","13.35"
"169713","1004","20.85"
"169713","1005","49.69"
"169713","1008","316"
"169714","1004","1.42"
"169714","1005","80.13"
"169714","1008","366"
"169714","1003","5.95"
"169715","1003","12.68"
"169715","1004","1.05"
"169715","1005","72.83"
"169715","1008","360"
"169716","1003","10.62"
"169716","1004","3.46"
"169716","1005","72.09"
"169716","1008","329"
"169717","1003","0.19"
"169717","1004","0.02"
"169717","1005","88.69"
"169717","1008","358"
"169718","1004","2.09"
"169718","1005","72.13"
"169718","1008","336"
"169718","1003","13.05"
"169719","1003","11.31"
"169719","1004","1.71"
"169719","1005","75.9"
"169719","1008","342"
"169720","1004","1.99"
"169720","1005","75.36"
"169720","1008","340"
"169720","1003","10.69"
"169721","1003","13.68"
"169721","1004","2.47"
"169721","1005","71.13"
"169721","1008","339"
"169722","1004","4.25"
"169722","1005","64.51"
"169722","1008","216"
"169722","1003","15.55"
"169723","1004","0.86"
"169723","1005","78.03"
"169723","1008","362"
"169723","1003","8.2"
"169724","1003","9.66"
"169724","1004","10.63"
"169724","1005","67.14"
"169724","1008","405"
"169725","1004","1.27"
"169725","1005","42.53"
"169725","1008","198"
"169725","1003","7.49"
"169726","1003","14.73"
"169726","1004","1.08"
"169726","1005","74.9"
"169726","1008","357"
"169727","1004","2.3"
"169727","1005","54.73"
"169727","1008","288"
"169727","1003","11.31"
"169728","1003","5.15"
"169728","1004","1.05"
"169728","1005","24.93"
"169728","1008","131"
"169729","1004","2.1"
"169729","1005","55.72"
"169729","1008","289"
"169729","1003","11.26"
"169730","1003","5.06"
"169730","1004","0.94"
"169730","1005","25.04"
"169730","1008","130"
"169731","1005","71.27"
"169731","1008","384"
"169731","1003","14.16"
"169731","1004","4.44"
"169732","1005","25.16"
"169732","1008","138"
"169732","1004","2.07"
"169732","1003","4.54"
"169733","1003","14.61"
"169733","1004","4.55"
"169733","1005","70.32"
"169733","1008","382"
"169734","1004","1.57"
"169734","1005","24.25"
"169734","1008","132"
"169734","1003","5.04"
"169735","1004","31.72"
"169735","1003","10.33"
"169735","1005","51.9"
"169735","1008","521"
"169736","1005","74.67"
"169736","1008","371"
"169736","1004","1.51"
"169736","1003","13.04"
"169737","1004","0.93"
"169737","1003","5.8"
"169737","1005","30.86"
"169737","1008","158"
"169738","1003","13.87"
"169738","1004","2.93"
"169738","1005","73.37"
"169738","1008","352"
"169739","1003","10.5"
"169739","1004","1.6"
"169739","1005","74.52"
"169739","1008","345"
"169740","1004","1.84"
"169740","1005","78.3"
"169740","1008","361"
"169740","1003","10.28"
"169741","1005","65.7"
"169741","1008","404"
"169741","1003","14.66"
"169741","1004","9.12"
"169742","1004","0.56"
"169742","1008","364"
"169742","1003","5.95"
"169742","1005","80.18"
"169743","1008","337"
"169743","1004","2.13"
"169743","1005","70.58"
"169743","1003","14.54"
"169744","1003","5.71"
"169744","1004","0.83"
"169744","1005","27.6"
"169744","1008","132"
"169745","1004","2.43"
"169745","1005","70.19"
"169745","1008","338"
"169745","1003","14.57"
"169746","1003","5.5"
"169746","1004","0.85"
"169746","1005","26.44"
"169746","1008","127"
"169747","1004","2.38"
"169747","1003","13.3"
"169747","1005","73.13"
"169747","1008","367"
"169748","1004","3.86"
"169748","1005","76.85"
"169748","1008","361"
"169748","1003","6.93"
"169749","1004","3.69"
"169749","1005","76.59"
"169749","1008","363"
"169749","1003","8.46"
"169750","1004","3.59"
"169750","1005","76.89"
"169750","1008","362"
"169750","1003","8.12"
"169751","1003","5.8"
"169751","1004","0.93"
"169751","1005","30.59"
"169751","1008","157"
"169752","1004","0.88"
"169752","1005","14.26"
"169752","1008","72"
"169752","1003","1.48"
"169753","1003","2.69"
"169753","1004","0.28"
"169753","1005","28.17"
"169753","1008","130"
"169754","1004","0.98"
"169754","1005","76.31"
"169754","1008","364"
"169754","1003","10.33"
"169755","1005","71.27"
"169755","1008","384"
"169755","1004","4.44"
"169755","1003","14.16"
"169756","1003","7.13"
"169756","1004","0.66"
"169756","1005","79.95"
"169756","1008","365"
"169757","1004","0.28"
"169757","1005","28.17"
"169757","1008","130"
"169757","1003","2.69"
"169758","1004","1.03"
"169758","1005","80.89"
"169758","1008","374"
"169758","1003","7.51"
"169759","1005","26.05"
"169759","1008","123"
"169759","1004","0.37"
"169759","1003","2.91"
"169760","1003","6.61"
"169760","1004","0.58"
"169760","1005","79.34"
"169760","1008","360"
"169761","1004","0.98"
"169761","1005","76.31"
"169761","1008","364"
"169761","1003","10.33"
"169762","1004","2.07"
"169762","1003","4.54"
"169762","1005","25.16"
"169762","1008","138"
"169763","1004","1.85"
"169763","1005","23.44"
"169763","1008","119"
"169763","1003","1.99"
"169764","1003","2.47"
"169764","1004","5.84"
"169764","1005","25.01"
"169764","1008","162"
"169765","1003","0.33"
"169765","1004","0.1"
"169765","1005","4.83"
"169765","1008","20"
"169766","1004","0.4"
"169766","1005","4.56"
"169766","1008","22"
"169766","1003","0.8"
"169767","1003","0.49"
"169767","1004","0.04"
"169767","1005","8.13"
"169767","1008","31"
"169768","1004","5.01"
"169768","1005","13.29"
"169768","1008","106"
"169768","1003","1.97"
"169769","1003","12.73"
"169769","1004","10.67"
"169769","1005","46.66"
"169769","1008","334"
"169770","1004","4.99"
"169770","1005","23.1"
"169770","1008","164"
"169770","1003","6.68"
"169771","1004","12.54"
"169771","1005","33.63"
"169771","1008","284"
"169771","1003","9.21"
"169772","1003","9.4"
"169772","1004","12.79"
"169772","1005","33.46"
"169772","1008","287"
"169773","1003","8.28"
"169773","1004","5.52"
"169773","1005","13.28"
"169773","1008","136"
"169774","1003","13.1"
"169774","1004","4.03"
"169774","1005","52.06"
"169774","1008","297"
"169775","1004","9.45"
"169775","1005","27.29"
"169775","1008","235"
"169775","1003","10.24"
"169776","1004","6.56"
"169776","1005","70.75"
"169776","1008","388"
"169776","1003","11.48"
"169777","1003","3.27"
"169777","1004","2.38"
"169777","1005","22.74"
"169777","1008","125"
"169778","1003","8.77"
"169778","1004","3.51"
"169778","1005","73.88"
"169778","1008","362"
"169779","1005","29.64"
"169779","1008","195"
"169779","1004","6.14"
"169779","1003","5.26"
"169780","1003","7.87"
"169780","1004","5.51"
"169780","1005","21.74"
"169780","1008","168"
"169781","1004","22.13"
"169781","1005","21.57"
"169781","1008","324"
"169781","1003","9.54"
"169782","1004","8.53"
"169782","1005","6.96"
"169782","1008","136"
"169782","1003","7.96"
"169783","1003","6.89"
"169783","1004","11.1"
"169783","1005","6.96"
"169783","1008","155"
"169784","1004","22.9"
"169784","1005","21.07"
"169784","1008","328"
"169784","1003","9.29"
"169785","1003","11.3"
"169785","1004","26.1"
"169785","1005","57"
"169785","1008","512"
"169786","1004","25.1"
"169786","1005","57.1"
"169786","1008","492"
"169786","1003","10.8"
"169787","1004","25.7"
"169787","1005","56.3"
"169787","1008","501"
"169787","1003","11.1"
"169788","1003","15.7"
"169788","1004","21"
"169788","1005","56"
"169788","1008","476"
"169789","1003","1.97"
"169789","1004","3.34"
"169789","1005","7.19"
"169789","1008","67"
"169790","1004","3.48"
"169790","1005","7.39"
"169790","1008","66"
"169790","1003","1.38"
"169791","1003","10.8"
"169791","1004","27"
"169791","1005","57"
"169791","1008","510"
"169792","1008","69"
"169792","1004","0"
"169792","1005","20.41"
"169792","1003","1.06"
"169793","1004","8.3"
"169793","1005","0"
"169793","1008","155"
"169793","1003","20.1"
"169794","1003","25.6"
"169794","1004","3.1"
"169794","1005","0"
"169794","1008","130"
"169795","1005","0"
"169795","1003","69.86"
"169795","1008","327"
"169795","1004","5.34"
"169796","1004","23.3"
"169796","1003","19.6"
"169796","1005","0"
"169796","1008","291"
"169797","1005","0"
"169797","1003","26.5"
"169797","1008","111"
"169797","1004","0.5"
"169798","1004","1.75"
"169798","1008","82"
"169798","1003","15.5"
"169798","1005","0"
"169799","1003","0.7"
"169799","1004","0"
"169799","1005","10.4"
"169799","1008","44"
"169800","1004","84.4"
"169800","1005","0"
"169800","1008","786"
"169800","1003","6.7"
"169801","1003","10.8"
"169801","1004","31.4"
"169801","1008","326"
"169801","1005","0"
"169802","1004","0.8"
"169802","1005","8.6"
"169802","1008","51"
"169802","1003","2.4"
"169803","1003","13.5"
"169803","1004","0.7"
"169803","1005","4.7"
"169803","1008","79"
"169804","1004","0.2"
"169804","1005","12.3"
"169804","1008","55"
"169804","1003","1.1"
"169805","1003","0.4"
"169805","1004","0.5"
"169805","1005","12.2"
"169805","1008","55"
"169806","1004","1.93"
"169806","1005","4.47"
"169806","1008","74"
"169806","1003","9.6"
"169807","1003","44.5"
"169807","1004","34.6"
"169807","1005","0"
"169807","1008","489"
"169808","1004","0.1"
"169808","1005","8.7"
"169808","1008","37"
"169808","1003","0.4"
"169809","1003","17.9"
"169809","1004","0.8"
"169809","1005","0"
"169809","1008","79"
"169810","1004","42"
"169810","1005","6"
"169810","1008","424"
"169810","1003","5.6"
"169811","1004","1.05"
"169811","1005","53.26"
"169811","1008","258"
"169811","1003","9"
"169812","1003","22.13"
"169812","1004","2.73"
"169812","1005","0"
"169812","1008","113"
"169813","1003","60.62"
"169813","1004","11.43"
"169813","1005","0"
"169813","1008","345"
"169814","1003","0.52"
"169814","1004","0.15"
"169814","1005","16.23"
"169814","1008","68"
"169815","1004","0.16"
"169815","1005","7.47"
"169815","1008","48"
"169815","1003","4.06"
"169816","1003","0.12"
"169816","1004","0.11"
"169816","1005","10.17"
"169816","1008","42"
"169817","1004","0.31"
"169817","1005","21.57"
"169817","1008","91"
"169817","1003","0.39"
"169818","1003","2.62"
"169818","1004","0.36"
"169818","1005","35.67"
"169818","1008","156"
"169819","1004","0.11"
"169819","1005","7.49"
"169819","1008","42"
"169819","1003","2.71"
"169820","1003","0.43"
"169820","1004","0.17"
"169820","1005","21.95"
"169820","1008","91"
"169821","1004","34.08"
"169821","1005","51.06"
"169821","1008","541"
"169821","1003","7.41"
"169822","1003","28.81"
"169822","1004","4.82"
"169822","1005","0"
"169822","1008","159"
"169823","1004","43.5"
"169823","1005","10.5"
"169823","1008","470"
"169823","1003","9"
"169824","1003","22.1"
"169824","1004","14.65"
"169824","1005","5.55"
"169824","1008","242"
"169825","1004","94"
"169825","1005","0"
"169825","1008","850"
"169825","1003","0.9"
"169826","1004","1.07"
"169826","1005","80.02"
"169826","1008","361"
"169826","1003","7.9"
"169827","1004","52.99"
"169827","1005","22.98"
"169827","1008","628"
"169827","1003","14.89"
"169828","1003","0.12"
"169828","1004","0.2"
"169828","1005","0"
"169828","1008","2"
"169829","1004","1.4"
"169829","1005","58.12"
"169829","1008","276"
"169829","1003","7.83"
"169830","1003","3.1"
"169830","1004","1.53"
"169830","1005","39.84"
"169830","1008","186"
"169831","1003","26.85"
"169831","1004","9.08"
"169831","1008","189"
"169831","1005","0"
"169832","1004","19.02"
"169832","1005","20.87"
"169832","1008","302"
"169832","1003","11.87"
"169833","1004","14.82"
"169833","1005","36.9"
"169833","1008","296"
"169833","1003","3.74"
"169834","1003","15.82"
"169834","1004","18.76"
"169834","1005","25.33"
"169834","1008","333"
"169835","1004","3.45"
"169835","1005","17.4"
"169835","1008","121"
"169835","1003","5.03"
"169836","1004","14.04"
"169836","1005","37.2"
"169836","1008","289"
"169836","1003","3.49"
"169837","1003","18.68"
"169837","1004","17.45"
"169837","1005","18.77"
"169837","1008","307"
"169838","1003","12.67"
"169838","1004","18.67"
"169838","1005","22.29"
"169838","1008","308"
"169839","1004","6.06"
"169839","1005","18.8"
"169839","1008","151"
"169839","1003","5.42"
"169840","1003","4.58"
"169840","1004","19.61"
"169840","1005","40.17"
"169840","1008","356"
"169841","1004","16.24"
"169841","1005","17.98"
"169841","1008","297"
"169841","1003","19.62"
"169842","1003","18.06"
"169842","1004","15.48"
"169842","1005","20.29"
"169842","1008","293"
"169843","1004","13.22"
"169843","1005","13.01"
"169843","1008","175"
"169843","1003","0.89"
"169844","1004","22.23"
"169844","1005","41.05"
"169844","1008","385"
"169844","1003","5.29"
"169845","1003","7.84"
"169845","1004","8.52"
"169845","1005","15.51"
"169845","1008","170"
"169846","1004","10.79"
"169846","1005","16.89"
"169846","1008","219"
"169846","1003","13.49"
"169847","1003","18.88"
"169847","1004","16.63"
"169847","1005","19.29"
"169847","1008","302"
"169848","1004","8.99"
"169848","1005","26.59"
"169848","1008","197"
"169848","1003","2.49"
"169849","1003","6.49"
"169849","1004","11.75"
"169849","1005","15.61"
"169849","1008","194"
"169850","1004","10.69"
"169850","1005","11.36"
"169850","1008","185"
"169850","1003","10.83"
"169851","1003","11.28"
"169851","1004","10.84"
"169851","1005","10.33"
"169851","1008","184"
"169852","1003","4.26"
"169852","1004","1.85"
"169852","1005","17.14"
"169852","1008","102"
"169853","1004","1.75"
"169853","1005","18.63"
"169853","1008","104"
"169853","1003","3.42"
"169854","1003","11.67"
"169854","1004","17.74"
"169854","1005","16.2"
"169854","1008","271"
"169855","1004","18.47"
"169855","1005","15.45"
"169855","1008","273"
"169855","1003","11.24"
"169856","1004","11.99"
"169856","1005","17.97"
"169856","1008","216"
"169856","1003","8.99"
"169857","1003","19"
"169857","1004","10.95"
"169857","1005","7.8"
"169857","1008","206"
"169858","1004","11.23"
"169858","1005","12.28"
"169858","1008","211"
"169858","1003","15.33"
"169859","1004","7.3"
"169859","1005","79.6"
"169859","1008","409"
"169859","1003","7.7"
"169860","1003","0"
"169860","1004","52"
"169860","1005","16.7"
"169860","1008","534"
"169861","1004","28.1"
"169861","1005","58.1"
"169861","1008","500"
"169861","1003","9"
"169862","1003","9"
"169862","1004","10.5"
"169862","1005","73"
"169862","1008","403"
"169863","1005","55.2"
"169863","1008","531"
"169863","1004","32.2"
"169863","1003","5.2"
"169864","1004","1.5"
"169864","1005","12.1"
"169864","1008","69"
"169864","1003","1.9"
"169865","1003","3.4"
"169865","1004","0.5"
"169865","1005","11.49"
"169865","1008","64"
"169866","1004","2.8"
"169866","1005","8.4"
"169866","1008","121"
"169866","1003","15.5"
"169867","1003","0"
"169867","1004","100"
"169867","1005","0"
"169867","1008","884"
"169868","1004","0.18"
"169868","1005","4.85"
"169868","1008","35"
"169868","1003","3.4"
"169869","1008","590"
"169869","1004","49.9"
"169869","1005","21.83"
"169869","1003","24"
"169870","1004","8.8"
"169870","1005","70.9"
"169870","1008","390"
"169870","1003","9.8"
"169871","1008","21"
"169871","1003","0.6"
"169871","1004","0.3"
"169871","1005","5.23"
"169872","1004","0.8"
"169872","1003","1"
"169872","1005","14.14"
"169872","1008","68"
"169873","1003","0.4"
"169873","1004","0.3"
"169873","1005","15.48"
"169873","1008","66"
"169874","1004","0.4"
"169874","1003","0.4"
"169874","1005","16"
"169874","1008","69"
"169875","1004","0"
"169875","1005","3.7"
"169875","1008","15"
"169875","1003","0.1"
"169876","1005","2.9"
"169876","1003","5.1"
"169876","1004","7.2"
"169876","1008","99"
"169877","1004","4.4"
"169877","1005","18.6"
"169877","1008","110"
"169877","1003","0.3"
"169878","1004","0"
"169878","1003","0.8"
"169878","1005","11.99"
"169878","1008","51"
"169879","1005","29.6"
"169879","1008","121"
"169879","1003","0.55"
"169879","1004","0"
"169880","1005","98.6"
"169880","1008","394"
"169880","1003","0"
"169880","1004","0"
"169881","1003","12.39"
"169881","1005","37.68"
"169881","1008","590"
"169881","1004","43.27"
"169882","1004","0.4"
"169882","1005","94.8"
"169882","1008","268"
"169882","1003","0"
"169883","1008","10"
"169883","1004","0"
"169883","1005","2.45"
"169883","1003","0"
"169884","1004","0.1"
"169884","1005","82.32"
"169884","1008","331"
"169884","1003","0.1"
"169885","1003","1.8"
"169885","1004","3.2"
"169885","1005","2.8"
"169885","1008","47"
"169886","1004","12.73"
"169886","1005","3.64"
"169886","1008","224"
"169886","1003","23.64"
"169887","1003","19.61"
"169887","1004","13.73"
"169887","1005","7.7"
"169887","1008","233"
"169888","1004","9"
"169888","1005","8"
"169888","1008","197"
"169888","1003","21"
"169889","1004","0.3"
"169889","1005","5.2"
"169889","1008","28"
"169889","1003","1.1"
"169890","1003","1.6"
"169890","1004","0.1"
"169890","1005","5.67"
"169890","1008","30"
"169891","1004","0.1"
"169891","1005","5.63"
"169891","1008","28"
"169891","1003","1.1"
"169892","1004","0.7"
"169892","1005","9.77"
"169892","1008","49"
"169892","1003","0.9"
"169893","1003","32"
"169893","1004","25.9"
"169893","1005","28.6"
"169893","1008","476"
"169894","1004","1"
"169894","1005","89"
"169894","1008","373"
"169894","1003","2"
"169895","1003","1.25"
"169895","1004","12.42"
"169895","1005","21.33"
"169895","1008","202"
"169896","1003","0"
"169896","1004","0"
"169896","1005","100"
"169896","1008","368"
"169897","1003","35.8"
"169897","1004","5.1"
"169897","1005","41"
"169897","1008","358"
"169898","1004","0.2"
"169898","1005","19"
"169898","1008","95"
"169898","1003","4.4"
"169899","1004","6"
"169899","1005","10.6"
"169899","1008","100"
"169899","1003","0.9"
"169900","1004","6"
"169900","1003","4.3"
"169900","1005","29.64"
"169900","1008","190"
"169901","1003","16.7"
"169901","1004","14"
"169901","1005","11.6"
"169901","1008","239"
"169902","1003","25.1"
"169902","1004","14.1"
"169902","1005","0"
"169902","1008","227"
"169903","1004","12.1"
"169903","1005","0"
"169903","1008","239"
"169903","1003","32.4"
"169904","1005","7.5"
"169904","1008","131"
"169904","1004","5.6"
"169904","1003","13.1"
"169905","1003","23.9"
"169905","1004","13"
"169905","1005","0"
"169905","1008","213"
"169906","1004","7.7"
"169906","1005","0.5"
"169906","1008","165"
"169906","1003","22"
"169907","1004","0.4"
"169907","1005","74"
"169907","1008","286"
"169907","1003","4.9"
"169908","1003","0.43"
"169908","1004","0.2"
"169908","1005","12.14"
"169908","1008","47"
"169909","1004","0.5"
"169909","1005","12.5"
"169909","1008","51"
"169909","1003","0.5"
"169910","1004","0.38"
"169910","1003","0.82"
"169910","1005","14.98"
"169910","1008","60"
"169911","1003","0.54"
"169911","1004","0.14"
"169911","1005","9.09"
"169911","1008","36"
"169912","1003","0.84"
"169912","1004","0.25"
"169912","1005","7.94"
"169912","1008","33"
"169913","1004","0.39"
"169913","1005","9.8"
"169913","1008","43"
"169913","1003","1.44"
"169914","1005","10.55"
"169914","1008","44"
"169914","1004","0.32"
"169914","1003","1.06"
"169915","1003","0.38"
"169915","1004","0.22"
"169915","1005","6.84"
"169915","1008","28"
"169916","1003","1.04"
"169916","1004","0.3"
"169916","1005","11.89"
"169916","1008","49"
"169917","1003","0.91"
"169917","1004","0.15"
"169917","1005","12.54"
"169917","1008","49"
"169918","1003","0.7"
"169918","1004","0.21"
"169918","1005","11.54"
"169918","1008","46"
"169919","1008","63"
"169919","1004","0.3"
"169919","1005","15.5"
"169919","1003","1.3"
"169920","1004","0.12"
"169920","1003","0.68"
"169920","1005","11.27"
"169920","1008","47"
"169921","1004","0.06"
"169921","1005","8.47"
"169921","1008","37"
"169921","1003","0.6"
"169922","1004","0.25"
"169922","1005","33.86"
"169922","1008","147"
"169922","1003","2.4"
"169923","1003","2.4"
"169923","1004","0.25"
"169923","1005","35.19"
"169923","1008","148"
"169924","1004","0.1"
"169924","1005","16.19"
"169924","1008","61"
"169924","1003","0.45"
"169925","1003","0.5"
"169925","1004","0.2"
"169925","1005","10.1"
"169925","1008","43"
"169926","1003","0.47"
"169926","1004","0.26"
"169926","1005","10.82"
"169926","1008","43"
"169927","1003","0.14"
"169927","1004","0.55"
"169927","1005","55.83"
"169927","1008","206"
"169928","1005","9.54"
"169928","1008","39"
"169928","1003","0.91"
"169928","1004","0.25"
"169929","1003","0.44"
"169929","1004","0.06"
"169929","1005","6.11"
"169929","1008","24"
"169930","1004","0.03"
"169930","1005","11.57"
"169930","1008","44"
"169930","1003","0.63"
"169931","1003","0.4"
"169931","1004","0.1"
"169931","1005","11.1"
"169931","1008","42"
"169932","1004","1.03"
"169932","1005","83.18"
"169932","1008","325"
"169932","1003","4.89"
"169933","1003","2.01"
"169933","1004","0.42"
"169933","1005","34.14"
"169933","1008","133"
"169934","1004","0.76"
"169934","1005","61.33"
"169934","1008","239"
"169934","1003","3.61"
"169935","1003","1.16"
"169935","1004","0.25"
"169935","1005","19.69"
"169935","1008","77"
"169936","1004","0.07"
"169936","1005","12.94"
"169936","1008","50"
"169936","1003","0.34"
"169937","1003","0.3"
"169937","1004","0.1"
"169937","1005","12.2"
"169937","1008","47"
"169938","1004","0.03"
"169938","1005","15.17"
"169938","1008","57"
"169938","1003","0.19"
"169939","1003","0.2"
"169939","1004","0.13"
"169939","1005","19.17"
"169939","1008","74"
"169940","1004","0.01"
"169940","1005","15.76"
"169940","1008","60"
"169940","1003","0.11"
"169941","1003","0.58"
"169941","1004","0.19"
"169941","1005","18.59"
"169941","1008","70"
"169942","1004","0.59"
"169942","1005","73.43"
"169942","1008","274"
"169942","1003","1.38"
"169943","1003","0.8"
"169943","1004","0.4"
"169943","1005","33.5"
"169943","1008","127"
"169944","1004","0.11"
"169944","1005","20.2"
"169944","1008","78"
"169944","1003","0.35"
"169945","1003","0.34"
"169945","1004","0.11"
"169945","1005","21.5"
"169945","1008","83"
"169946","1008","86"
"169946","1004","0.1"
"169946","1005","22.2"
"169946","1003","0.4"
"169947","1005","12.87"
"169947","1008","53"
"169947","1004","0.12"
"169947","1003","0.36"
"169948","1003","1.3"
"169948","1004","0.1"
"169948","1005","44.3"
"169948","1008","179"
"169949","1005","11.42"
"169949","1008","46"
"169949","1003","0.7"
"169949","1004","0.28"
"169950","1003","0.39"
"169950","1004","0.01"
"169950","1005","11.03"
"169950","1008","41"
"169951","1004","0.02"
"169951","1005","15.15"
"169951","1008","58"
"169951","1003","0.51"
"169952","1003","0.37"
"169952","1004","0.1"
"169952","1005","16.28"
"169952","1008","63"
"169953","1008","106"
"169953","1003","6.4"
"169953","1004","0.35"
"169953","1005","19.83"
"169954","1005","19.32"
"169954","1008","103"
"169954","1004","0.34"
"169954","1003","6.07"
"169955","1005","25.14"
"169955","1008","132"
"169955","1003","7.59"
"169955","1004","0.44"
"169956","1004","0.3"
"169956","1005","19.45"
"169956","1008","105"
"169956","1003","6.65"
"169957","1005","5.94"
"169957","1008","30"
"169957","1003","3.04"
"169957","1004","0.18"
"169958","1004","0.5"
"169958","1005","32.5"
"169958","1008","170"
"169958","1003","9.8"
"169959","1003","9.31"
"169959","1004","0.48"
"169959","1008","162"
"169959","1005","30.87"
"169960","1005","6.19"
"169960","1008","30"
"169960","1004","0.19"
"169960","1003","1.76"
"169961","1004","0.22"
"169961","1003","1.83"
"169961","1005","6.97"
"169961","1008","31"
"169962","1008","33"
"169962","1004","0.21"
"169962","1005","7.54"
"169962","1003","1.79"
"169963","1003","1.49"
"169963","1004","0.17"
"169963","1005","6.45"
"169963","1008","28"
"169964","1008","33"
"169964","1003","1.98"
"169964","1004","0.41"
"169964","1005","6.98"
"169965","1008","33"
"169965","1003","2.31"
"169965","1004","0.5"
"169965","1005","6.41"
"169966","1005","7.21"
"169966","1008","31"
"169966","1003","0.91"
"169966","1004","0.14"
"169967","1004","0.41"
"169967","1003","2.38"
"169967","1005","7.18"
"169967","1008","35"
"169968","1005","4.78"
"169968","1008","26"
"169968","1003","2.81"
"169968","1004","0.29"
"169969","1004","0.12"
"169969","1005","5.35"
"169969","1008","28"
"169969","1003","3.1"
"169970","1003","3.06"
"169970","1004","0.34"
"169970","1005","5.35"
"169970","1008","29"
"169971","1003","2.55"
"169971","1004","0.5"
"169971","1005","7.1"
"169971","1008","36"
"169972","1005","7.86"
"169972","1008","41"
"169972","1003","3.78"
"169972","1004","0.41"
"169973","1005","8.32"
"169973","1008","42"
"169973","1004","0.39"
"169973","1003","3.64"
"169974","1005","17.34"
"169974","1008","72"
"169974","1003","1.53"
"169974","1004","0.15"
"169975","1004","0.1"
"169975","1005","5.8"
"169975","1008","25"
"169975","1003","1.28"
"169976","1003","1.27"
"169976","1004","0.06"
"169976","1005","5.51"
"169976","1008","23"
"169977","1005","7.37"
"169977","1008","31"
"169977","1004","0.16"
"169977","1003","1.43"
"169978","1005","6.94"
"169978","1008","29"
"169978","1003","1.51"
"169978","1004","0.09"
"169979","1005","3.23"
"169979","1003","1.2"
"169979","1004","0.2"
"169979","1008","16"
"169980","1004","0.17"
"169980","1005","2.41"
"169980","1008","14"
"169980","1003","1.5"
"169981","1005","4.07"
"169981","1008","17"
"169981","1003","0.7"
"169981","1004","0.1"
"169982","1004","0.11"
"169982","1005","5.33"
"169982","1008","22"
"169982","1003","0.76"
"169983","1004","0.46"
"169983","1003","0.78"
"169983","1005","7.9"
"169983","1008","36"
"169984","1003","0.58"
"169984","1004","0.68"
"169984","1005","7.73"
"169984","1008","37"
"169985","1005","38.06"
"169985","1008","160"
"169985","1003","1.36"
"169985","1004","0.28"
"169986","1005","4.97"
"169986","1008","25"
"169986","1003","1.92"
"169986","1004","0.28"
"169987","1008","27"
"169987","1003","0.96"
"169987","1004","0.19"
"169987","1005","5.9"
"169988","1008","14"
"169988","1005","2.97"
"169988","1004","0.17"
"169988","1003","0.69"
"169989","1005","4"
"169989","1008","18"
"169989","1003","0.83"
"169989","1004","0.16"
"169990","1008","18"
"169990","1004","0.3"
"169990","1005","3.65"
"169990","1003","0.85"
"169991","1008","19"
"169991","1005","3.74"
"169991","1003","1.8"
"169991","1004","0.2"
"169992","1008","23"
"169992","1003","1.7"
"169992","1004","0.3"
"169992","1005","4.7"
"169993","1005","17.51"
"169993","1008","72"
"169993","1004","0.2"
"169993","1003","1.4"
"169994","1008","30"
"169994","1003","3.27"
"169994","1004","0.73"
"169994","1005","4.35"
"169995","1004","0.56"
"169995","1005","3.02"
"169995","1008","24"
"169995","1003","3.36"
"169996","1005","7.1"
"169996","1008","36"
"169996","1004","0.41"
"169996","1003","2.97"
"169997","1003","2.13"
"169997","1005","3.67"
"169997","1008","23"
"169997","1004","0.52"
"169998","1003","3.27"
"169998","1004","1.35"
"169998","1005","18.7"
"169998","1008","86"
"169999","1004","1.5"
"169999","1005","20.98"
"169999","1008","96"
"169999","1003","3.41"
"170000","1004","0.1"
"170000","1005","9.34"
"170000","1008","40"
"170000","1003","1.1"
"170001","1005","10.15"
"170001","1008","44"
"170001","1003","1.36"
"170001","1004","0.19"
"170002","1008","349"
"170002","1004","0.46"
"170002","1005","83.28"
"170002","1003","8.95"
"170003","1005","4.02"
"170003","1008","19"
"170003","1003","0.85"
"170003","1004","0.09"
"170004","1008","123"
"170004","1005","7.86"
"170004","1003","0.95"
"170004","1004","10.8"
"170005","1008","32"
"170005","1004","0.19"
"170005","1003","1.83"
"170005","1005","7.34"
"170006","1003","0.97"
"170006","1004","0.47"
"170006","1005","5.74"
"170006","1008","27"
"170007","1003","1.9"
"170007","1004","0.4"
"170007","1005","6.5"
"170007","1008","34"
"170008","1005","7.55"
"170008","1008","32"
"170008","1004","0.08"
"170008","1003","0.8"
"170009","1004","0.3"
"170009","1003","1.32"
"170009","1005","17.01"
"170009","1008","71"
"170010","1005","7.55"
"170010","1008","42"
"170010","1003","2.8"
"170010","1004","0.2"
"170011","1005","7.05"
"170011","1008","42"
"170011","1004","0.23"
"170011","1003","3.27"
"170012","1003","2.8"
"170012","1004","0.3"
"170012","1005","7.2"
"170012","1008","42"
"170013","1004","0.8"
"170013","1005","11.36"
"170013","1008","68"
"170013","1003","4.47"
"170014","1003","3.09"
"170014","1004","0.27"
"170014","1005","9.25"
"170014","1008","50"
"170015","1004","0.95"
"170015","1005","11.82"
"170015","1008","71"
"170015","1003","4.33"
"170016","1004","0.4"
"170016","1005","13.62"
"170016","1008","77"
"170016","1003","5.22"
"170017","1005","14.26"
"170017","1003","5.15"
"170017","1004","0.27"
"170017","1008","78"
"170018","1005","10.12"
"170018","1008","48"
"170018","1004","0.42"
"170018","1003","3.09"
"170019","1003","3.28"
"170019","1004","0.38"
"170019","1005","8.57"
"170019","1008","51"
"170020","1004","0.32"
"170020","1005","13.51"
"170020","1008","70"
"170020","1003","3.98"
"170021","1005","8.63"
"170021","1008","45"
"170021","1003","2.54"
"170021","1004","0.2"
"170022","1003","1.08"
"170022","1004","0.21"
"170022","1005","4.45"
"170022","1008","20"
"170023","1004","0.18"
"170023","1005","3.9"
"170023","1008","18"
"170023","1003","0.95"
"170024","1008","116"
"170024","1005","4.22"
"170024","1003","0.78"
"170024","1004","11.85"
"170025","1005","23.88"
"170025","1008","136"
"170025","1003","7.2"
"170025","1004","1.64"
"170026","1004","0.09"
"170026","1008","77"
"170026","1003","2.05"
"170026","1005","17.49"
"170027","1003","2.14"
"170027","1004","0.08"
"170027","1005","18.07"
"170027","1008","79"
"170028","1003","1.68"
"170028","1004","0.1"
"170028","1005","15.71"
"170028","1008","69"
"170029","1004","0.14"
"170029","1003","1.89"
"170029","1005","15.9"
"170029","1008","70"
"170030","1008","95"
"170030","1004","0.13"
"170030","1003","2.63"
"170030","1005","21.44"
"170031","1008","127"
"170031","1004","1.81"
"170031","1005","26.15"
"170031","1003","2.22"
"170032","1003","2.57"
"170032","1004","0.1"
"170032","1005","12.44"
"170032","1008","58"
"170033","1005","21.55"
"170033","1008","93"
"170033","1004","0.1"
"170033","1003","1.96"
"170034","1005","46.06"
"170034","1008","198"
"170034","1003","4.29"
"170034","1004","0.1"
"170035","1004","0.1"
"170035","1005","29.63"
"170035","1008","132"
"170035","1003","4.39"
"170036","1003","3"
"170036","1004","12.52"
"170036","1005","35.11"
"170036","1008","265"
"170037","1004","4.2"
"170037","1008","113"
"170037","1005","16.94"
"170037","1003","1.96"
"170038","1005","10.78"
"170038","1008","88"
"170038","1003","2.87"
"170038","1004","3.68"
"170039","1005","85.51"
"170039","1003","8.22"
"170039","1004","0.54"
"170039","1008","372"
"170040","1004","4.96"
"170040","1005","14.36"
"170040","1008","108"
"170040","1003","2.05"
"170041","1008","357"
"170041","1003","10.9"
"170041","1004","1.1"
"170041","1005","77.7"
"170042","1005","16.13"
"170042","1008","116"
"170042","1003","2.13"
"170042","1004","4.8"
"170043","1004","0.62"
"170043","1005","17.72"
"170043","1008","82"
"170043","1003","2.06"
"170044","1003","2.65"
"170044","1004","11.59"
"170044","1005","28.51"
"170044","1008","219"
"170045","1003","1.87"
"170045","1004","6.66"
"170045","1005","18.28"
"170045","1008","135"
"170046","1004","8.79"
"170046","1005","24.13"
"170046","1008","178"
"170046","1003","2.46"
"170047","1003","1.93"
"170047","1004","8.71"
"170047","1005","24.8"
"170047","1008","178"
"170048","1003","2.13"
"170048","1008","192"
"170048","1004","9.05"
"170048","1005","27.29"
"170049","1003","1.98"
"170049","1004","0.13"
"170049","1005","14.52"
"170049","1008","65"
"170050","1005","4.01"
"170050","1008","18"
"170050","1003","0.95"
"170050","1004","0.11"
"170051","1004","0.25"
"170051","1005","3.47"
"170051","1008","16"
"170051","1003","0.79"
"170052","1005","6.19"
"170052","1008","26"
"170052","1003","0.91"
"170052","1004","0.19"
"170053","1004","0.08"
"170053","1005","3.62"
"170053","1008","15"
"170053","1003","0.69"
"170054","1003","1.2"
"170054","1008","24"
"170054","1004","0.3"
"170054","1005","5.31"
"170055","1005","8.43"
"170055","1008","35"
"170055","1003","1.45"
"170055","1004","0.13"
"170056","1004","0.19"
"170056","1005","9.94"
"170056","1008","42"
"170056","1003","1.56"
"170057","1003","2.13"
"170057","1004","1.93"
"170057","1005","10.24"
"170057","1008","59"
"170058","1005","5.06"
"170058","1008","22"
"170058","1004","0.08"
"170058","1003","0.71"
"170059","1003","1.04"
"170059","1004","0.16"
"170059","1005","2.94"
"170059","1008","16"
"170060","1005","4.35"
"170060","1008","23"
"170060","1004","0.24"
"170060","1003","1.53"
"170061","1005","7.13"
"170061","1008","32"
"170061","1003","1.5"
"170061","1004","0.3"
"170062","1004","0.38"
"170062","1005","4.85"
"170062","1008","35"
"170062","1003","2.99"
"170063","1008","22"
"170063","1004","0.31"
"170063","1005","3.87"
"170063","1003","0.93"
"170064","1005","7.13"
"170064","1008","36"
"170064","1004","0.25"
"170064","1003","1.42"
"170065","1005","9.26"
"170065","1008","49"
"170065","1003","2.59"
"170065","1004","0.25"
"170066","1005","23.94"
"170066","1008","97"
"170066","1003","1.4"
"170066","1004","0.1"
"170067","1005","12.3"
"170067","1008","50"
"170067","1004","0.06"
"170067","1003","0.88"
"170068","1005","1.29"
"170068","1008","11"
"170068","1003","2.3"
"170068","1004","0.1"
"170069","1004","0.2"
"170069","1005","3"
"170069","1008","13"
"170069","1003","0.4"
"170070","1008","148"
"170070","1003","11.6"
"170070","1004","0.9"
"170070","1005","28.1"
"170071","1005","27.88"
"170071","1008","118"
"170071","1004","0.17"
"170071","1003","1.53"
"170072","1005","27.48"
"170072","1008","116"
"170072","1003","1.49"
"170072","1004","0.14"
"170073","1005","8.82"
"170073","1008","38"
"170073","1004","0.09"
"170073","1003","0.72"
"170074","1003","0.72"
"170074","1004","0.09"
"170074","1005","8.82"
"170074","1008","38"
"170075","1004","3.5"
"170075","1005","64.29"
"170075","1008","311"
"170075","1003","21.2"
"170076","1003","2"
"170076","1004","0.7"
"170076","1005","3.2"
"170076","1008","22"
"170077","1004","0.64"
"170077","1005","2.93"
"170077","1008","20"
"170077","1003","1.83"
"170078","1003","4.6"
"170078","1004","1.8"
"170078","1005","31.68"
"170078","1008","150"
"170079","1005","2.14"
"170079","1008","12"
"170079","1004","0.06"
"170079","1003","1.4"
"170080","1005","4.74"
"170080","1008","27"
"170080","1004","0.94"
"170080","1003","0.92"
"170081","1003","1.1"
"170081","1004","0.1"
"170081","1005","2.63"
"170081","1008","14"
"170082","1004","0.5"
"170082","1005","80.7"
"170082","1008","348"
"170082","1003","12.3"
"170083","1005","20.93"
"170083","1008","89"
"170083","1003","0.98"
"170083","1004","0.2"
"170084","1005","25.36"
"170084","1008","108"
"170084","1004","0.32"
"170084","1003","1.28"
"170085","1003","1.44"
"170085","1004","0.27"
"170085","1005","7.24"
"170085","1008","33"
"170086","1004","0.9"
"170086","1005","11.6"
"170086","1008","62"
"170086","1003","5.25"
"170087","1003","1.86"
"170087","1004","0.32"
"170087","1005","4.1"
"170087","1008","22"
"170088","1004","3.54"
"170088","1005","32.12"
"170088","1008","164"
"170088","1003","0.89"
"170089","1003","1.96"
"170089","1004","2.68"
"170089","1005","13.05"
"170089","1008","79"
"170090","1005","80.88"
"170090","1008","306"
"170090","1004","0.3"
"170090","1003","6.21"
"170091","1003","5.92"
"170091","1004","0.39"
"170091","1005","2.42"
"170091","1008","26"
"170092","1004","14.76"
"170092","1005","27.81"
"170092","1008","268"
"170092","1003","6.08"
"170093","1003","2.5"
"170093","1004","0.13"
"170093","1005","21.15"
"170093","1008","93"
"170094","1004","0.1"
"170094","1003","2.44"
"170094","1005","24.24"
"170094","1008","105"
"170095","1003","3.81"
"170095","1004","2.53"
"170095","1005","3.6"
"170095","1008","43"
"170096","1003","0.98"
"170096","1004","0.26"
"170096","1005","2.98"
"170096","1008","15"
"170097","1005","14.39"
"170097","1008","56"
"170097","1004","0.22"
"170097","1003","1.56"
"170098","1004","0.21"
"170098","1005","4.51"
"170098","1008","22"
"170098","1003","1.87"
"170099","1008","29"
"170099","1003","1.63"
"170099","1004","0.24"
"170099","1005","6.41"
"170100","1005","9.56"
"170100","1008","42"
"170100","1003","1.36"
"170100","1004","0.19"
"170101","1005","6"
"170101","1008","26"
"170101","1004","0.1"
"170101","1003","0.77"
"170102","1005","15.63"
"170102","1008","84"
"170102","1003","5.36"
"170102","1004","0.22"
"170103","1008","53"
"170103","1005","9.75"
"170103","1003","3.19"
"170103","1004","0.3"
"170104","1003","4.42"
"170104","1004","0.35"
"170104","1005","12.58"
"170104","1008","69"
"170105","1005","14.26"
"170105","1004","0.27"
"170105","1003","5.15"
"170105","1008","78"
"170106","1004","0.44"
"170106","1005","8.81"
"170106","1008","40"
"170106","1003","1.87"
"170107","1005","5.1"
"170107","1008","21"
"170107","1004","0.1"
"170107","1003","0.9"
"170108","1008","26"
"170108","1005","6.03"
"170108","1003","0.99"
"170108","1004","0.3"
"170109","1005","6.11"
"170109","1008","26"
"170109","1003","0.92"
"170109","1004","0.2"
"170110","1008","28"
"170110","1004","0.2"
"170110","1005","6.7"
"170110","1003","0.92"
"170111","1004","0.13"
"170111","1003","2.5"
"170111","1005","21.15"
"170111","1008","93"
"170112","1005","21.55"
"170112","1008","93"
"170112","1003","1.96"
"170112","1004","0.1"
"170113","1003","4.29"
"170113","1005","46.06"
"170113","1008","198"
"170113","1004","0.1"
"170114","1005","20.13"
"170114","1008","87"
"170114","1003","1.87"
"170114","1004","0.1"
"170115","1005","29.63"
"170115","1008","132"
"170115","1004","0.1"
"170115","1003","4.39"
"170116","1005","13.93"
"170116","1008","63"
"170116","1003","1.98"
"170116","1004","0.13"
"170117","1005","34.03"
"170117","1008","218"
"170117","1004","8.2"
"170117","1003","3.44"
"170118","1008","168"
"170118","1003","2.66"
"170118","1004","5.22"
"170118","1005","28.71"
"170119","1005","3.18"
"170119","1008","15"
"170119","1003","1.09"
"170119","1004","0.08"
"170120","1005","3.39"
"170120","1008","21"
"170120","1004","0.22"
"170120","1003","2.72"
"170121","1005","3.55"
"170121","1008","18"
"170121","1003","1.49"
"170121","1004","0.19"
"170122","1005","3.43"
"170122","1008","17"
"170122","1004","0.24"
"170122","1003","0.67"
"170123","1005","2.92"
"170123","1008","19"
"170123","1003","2.11"
"170123","1004","0.37"
"170124","1004","0.87"
"170124","1005","4.8"
"170124","1008","34"
"170124","1003","4.01"
"170125","1005","4.31"
"170125","1008","20"
"170125","1003","0.91"
"170125","1004","0.31"
"170126","1004","0.39"
"170126","1005","3.79"
"170126","1008","19"
"170126","1003","1.04"
"170127","1003","0.89"
"170127","1004","0.35"
"170127","1005","8.85"
"170127","1008","37"
"170128","1005","14.58"
"170128","1008","56"
"170128","1004","0.14"
"170128","1003","1.12"
"170129","1005","8.79"
"170129","1008","34"
"170129","1003","0.67"
"170129","1004","0.08"
"170130","1005","10.49"
"170130","1004","0.09"
"170130","1003","0.9"
"170130","1008","40"
"170131","1005","19.95"
"170131","1008","93"
"170131","1004","0.89"
"170131","1003","4.31"
"170132","1003","2.08"
"170132","1008","20"
"170132","1004","0.24"
"170132","1005","3.7"
"170133","1004","0.34"
"170133","1005","7.38"
"170133","1008","35"
"170133","1003","2.18"
"170134","1005","20.71"
"170134","1008","90"
"170134","1004","0.15"
"170134","1003","2.01"
"170135","1005","3.19"
"170135","1008","14"
"170135","1004","0.08"
"170135","1003","0.73"
"170136","1005","6.85"
"170136","1008","44"
"170136","1003","4.16"
"170136","1004","0.68"
"170137","1003","0.95"
"170137","1004","0.11"
"170137","1005","4.01"
"170137","1008","18"
"170138","1004","0.25"
"170138","1005","3.47"
"170138","1008","16"
"170138","1003","0.79"
"170139","1003","1.14"
"170139","1004","0.23"
"170139","1005","4.36"
"170139","1008","20"
"170140","1005","4.98"
"170140","1008","29"
"170140","1004","0.42"
"170140","1003","3.35"
"170141","1003","2.99"
"170141","1004","0.38"
"170141","1005","4.74"
"170141","1008","34"
"170142","1005","13.09"
"170142","1008","60"
"170142","1003","2.86"
"170142","1004","0.15"
"170143","1004","0.35"
"170143","1003","2.11"
"170143","1005","3.87"
"170143","1008","22"
"170144","1004","5.59"
"170144","1005","29.24"
"170144","1008","191"
"170144","1003","7.4"
"170145","1003","5.3"
"170145","1004","2.3"
"170145","1005","32"
"170145","1008","168"
"170146","1004","1.41"
"170146","1005","36.1"
"170146","1008","332"
"170146","1003","49.83"
"170147","1003","49.1"
"170147","1004","4.77"
"170147","1005","38.43"
"170147","1008","367"
"170148","1003","31.56"
"170148","1004","48.75"
"170148","1005","8.67"
"170148","1008","553"
"170149","1004","1.97"
"170149","1005","64.47"
"170149","1008","332"
"170149","1003","15.41"
"170150","1003","17.73"
"170150","1004","49.67"
"170150","1005","23.45"
"170150","1008","573"
"170151","1004","48"
"170151","1005","25.74"
"170151","1008","565"
"170151","1003","16.96"
"170152","1003","16.96"
"170152","1004","48"
"170152","1005","26.04"
"170152","1008","567"
"170153","1004","11.89"
"170153","1005","35.14"
"170153","1008","382"
"170153","1003","40.32"
"170154","1003","17.21"
"170154","1004","56.8"
"170154","1005","20.59"
"170154","1008","619"
"170155","1003","17.28"
"170155","1004","55.2"
"170155","1005","23.32"
"170155","1008","617"
"170156","1003","48.06"
"170156","1004","1.61"
"170156","1005","35.83"
"170156","1008","326"
"170157","1008","387"
"170157","1004","23.86"
"170157","1005","40.75"
"170157","1003","6.15"
"170158","1004","52.54"
"170158","1005","21.01"
"170158","1008","598"
"170158","1003","20.96"
"170159","1003","21.23"
"170159","1004","55.17"
"170159","1005","17.68"
"170159","1008","607"
"170160","1003","9"
"170160","1004","27.74"
"170160","1005","47.81"
"170160","1008","458"
"170161","1003","6.2"
"170161","1004","50"
"170161","1005","33.5"
"170161","1008","576"
"170162","1003","18.22"
"170162","1004","43.85"
"170162","1005","30.19"
"170162","1008","553"
"170163","1003","17.56"
"170163","1004","49.41"
"170163","1005","27.57"
"170163","1008","587"
"170164","1004","1.11"
"170164","1005","49.07"
"170164","1008","224"
"170164","1003","4.2"
"170165","1003","6.82"
"170165","1004","1.81"
"170165","1005","79.76"
"170165","1008","363"
"170166","1004","0.76"
"170166","1005","33.64"
"170166","1008","153"
"170166","1003","2.88"
"170167","1003","5.01"
"170167","1004","3.91"
"170167","1005","78.43"
"170167","1008","369"
"170168","1004","1.38"
"170168","1005","27.76"
"170168","1008","131"
"170168","1003","2"
"170169","1003","3.33"
"170169","1004","33.49"
"170169","1005","15.23"
"170169","1008","354"
"170170","1004","64.53"
"170170","1008","660"
"170170","1003","6.88"
"170170","1005","23.65"
"170171","1003","1.17"
"170171","1004","16.31"
"170171","1005","53.21"
"170171","1008","357"
"170172","1003","2.29"
"170172","1004","23.84"
"170172","1005","5.54"
"170172","1008","230"
"170173","1004","21.33"
"170173","1005","2.81"
"170173","1008","197"
"170173","1003","2.02"
"170174","1003","0.72"
"170174","1004","0.2"
"170174","1005","3.71"
"170174","1008","19"
"170175","1004","2"
"170175","1005","72.45"
"170175","1008","348"
"170175","1003","10.35"
"170176","1003","2.29"
"170176","1004","1.62"
"170176","1005","22.1"
"170176","1008","111"
"170177","1004","64.37"
"170177","1005","18.25"
"170177","1008","657"
"170177","1003","12.72"
"170178","1005","13.82"
"170178","1008","718"
"170178","1003","7.91"
"170178","1004","75.77"
"170179","1005","13.38"
"170179","1008","718"
"170179","1004","76.08"
"170179","1003","7.79"
"170180","1004","57.7"
"170180","1005","23.68"
"170180","1008","622"
"170180","1003","13.82"
"170181","1004","53.2"
"170181","1005","24.62"
"170181","1008","608"
"170181","1003","18"
"170182","1004","71.97"
"170182","1003","9.17"
"170182","1005","13.86"
"170182","1008","691"
"170183","1003","9.5"
"170183","1004","74.27"
"170183","1005","13.55"
"170183","1008","710"
"170184","1004","45.32"
"170184","1005","27.17"
"170184","1008","560"
"170184","1003","20.16"
"170185","1003","21.05"
"170185","1004","45.82"
"170185","1005","28.28"
"170185","1008","572"
"170186","1004","59.33"
"170186","1005","9.58"
"170186","1008","619"
"170186","1003","24.06"
"170187","1005","13.71"
"170187","1008","654"
"170187","1003","15.23"
"170187","1004","65.21"
"170188","1003","18.55"
"170188","1004","19.4"
"170188","1005","53.75"
"170188","1008","446"
"170189","1004","53.76"
"170189","1005","21.19"
"170189","1008","595"
"170189","1003","17"
"170190","1003","3.17"
"170190","1004","2.2"
"170190","1005","52.96"
"170190","1008","245"
"170191","1005","24.05"
"170191","1008","586"
"170191","1004","50.87"
"170191","1003","18.08"
"170192","1003","30.78"
"170192","1004","37.1"
"170192","1005","26.62"
"170192","1008","526"
"170193","1004","94"
"170193","1005","0"
"170193","1008","854"
"170193","1003","1.5"
"170194","1003","12.18"
"170194","1004","20.35"
"170194","1005","0"
"170194","1008","236"
"170195","1004","24.98"
"170195","1005","0"
"170195","1008","319"
"170195","1003","21.85"
"170196","1003","14.9"
"170196","1004","16.09"
"170196","1005","3.68"
"170196","1008","224"
"170197","1004","38.8"
"170197","1005","0.7"
"170197","1008","406"
"170197","1003","12.5"
"170198","1003","31.3"
"170198","1004","34.4"
"170198","1005","1.4"
"170198","1008","449"
"170199","1004","14.9"
"170199","1005","0.14"
"170199","1008","198"
"170199","1003","14.68"
"170200","1003","18.17"
"170200","1004","18.98"
"170200","1005","0.47"
"170200","1008","251"
"170201","1003","26.49"
"170201","1004","13.42"
"170201","1005","0.28"
"170201","1008","228"
"170202","1003","19"
"170202","1004","3.3"
"170202","1005","0"
"170202","1008","111"
"170203","1004","11.46"
"170203","1005","0"
"170203","1008","209"
"170203","1003","26.53"
"170204","1003","21.8"
"170204","1004","5.82"
"170204","1005","0.36"
"170204","1008","147"
"170205","1003","19.42"
"170205","1004","9.99"
"170205","1005","0.49"
"170205","1008","170"
"170206","1003","28.17"
"170206","1004","12.53"
"170206","1005","0"
"170206","1008","233"
"170207","1004","9.18"
"170207","1005","0"
"170207","1008","203"
"170207","1003","28.61"
"170208","1004","8.37"
"170208","1005","0"
"170208","1008","203"
"170208","1003","29.9"
"170209","1003","29.51"
"170209","1004","8.87"
"170209","1005","0"
"170209","1008","206"
"170210","1005","0"
"170210","1004","6.99"
"170210","1003","33.26"
"170210","1008","205"
"170211","1004","28.5"
"170211","1005","0"
"170211","1008","358"
"170211","1003","23.53"
"170212","1003","28.05"
"170212","1004","13.8"
"170212","1005","0"
"170212","1008","244"
"170213","1005","0"
"170213","1008","297"
"170213","1004","19.17"
"170213","1003","28.94"
"170214","1005","0"
"170214","1004","19.02"
"170214","1003","27.17"
"170214","1008","288"
"170215","1003","31.06"
"170215","1004","13.3"
"170215","1005","0"
"170215","1008","253"
"170216","1005","0"
"170216","1003","30.45"
"170216","1004","11.14"
"170216","1008","231"
"170217","1005","0"
"170217","1004","9.44"
"170217","1003","30.68"
"170217","1008","216"
"170218","1004","11.4"
"170218","1005","0"
"170218","1008","220"
"170218","1003","27.53"
"170219","1005","0"
"170219","1008","249"
"170219","1003","27.27"
"170219","1004","14.74"
"170220","1004","22.84"
"170220","1005","0"
"170220","1008","312"
"170220","1003","24.73"
"170221","1003","24.91"
"170221","1004","19.79"
"170221","1005","0"
"170221","1008","285"
"170222","1005","0"
"170222","1004","7.72"
"170222","1003","27.42"
"170222","1008","187"
"170223","1005","0"
"170223","1003","32.73"
"170223","1004","10"
"170223","1008","230"
"170224","1005","0"
"170224","1004","9.37"
"170224","1003","26.76"
"170224","1008","199"
"170225","1005","0"
"170225","1003","34.39"
"170225","1004","7.72"
"170225","1008","217"
"170226","1005","0"
"170226","1004","6.3"
"170226","1003","34.93"
"170226","1008","206"
"170227","1005","0"
"170227","1003","28.29"
"170227","1004","5.33"
"170227","1008","169"
"170228","1005","0"
"170228","1003","29.66"
"170228","1008","167"
"170228","1004","4.46"
"170229","1005","0"
"170229","1004","4.83"
"170229","1008","171"
"170229","1003","29.79"
"170230","1005","0"
"170230","1008","188"
"170230","1003","26.79"
"170230","1004","8.21"
"170231","1005","0"
"170231","1004","8.9"
"170231","1003","27.01"
"170231","1008","196"
"170232","1005","0"
"170232","1003","26.57"
"170232","1004","7.53"
"170232","1008","181"
"170233","1005","0"
"170233","1008","174"
"170233","1004","6.2"
"170233","1003","27.53"
"170234","1003","35.62"
"170234","1004","5.33"
"170234","1005","0"
"170234","1008","200"
"170235","1004","5.8"
"170235","1005","0"
"170235","1008","207"
"170235","1003","36.12"
"170236","1003","36.12"
"170236","1004","4"
"170236","1005","0"
"170236","1008","190"
"170237","1003","30.5"
"170237","1004","8.91"
"170237","1008","211"
"170237","1005","0"
"170238","1004","9.71"
"170238","1008","217"
"170238","1003","30.21"
"170238","1005","0"
"170239","1003","28.57"
"170239","1004","11.15"
"170239","1008","223"
"170239","1005","0"
"170240","1004","12.51"
"170240","1008","233"
"170240","1003","28.19"
"170240","1005","0"
"170241","1008","387"
"170241","1005","88.4"
"170241","1004","5"
"170241","1003","0"
"170242","1008","366"
"170242","1003","0.1"
"170242","1004","1.5"
"170242","1005","90.3"
"170243","1004","0.1"
"170243","1005","94.3"
"170243","1008","369"
"170243","1003","0.1"
"170244","1003","5.76"
"170244","1004","35.76"
"170244","1005","54.1"
"170244","1008","558"
"170245","1003","7"
"170245","1004","32.7"
"170245","1005","56.2"
"170245","1008","523"
"170246","1004","4.2"
"170246","1005","77.9"
"170246","1008","382"
"170246","1003","12"
"170247","1003","9"
"170247","1004","28.1"
"170247","1005","57.2"
"170247","1008","500"
"170248","1004","34.6"
"170248","1005","52.9"
"170248","1008","536"
"170248","1003","7"
"170249","1003","9.1"
"170249","1004","3.5"
"170249","1005","79.2"
"170249","1008","381"
"170250","1004","2.8"
"170250","1005","81.5"
"170250","1008","387"
"170250","1003","8.2"
"170251","1003","9"
"170251","1004","3.5"
"170251","1005","80.1"
"170251","1008","380"
"170252","1004","3.5"
"170252","1005","80.1"
"170252","1008","387"
"170252","1003","8.5"
"170253","1005","67.8"
"170253","1008","487"
"170253","1003","7.1"
"170253","1004","20.8"
"170254","1008","416"
"170254","1004","5.7"
"170254","1005","80.1"
"170254","1003","11"
"170255","1003","0"
"170255","1004","0.24"
"170255","1005","19.68"
"170255","1008","81"
"170256","1004","25.6"
"170256","1003","7.8"
"170256","1005","62.3"
"170256","1008","511"
"170257","1003","0"
"170257","1004","0"
"170257","1005","91.17"
"170257","1008","336"
"170258","1003","3.67"
"170258","1004","1.87"
"170258","1005","23.11"
"170258","1008","124"
"170259","1004","0"
"170259","1005","5.14"
"170259","1008","21"
"170259","1003","0"
"170260","1004","1.88"
"170260","1005","30.07"
"170260","1008","124"
"170260","1003","4.31"
"170261","1003","4.84"
"170261","1004","4.59"
"170261","1005","25.3"
"170261","1008","162"
"170262","1004","10.3"
"170262","1005","21.3"
"170262","1008","180"
"170262","1003","3.99"
"170263","1003","4.5"
"170263","1004","7.05"
"170263","1005","20.75"
"170263","1008","154"
"170264","1004","6.2"
"170264","1005","21.92"
"170264","1008","143"
"170264","1003","3.68"
"170265","1003","3.53"
"170265","1004","5.68"
"170265","1005","25.63"
"170265","1008","153"
"170266","1003","3.69"
"170266","1004","0.61"
"170266","1005","12.88"
"170266","1008","72"
"170267","1003","1.37"
"170267","1004","2.33"
"170267","1005","11.95"
"170267","1008","49"
"170268","1004","7.28"
"170268","1005","29.68"
"170268","1008","201"
"170268","1003","5.3"
"170269","1003","3.89"
"170269","1004","2.17"
"170269","1005","30.18"
"170269","1008","136"
"170270","1005","26.8"
"170270","1008","237"
"170270","1003","3.8"
"170270","1004","12.7"
"170271","1004","31.28"
"170271","1005","61.17"
"170271","1008","546"
"170271","1003","4.88"
"170272","1004","38.31"
"170272","1005","52.42"
"170272","1008","579"
"170272","1003","6.12"
"170273","1004","42.63"
"170273","1005","45.9"
"170273","1008","598"
"170273","1003","7.79"
"170274","1004","32.2"
"170274","1005","59.97"
"170274","1008","550"
"170274","1003","5.09"
"170275","1004","31.34"
"170275","1005","55.53"
"170275","1008","542"
"170275","1003","9.53"
"170276","1004","0"
"170276","1003","0"
"170276","1005","67.38"
"170276","1008","270"
"170277","1003","0.09"
"170277","1004","0.45"
"170277","1005","76.37"
"170277","1008","310"
"170278","1004","18.33"
"170278","1005","68.45"
"170278","1008","465"
"170278","1003","6.67"
"170279","1004","0"
"170279","1005","87.97"
"170279","1008","352"
"170279","1003","0.08"
"170280","1008","212"
"170280","1004","0"
"170280","1005","52.93"
"170280","1003","0"
"170281","1008","331"
"170281","1004","0"
"170281","1003","0"
"170281","1005","91.96"
"170282","1004","27.65"
"170282","1005","55.87"
"170282","1008","481"
"170282","1003","2.13"
"170283","1003","12.48"
"170283","1004","2.3"
"170283","1005","73.48"
"170283","1008","354"
"170284","1004","1.16"
"170284","1005","77.72"
"170284","1008","352"
"170284","1003","9.91"
"170285","1008","123"
"170285","1003","2.26"
"170285","1004","0.44"
"170285","1005","28.22"
"170286","1004","3.4"
"170286","1005","71.5"
"170286","1008","343"
"170286","1003","13.25"
"170287","1003","3.08"
"170287","1004","0.24"
"170287","1005","18.58"
"170287","1008","83"
"170288","1004","4.74"
"170288","1005","74.26"
"170288","1008","365"
"170288","1003","9.42"
"170289","1003","8.36"
"170289","1004","0.92"
"170289","1005","85.64"
"170289","1008","224"
"170290","1004","3.86"
"170290","1005","76.85"
"170290","1008","361"
"170290","1003","6.93"
"170291","1003","4.32"
"170291","1004","21.5"
"170291","1005","34.91"
"170291","1008","343"
"170292","1004","12.48"
"170292","1005","21.39"
"170292","1008","219"
"170292","1003","6.21"
"170293","1004","16.18"
"170293","1005","17.97"
"170293","1008","282"
"170293","1003","16.24"
"170294","1003","17.29"
"170294","1004","15.97"
"170294","1005","24.07"
"170294","1008","310"
"170295","1003","16.28"
"170295","1004","11.19"
"170295","1005","20.89"
"170295","1008","250"
"170296","1003","10.29"
"170296","1004","12.45"
"170296","1005","26.69"
"170296","1008","257"
"170297","1004","14.64"
"170297","1005","26.39"
"170297","1008","279"
"170297","1003","11.26"
"170298","1004","2.73"
"170298","1005","20.34"
"170298","1008","156"
"170298","1003","12.17"
"170299","1003","12.33"
"170299","1004","12.04"
"170299","1005","15.95"
"170299","1008","218"
"170300","1004","9.91"
"170300","1005","14.89"
"170300","1008","153"
"170300","1003","0.95"
"170301","1004","13.25"
"170301","1005","40.21"
"170301","1008","296"
"170301","1003","6.16"
"170302","1004","18.92"
"170302","1005","42.82"
"170302","1008","370"
"170302","1003","7.08"
"170303","1003","21.4"
"170303","1004","11.2"
"170303","1005","10.39"
"170303","1008","228"
"170304","1004","18.5"
"170304","1005","30.51"
"170304","1008","301"
"170304","1003","3"
"170305","1003","13.89"
"170305","1004","8.81"
"170305","1005","27.1"
"170305","1008","243"
"170306","1004","2.37"
"170306","1005","22.54"
"170306","1008","155"
"170306","1003","10.91"
"170307","1003","10.66"
"170307","1004","2.42"
"170307","1005","20.36"
"170307","1008","146"
"170308","1003","10.66"
"170308","1004","2.42"
"170308","1005","20.36"
"170308","1008","146"
"170309","1004","3.15"
"170309","1005","21.35"
"170309","1008","157"
"170309","1003","10.84"
"170310","1003","12.29"
"170310","1004","5.34"
"170310","1005","21.49"
"170310","1008","183"
"170311","1004","5.34"
"170311","1005","21.49"
"170311","1008","183"
"170311","1003","12.29"
"170312","1004","6.41"
"170312","1005","26.66"
"170312","1008","205"
"170312","1003","10.06"
"170313","1003","10.06"
"170313","1004","6.41"
"170313","1005","26.66"
"170313","1008","205"
"170314","1003","10.84"
"170314","1004","3.15"
"170314","1005","21.35"
"170314","1008","157"
"170315","1004","10.04"
"170315","1005","20.43"
"170315","1008","214"
"170315","1003","10.52"
"170316","1003","12.33"
"170316","1004","12.04"
"170316","1005","15.95"
"170316","1008","221"
"170317","1004","12.28"
"170317","1003","10.36"
"170317","1005","29.02"
"170317","1008","268"
"170318","1003","10.94"
"170318","1004","13.59"
"170318","1005","27.4"
"170318","1008","276"
"170319","1008","282"
"170319","1004","14.64"
"170319","1005","26.39"
"170319","1003","11.26"
"170320","1003","12.97"
"170320","1004","11.79"
"170320","1005","27.81"
"170320","1008","263"
"170321","1004","11.55"
"170321","1005","22.17"
"170321","1008","244"
"170321","1003","14.1"
"170322","1004","11.6"
"170322","1005","14.2"
"170322","1008","221"
"170322","1003","14.87"
"170323","1003","12.62"
"170323","1004","8.75"
"170323","1005","28.45"
"170323","1008","243"
"170324","1004","11.5"
"170324","1005","24.97"
"170324","1008","256"
"170324","1003","13.06"
"170325","1003","16.52"
"170325","1004","14.2"
"170325","1005","11.71"
"170325","1008","241"
"170326","1005","23.62"
"170326","1008","132"
"170326","1004","2.6"
"170326","1003","3.49"
"170327","1004","12.48"
"170327","1005","38.7"
"170327","1008","280"
"170327","1003","3.23"
"170328","1003","14.85"
"170328","1004","10.55"
"170328","1005","26.76"
"170328","1008","261"
"170329","1003","14.57"
"170329","1004","14.81"
"170329","1005","23.71"
"170329","1008","286"
"170330","1003","10.29"
"170330","1004","12.45"
"170330","1005","26.69"
"170330","1008","260"
"170331","1008","286"
"170331","1004","14.69"
"170331","1005","26.22"
"170331","1003","12.14"
"170332","1003","8.86"
"170332","1004","12.7"
"170332","1005","19.85"
"170332","1008","229"
"170333","1004","9.75"
"170333","1005","20.23"
"170333","1008","206"
"170333","1003","9.25"
"170334","1004","6.42"
"170334","1005","20.51"
"170334","1008","179"
"170334","1003","9.84"
"170335","1003","9.13"
"170335","1004","7.27"
"170335","1005","20.32"
"170335","1008","183"
"170336","1004","21.5"
"170336","1005","34.91"
"170336","1008","350"
"170336","1003","4.32"
"170337","1003","6.21"
"170337","1004","12.48"
"170337","1005","21.39"
"170337","1008","223"
"170338","1003","19.61"
"170338","1004","11.2"
"170338","1005","18.52"
"170338","1008","253"
"170339","1004","17.05"
"170339","1005","43.55"
"170339","1008","358"
"170339","1003","7.5"
"170340","1003","0.91"
"170340","1004","8.64"
"170340","1005","15.65"
"170340","1008","144"
"170341","1004","15.42"
"170341","1005","13.66"
"170341","1008","274"
"170341","1003","20.25"
"170342","1004","10.49"
"170342","1005","1.76"
"170342","1008","216"
"170342","1003","28.65"
"170343","1003","10.96"
"170343","1004","36.61"
"170343","1005","22.54"
"170343","1008","464"
"170344","1004","4.82"
"170344","1005","0.25"
"170344","1008","153"
"170344","1003","27.25"
"170345","1003","25.9"
"170345","1004","7.43"
"170345","1005","0"
"170345","1008","170"
"170346","1004","17.73"
"170346","1005","8.46"
"170346","1008","269"
"170346","1003","18.9"
"170347","1003","21.7"
"170347","1004","18.9"
"170347","1005","9.93"
"170347","1008","297"
"170348","1004","16.55"
"170348","1005","8.47"
"170348","1008","268"
"170348","1003","21.24"
"170349","1003","20.62"
"170349","1004","17.73"
"170349","1005","7.96"
"170349","1008","274"
"170350","1003","13.96"
"170350","1004","32.32"
"170350","1005","21.54"
"170350","1008","433"
"170351","1004","9.66"
"170351","1005","0.85"
"170351","1008","188"
"170351","1003","24.31"
"170352","1004","9.42"
"170352","1005","2.9"
"170352","1008","212"
"170352","1003","28.94"
"170353","1003","21.67"
"170353","1004","16.47"
"170353","1005","9.83"
"170353","1008","274"
"170354","1004","19.14"
"170354","1005","9.84"
"170354","1008","293"
"170354","1003","20.44"
"170355","1003","3.36"
"170355","1004","1.01"
"170355","1005","15.86"
"170355","1008","84"
"170356","1003","27.93"
"170356","1004","4.54"
"170356","1005","0"
"170356","1008","153"
"170357","1003","26.24"
"170357","1004","7.41"
"170357","1005","0"
"170357","1008","172"
"170358","1003","23.21"
"170358","1004","9.41"
"170358","1005","0.24"
"170358","1008","178"
"170359","1003","19.23"
"170359","1004","18.07"
"170359","1005","8.68"
"170359","1008","274"
"170360","1008","310"
"170360","1004","20.09"
"170360","1005","11.19"
"170360","1003","21.14"
"170361","1003","13.48"
"170361","1004","11.68"
"170361","1005","29.86"
"170361","1008","279"
"170362","1004","8.6"
"170362","1005","31.78"
"170362","1008","256"
"170362","1003","12.8"
"170363","1003","11.74"
"170363","1004","10.68"
"170363","1005","27.93"
"170363","1008","255"
"170364","1004","10.8"
"170364","1005","28.05"
"170364","1008","255"
"170364","1003","11.41"
"170365","1003","11.06"
"170365","1004","12.94"
"170365","1005","30.36"
"170365","1008","282"
"170366","1004","17.71"
"170366","1005","27"
"170366","1008","321"
"170366","1003","13.36"
"170367","1003","11.5"
"170367","1004","12.35"
"170367","1005","30.62"
"170367","1008","280"
"170368","1003","17.34"
"170368","1004","4.57"
"170368","1005","16.78"
"170368","1008","182"
"170369","1003","14.13"
"170369","1004","16.17"
"170369","1005","32.66"
"170369","1008","333"
"170370","1004","19.05"
"170370","1005","25.35"
"170370","1008","328"
"170370","1003","13.88"
"170371","1003","12.77"
"170371","1004","18.52"
"170371","1005","25.3"
"170371","1008","319"
"170372","1004","13.85"
"170372","1005","29.56"
"170372","1008","287"
"170372","1003","11.08"
"170373","1004","11.07"
"170373","1005","28.8"
"170373","1008","263"
"170373","1003","11.91"
"170374","1003","16.83"
"170374","1004","16.13"
"170374","1005","17.43"
"170374","1008","282"
"170375","1003","2.2"
"170375","1005","4.33"
"170375","1008","22"
"170375","1004","0.13"
"170376","1005","5.46"
"170376","1008","27"
"170376","1003","2.57"
"170376","1004","0.2"
"170377","1004","0.6"
"170377","1005","11.7"
"170377","1008","72"
"170377","1003","5.6"
"170378","1008","62"
"170378","1003","4.8"
"170378","1004","0.5"
"170378","1005","10.1"
"170379","1005","6.64"
"170379","1008","34"
"170379","1004","0.37"
"170379","1003","2.82"
"170380","1005","5.36"
"170380","1008","28"
"170380","1004","0.11"
"170380","1003","3.1"
"170381","1005","2.85"
"170381","1008","22"
"170381","1004","0.49"
"170381","1003","3.17"
"170382","1008","25"
"170382","1005","3.12"
"170382","1003","3.83"
"170382","1004","0.52"
"170383","1005","8.95"
"170383","1008","43"
"170383","1003","3.38"
"170383","1004","0.3"
"170384","1005","21.15"
"170384","1008","88"
"170384","1004","0.14"
"170384","1003","2.09"
"170385","1003","0.39"
"170385","1004","0.04"
"170385","1005","3.61"
"170385","1008","14"
"170386","1004","0.02"
"170386","1005","2.16"
"170386","1008","8"
"170386","1003","0.23"
"170387","1003","0.11"
"170387","1004","0.13"
"170387","1005","0.38"
"170387","1008","3"
"170388","1003","2"
"170388","1004","0.1"
"170388","1005","6.1"
"170388","1008","27"
"170389","1004","0.09"
"170389","1005","5.41"
"170389","1008","24"
"170389","1003","1.8"
"170390","1003","1.5"
"170390","1004","0.2"
"170390","1005","2.18"
"170390","1008","13"
"170391","1005","1.78"
"170391","1008","12"
"170391","1004","0.16"
"170391","1003","1.56"
"170392","1004","0.5"
"170392","1005","2.4"
"170392","1008","15"
"170392","1003","1.1"
"170393","1003","0.93"
"170393","1004","0.24"
"170393","1005","9.58"
"170393","1008","41"
"170394","1004","0.18"
"170394","1003","0.76"
"170394","1005","8.22"
"170394","1008","35"
"170395","1003","0.58"
"170395","1004","0.14"
"170395","1005","5.37"
"170395","1008","23"
"170396","1008","25"
"170396","1004","0.19"
"170396","1003","0.64"
"170396","1005","5.54"
"170397","1005","4.11"
"170397","1008","23"
"170397","1003","1.84"
"170397","1004","0.45"
"170398","1004","0.27"
"170398","1005","4.68"
"170398","1008","24"
"170398","1003","2.01"
"170399","1005","3.75"
"170399","1008","19"
"170399","1003","1.61"
"170399","1004","0.22"
"170400","1008","42"
"170400","1004","0.3"
"170400","1005","9.2"
"170400","1003","1.5"
"170401","1005","4.13"
"170401","1008","20"
"170401","1004","0.08"
"170401","1003","1.88"
"170402","1005","4.51"
"170402","1008","19"
"170402","1004","0.13"
"170402","1003","0.82"
"170403","1003","0.62"
"170403","1004","0.48"
"170403","1005","5.09"
"170403","1008","24"
"170404","1004","0.1"
"170404","1005","4"
"170404","1008","17"
"170404","1003","0.9"
"170405","1008","20"
"170405","1003","1.64"
"170405","1004","0.09"
"170405","1005","4.31"
"170406","1004","0.61"
"170406","1005","5.42"
"170406","1008","32"
"170406","1003","3.02"
"170407","1003","2.71"
"170407","1004","0.72"
"170407","1005","5.65"
"170407","1008","33"
"170408","1005","6.46"
"170408","1008","33"
"170408","1003","2.69"
"170408","1004","0.37"
"170409","1004","0.77"
"170409","1005","13.86"
"170409","1008","61"
"170409","1003","1.95"
"170410","1005","6.82"
"170410","1004","0.1"
"170410","1008","29"
"170410","1003","0.79"
"170411","1005","6.59"
"170411","1008","28"
"170411","1003","0.77"
"170411","1004","0.1"
"170412","1005","8.45"
"170412","1008","35"
"170412","1004","0.06"
"170412","1003","0.89"
"170413","1008","28"
"170413","1003","0.71"
"170413","1004","0.05"
"170413","1005","6.7"
"170414","1004","14.1"
"170414","1005","30.53"
"170414","1008","258"
"170414","1003","3.15"
"170415","1004","14.3"
"170415","1005","33.79"
"170415","1008","276"
"170415","1003","4.14"
"170416","1005","6.33"
"170416","1008","36"
"170416","1004","0.79"
"170416","1003","2.97"
"170417","1005","17.99"
"170417","1008","75"
"170417","1003","1.2"
"170417","1004","0.3"
"170418","1005","9.02"
"170418","1008","52"
"170418","1004","0.38"
"170418","1003","3.5"
"170419","1005","14.45"
"170419","1008","81"
"170419","1003","5.42"
"170419","1004","0.4"
"170420","1005","15.63"
"170420","1008","84"
"170420","1004","0.22"
"170420","1003","5.36"
"170421","1004","0.48"
"170421","1005","10.6"
"170421","1008","58"
"170421","1003","3.01"
"170422","1005","27.11"
"170422","1008","124"
"170422","1004","0.68"
"170422","1003","8.8"
"170423","1005","17.08"
"170423","1008","98"
"170423","1003","7.05"
"170423","1004","0.51"
"170424","1004","0.27"
"170424","1005","8.48"
"170424","1008","38"
"170424","1003","2.17"
"170425","1003","3.4"
"170425","1004","0.47"
"170425","1005","11.15"
"170425","1008","53"
"170426","1005","5.1"
"170426","1008","21"
"170426","1004","0.1"
"170426","1003","0.9"
"170427","1004","0.17"
"170427","1003","0.86"
"170427","1005","4.64"
"170427","1008","20"
"170428","1008","28"
"170428","1003","0.92"
"170428","1004","0.2"
"170428","1005","6.7"
"170429","1004","0.3"
"170429","1005","3.9"
"170429","1008","18"
"170429","1003","0.8"
"170430","1005","19.49"
"170430","1008","111"
"170430","1004","1.36"
"170430","1003","5.96"
"170431","1005","27.23"
"170431","1008","112"
"170431","1003","0.38"
"170431","1004","0.14"
"170432","1004","0.4"
"170432","1005","3.7"
"170432","1008","23"
"170432","1003","2.6"
"170433","1005","3.1"
"170433","1008","20"
"170433","1003","2.3"
"170433","1004","0.4"
"170434","1008","92"
"170434","1003","2.1"
"170434","1004","0.15"
"170434","1005","21.08"
"170435","1008","87"
"170435","1003","2.3"
"170435","1004","0.15"
"170435","1005","19.59"
"170436","1008","146"
"170436","1003","2.34"
"170436","1004","4.99"
"170436","1005","23.96"
"170437","1008","161"
"170437","1004","5.13"
"170437","1005","27.5"
"170437","1003","2.51"
"170438","1005","20.13"
"170438","1008","87"
"170438","1004","0.1"
"170438","1003","1.87"
"170439","1003","2.86"
"170439","1004","0.1"
"170439","1005","17.21"
"170439","1008","78"
"170440","1005","20.01"
"170440","1008","86"
"170440","1004","0.1"
"170440","1003","1.71"
"170441","1003","2.1"
"170441","1004","0.1"
"170441","1005","23.28"
"170441","1008","100"
"170442","1005","11.26"
"170442","1008","134"
"170442","1004","7.59"
"170442","1003","5.06"
"170443","1003","1.2"
"170443","1004","0.11"
"170443","1005","9.89"
"170443","1008","44"
"170444","1004","0.21"
"170444","1005","13.61"
"170444","1008","60"
"170444","1003","1.41"
"170445","1003","8.34"
"170445","1004","0.41"
"170445","1005","81.17"
"170445","1008","354"
"170446","1004","5.13"
"170446","1003","1.77"
"170446","1005","10.87"
"170446","1008","97"
"170447","1004","3.7"
"170447","1005","74.31"
"170447","1008","314"
"170447","1003","8.9"
"170448","1003","2.3"
"170448","1004","4.12"
"170448","1005","12.84"
"170448","1008","93"
"170449","1004","4.59"
"170449","1005","73.93"
"170449","1008","358"
"170449","1003","7.77"
"170450","1003","2.12"
"170450","1004","4.3"
"170450","1005","12.77"
"170450","1008","93"
"170451","1008","163"
"170451","1003","2.16"
"170451","1004","6.24"
"170451","1005","25.59"
"170452","1008","194"
"170452","1004","6.76"
"170452","1005","31.66"
"170452","1003","2.9"
"170453","1003","1.83"
"170453","1004","0.14"
"170453","1005","17.47"
"170453","1008","76"
"170454","1004","13.21"
"170454","1005","21.86"
"170454","1008","204"
"170454","1003","2.22"
"170455","1004","0.68"
"170455","1005","6.85"
"170455","1008","44"
"170455","1003","4.16"
"170456","1005","5.1"
"170456","1008","23"
"170456","1003","1.2"
"170456","1004","0.2"
"170457","1005","3.89"
"170457","1008","18"
"170457","1004","0.2"
"170457","1003","0.88"
"170458","1008","17"
"170458","1003","0.85"
"170458","1004","0.29"
"170458","1005","3.53"
"170459","1005","18.91"
"170459","1008","82"
"170459","1004","0.47"
"170459","1003","4.32"
"170460","1005","8.98"
"170460","1008","38"
"170460","1003","1.65"
"170460","1004","0.21"
"170461","1005","74.68"
"170461","1008","302"
"170461","1004","0.44"
"170461","1003","12.91"
"170462","1005","8.77"
"170462","1008","41"
"170462","1004","0.74"
"170462","1003","0.94"
"170463","1003","1.32"
"170463","1004","0.39"
"170463","1005","7.09"
"170463","1008","32"
"170464","1004","0.07"
"170464","1005","10.98"
"170464","1008","40"
"170464","1003","0.29"
"170465","1005","6.43"
"170465","1008","28"
"170465","1003","0.9"
"170465","1004","0.1"
"170466","1008","20"
"170466","1004","0.23"
"170466","1003","1.14"
"170466","1005","4.36"
"170467","1003","1.36"
"170467","1004","0.3"
"170467","1005","2.42"
"170467","1008","14"
"170468","1004","0.31"
"170468","1005","3.67"
"170468","1008","22"
"170468","1003","2.47"
"170469","1005","4.98"
"170469","1008","29"
"170469","1003","3.35"
"170469","1004","0.42"
"170470","1005","3.39"
"170470","1004","0.19"
"170470","1008","21"
"170470","1003","2.46"
"170471","1005","13.47"
"170471","1008","72"
"170471","1004","0.52"
"170471","1003","3.33"
"170472","1005","13.09"
"170472","1008","65"
"170472","1003","2.86"
"170472","1004","0.15"
"170473","1003","0.91"
"170473","1004","0.32"
"170473","1005","3.83"
"170473","1008","19"
"170474","1004","0.3"
"170474","1005","3.4"
"170474","1008","19"
"170474","1003","1.8"
"170475","1003","0.4"
"170475","1005","3.04"
"170475","1008","14"
"170475","1004","0.2"
"170476","1004","0.87"
"170476","1005","4.31"
"170476","1008","49"
"170476","1003","6.95"
"170477","1003","5.31"
"170477","1004","0.66"
"170477","1005","3.21"
"170477","1008","38"
"170478","1004","1.1"
"170478","1005","14.1"
"170478","1008","74"
"170478","1003","5.85"
"170479","1004","0.06"
"170479","1005","18.18"
"170479","1008","73"
"170479","1003","0.84"
"170480","1003","0.8"
"170480","1004","0.08"
"170480","1005","16.28"
"170480","1008","65"
"170481","1004","0.7"
"170481","1005","3.06"
"170481","1008","21"
"170481","1003","1.8"
"170482","1003","2.09"
"170482","1008","25"
"170482","1004","0.81"
"170482","1005","3.55"
"170483","1004","0.2"
"170483","1005","8.53"
"170483","1008","37"
"170483","1003","2.1"
"170484","1003","2.09"
"170484","1004","0.19"
"170484","1005","8.18"
"170484","1008","36"
"170485","1005","74.65"
"170485","1008","321"
"170485","1004","2.1"
"170485","1003","15.2"
"170486","1003","31.3"
"170486","1004","5.2"
"170486","1005","42.38"
"170486","1008","271"
"170487","1004","0.18"
"170487","1005","3.35"
"170487","1008","16"
"170487","1003","1.21"
"170488","1005","4.31"
"170488","1008","20"
"170488","1004","0.31"
"170488","1003","0.91"
"170489","1004","0.13"
"170489","1005","8.59"
"170489","1008","34"
"170489","1003","0.95"
"170490","1004","0.35"
"170490","1005","8.85"
"170490","1008","37"
"170490","1003","0.89"
"170491","1005","9.28"
"170491","1008","40"
"170491","1004","0.15"
"170491","1003","0.95"
"170492","1004","5.04"
"170492","1005","16.97"
"170492","1008","131"
"170492","1003","4.42"
"170493","1004","0.57"
"170493","1005","17.57"
"170493","1008","83"
"170493","1003","1.91"
"170494","1003","7.89"
"170494","1005","5.9"
"170494","1008","172"
"170494","1004","12.95"
"170495","1005","23.9"
"170495","1008","290"
"170495","1004","7.72"
"170495","1003","57.47"
"170496","1005","9.14"
"170496","1008","45"
"170496","1003","3.03"
"170496","1004","0.64"
"170497","1004","0.2"
"170497","1005","9.46"
"170497","1008","40"
"170497","1003","2"
"170498","1003","2.35"
"170498","1004","1.28"
"170498","1005","15.47"
"170498","1008","81"
"170499","1005","16.8"
"170499","1008","72"
"170499","1004","0.1"
"170499","1003","2.5"
"170500","1003","8.1"
"170500","1004","1.49"
"170500","1005","79.57"
"170500","1008","341"
"170501","1004","0.28"
"170501","1005","7.29"
"170501","1008","32"
"170501","1003","1.64"
"170502","1003","1.16"
"170502","1004","0.19"
"170502","1005","3.18"
"170502","1008","16"
"170503","1004","0.47"
"170503","1005","4.51"
"170503","1008","26"
"170503","1003","2.56"
"170504","1005","3.11"
"170504","1008","19"
"170504","1004","0.25"
"170504","1003","2.27"
"170505","1005","2.8"
"170505","1008","16"
"170505","1003","1.7"
"170505","1004","0.2"
"170506","1005","2.13"
"170506","1008","12"
"170506","1004","0.17"
"170506","1003","1.3"
"170507","1005","6.11"
"170507","1008","26"
"170507","1003","0.71"
"170507","1004","0.05"
"170508","1003","1.32"
"170508","1005","17.01"
"170508","1008","71"
"170508","1004","0.3"
"170509","1005","6.46"
"170509","1008","40"
"170509","1003","3.27"
"170509","1004","0.23"
"170510","1005","8.43"
"170510","1008","50"
"170510","1004","0.38"
"170510","1003","3.5"
"170511","1005","17.08"
"170511","1008","98"
"170511","1003","7.05"
"170511","1004","0.51"
"170512","1005","8.48"
"170512","1008","38"
"170512","1004","0.27"
"170512","1003","2.17"
"170513","1008","48"
"170513","1005","10.12"
"170513","1003","3.09"
"170513","1004","0.42"
"170514","1005","8.63"
"170514","1008","45"
"170514","1004","0.2"
"170514","1003","2.54"
"170515","1003","0.92"
"170515","1004","0.2"
"170515","1005","6.11"
"170515","1008","26"
"170516","1004","0.18"
"170516","1003","0.95"
"170516","1005","3.31"
"170516","1008","16"
"170517","1005","19.49"
"170517","1008","111"
"170517","1003","5.96"
"170517","1004","1.36"
"170518","1005","3.1"
"170518","1008","20"
"170518","1004","0.4"
"170518","1003","2.3"
"170519","1005","17.2"
"170519","1008","78"
"170519","1004","0.1"
"170519","1003","2.86"
"170520","1003","1.71"
"170520","1004","0.1"
"170520","1005","20.01"
"170520","1008","86"
"170521","1005","24.24"
"170521","1008","105"
"170521","1004","0.1"
"170521","1003","2.44"
"170522","1005","23.28"
"170522","1008","100"
"170522","1003","2.1"
"170522","1004","0.1"
"170523","1008","147"
"170523","1004","4.66"
"170523","1003","2.24"
"170523","1005","24.81"
"170524","1003","5.06"
"170524","1004","7.59"
"170524","1005","11.27"
"170524","1008","132"
"170525","1005","10.78"
"170525","1008","88"
"170525","1004","3.68"
"170525","1003","2.87"
"170526","1005","4.31"
"170526","1008","18"
"170526","1003","0.72"
"170526","1004","0.07"
"170527","1005","8.09"
"170527","1008","34"
"170527","1004","0.28"
"170527","1003","1.1"
"170528","1003","0.93"
"170528","1004","0.18"
"170528","1005","6.84"
"170528","1008","30"
"170529","1005","15.36"
"170529","1008","68"
"170529","1004","0.17"
"170529","1003","2.73"
"170530","1005","11.05"
"170530","1008","141"
"170530","1003","12.35"
"170530","1004","6.4"
"170531","1005","3.75"
"170531","1004","0.26"
"170531","1003","2.97"
"170531","1008","23"
"170532","1005","5.54"
"170532","1008","25"
"170532","1003","1.28"
"170532","1004","0.2"
"170533","1005","3.3"
"170533","1008","16"
"170533","1004","0.17"
"170533","1003","1.03"
"170534","1003","1.14"
"170534","1004","0.36"
"170534","1008","15"
"170534","1005","2.69"
"170535","1005","2.97"
"170535","1008","14"
"170535","1004","0.13"
"170535","1003","1.15"
"170536","1005","10.04"
"170536","1008","39"
"170536","1003","1.23"
"170536","1004","0.07"
"170537","1008","50"
"170537","1004","0.62"
"170537","1005","10.81"
"170537","1003","2.48"
"170538","1005","6.46"
"170538","1008","30"
"170538","1003","1.48"
"170538","1004","0.37"
"170539","1008","27"
"170539","1005","6.46"
"170539","1004","0.26"
"170539","1003","0.66"
"170540","1005","24.37"
"170540","1008","111"
"170540","1003","5.07"
"170540","1004","0.8"
"170541","1003","1.37"
"170541","1004","0.14"
"170541","1005","17.72"
"170541","1008","76"
"170542","1005","23.4"
"170542","1008","100"
"170542","1003","1.71"
"170542","1004","0.12"
"170543","1008","142"
"170543","1005","34.6"
"170543","1004","0.11"
"170543","1003","0.52"
"170544","1005","3.89"
"170544","1008","24"
"170544","1003","2.72"
"170544","1004","0.41"
"170545","1008","17"
"170545","1003","0.85"
"170545","1004","0.29"
"170545","1005","3.53"
"170546","1005","8.98"
"170546","1008","38"
"170546","1004","0.21"
"170546","1003","1.65"
"170547","1005","5.06"
"170547","1008","22"
"170547","1003","0.71"
"170547","1004","0.08"
"170548","1008","21"
"170548","1004","0.24"
"170548","1003","1.53"
"170548","1005","3.73"
"170549","1005","2.45"
"170549","1008","11"
"170549","1004","0.2"
"170549","1003","0.4"
"170550","1005","3.21"
"170550","1008","37"
"170550","1003","5.31"
"170550","1004","0.66"
"170551","1005","26.99"
"170551","1008","114"
"170551","1004","0.14"
"170551","1003","1.49"
"170552","1004","0.99"
"170552","1005","46.28"
"170552","1008","217"
"170552","1003","5.97"
"170553","1003","8.62"
"170553","1004","1.68"
"170553","1005","79.39"
"170553","1008","367"
"170554","1003","16.54"
"170554","1004","30.74"
"170554","1005","42.12"
"170554","1008","486"
"170555","1003","40.96"
"170555","1004","6.2"
"170555","1005","40.54"
"170555","1008","359"
"170556","1005","10.71"
"170556","1008","559"
"170556","1003","30.23"
"170556","1004","49.05"
"170557","1003","29.84"
"170557","1004","49.05"
"170557","1005","14.71"
"170557","1008","574"
"170558","1003","16.18"
"170558","1004","38.45"
"170558","1005","34.29"
"170558","1008","517"
"170559","1004","2.39"
"170559","1005","48.73"
"170559","1008","342"
"170559","1003","35.62"
"170560","1003","50.14"
"170560","1004","1.75"
"170560","1005","35.51"
"170560","1008","333"
"170561","1004","48"
"170561","1005","26.04"
"170561","1008","567"
"170561","1003","16.96"
"170562","1003","20.78"
"170562","1004","51.46"
"170562","1005","20"
"170562","1008","584"
"170563","1003","19.33"
"170563","1004","49.8"
"170563","1005","24.07"
"170563","1008","582"
"170564","1003","20.06"
"170564","1004","51.3"
"170564","1005","22.89"
"170564","1008","592"
"170565","1003","8.1"
"170565","1004","31.41"
"170565","1005","53.66"
"170565","1008","509"
"170566","1004","30.17"
"170566","1005","54.65"
"170566","1008","501"
"170566","1003","7.49"
"170567","1003","21.15"
"170567","1004","49.93"
"170567","1005","21.55"
"170567","1008","579"
"170568","1003","21.4"
"170568","1004","52.52"
"170568","1005","18.67"
"170568","1008","590"
"170569","1003","14.32"
"170569","1004","67.1"
"170569","1005","11.74"
"170569","1008","659"
"170570","1003","24.9"
"170570","1004","56.98"
"170570","1005","12.05"
"170570","1008","612"
"170571","1004","46.35"
"170571","1005","32.69"
"170571","1008","574"
"170571","1003","15.31"
"170572","1003","16.84"
"170572","1004","47.77"
"170572","1005","29.87"
"170572","1008","580"
"170573","1003","4.48"
"170573","1004","1.19"
"170573","1005","52.36"
"170573","1008","239"
"170574","1004","2.26"
"170574","1005","45.54"
"170574","1008","213"
"170574","1003","2.42"
"170575","1003","1.63"
"170575","1004","1.25"
"170575","1005","44.17"
"170575","1008","196"
"170576","1004","4.45"
"170576","1005","77.31"
"170576","1008","374"
"170576","1003","6.39"
"170577","1003","3.13"
"170577","1004","27.99"
"170577","1005","51.85"
"170577","1008","456"
"170578","1003","3.35"
"170578","1004","31.69"
"170578","1005","40.91"
"170578","1008","443"
"170579","1004","47"
"170579","1005","44.4"
"170579","1008","592"
"170579","1003","5.3"
"170580","1003","3.63"
"170580","1004","34.68"
"170580","1005","6.65"
"170580","1008","330"
"170581","1005","16.7"
"170581","1008","628"
"170581","1004","60.75"
"170581","1003","14.95"
"170582","1003","13.7"
"170582","1004","61.15"
"170582","1005","17"
"170582","1008","629"
"170583","1005","17.6"
"170583","1008","646"
"170583","1004","62.4"
"170583","1003","15.03"
"170584","1003","4.32"
"170584","1004","1.68"
"170584","1005","37.6"
"170584","1008","182"
"170585","1003","19.5"
"170585","1004","53.5"
"170585","1005","22.42"
"170585","1008","607"
"170586","1003","23.28"
"170586","1004","47.52"
"170586","1005","23.07"
"170586","1008","572"
"170587","1003","20.04"
"170587","1004","53.95"
"170587","1005","21.05"
"170587","1008","607"
"170588","1003","15.52"
"170588","1004","56.17"
"170588","1005","22.27"
"170588","1008","615"
"170589","1004","75.23"
"170589","1003","9.2"
"170589","1005","13.01"
"170589","1008","715"
"170590","1003","10.8"
"170590","1004","79.55"
"170590","1005","3.98"
"170590","1008","719"
"170591","1004","68.37"
"170591","1003","13.69"
"170591","1005","13.08"
"170591","1008","673"
"170592","1008","629"
"170592","1003","11.57"
"170592","1004","60.98"
"170592","1005","19.3"
"170593","1003","8.28"
"170593","1005","47.59"
"170593","1008","500"
"170593","1004","35.71"
"170594","1004","60.71"
"170594","1005","17.86"
"170594","1003","14.29"
"170594","1008","643"
"170595","1003","6.2"
"170595","1004","2.7"
"170595","1005","40.1"
"170595","1008","207"
"170596","1004","36.29"
"170596","1005","21.9"
"170596","1008","506"
"170596","1003","32.59"
"170597","1003","25.1"
"170597","1004","4.2"
"170597","1005","0"
"170597","1008","145"
"170598","1004","22.3"
"170598","1005","0"
"170598","1003","19.29"
"170598","1008","284"
"170599","1003","12.07"
"170599","1004","3.69"
"170599","1005","0"
"170599","1008","85"
"170600","1003","16.5"
"170600","1004","27"
"170600","1008","309"
"170600","1005","0"
"170601","1004","8.07"
"170601","1005","0"
"170601","1003","32.62"
"170601","1008","212"
"170602","1004","14.93"
"170602","1005","0"
"170602","1008","250"
"170602","1003","27.1"
"170603","1003","21.03"
"170603","1004","5.41"
"170603","1005","0.19"
"170603","1008","134"
"170604","1005","2.76"
"170604","1008","153"
"170604","1003","31.1"
"170604","1004","1.94"
"170605","1004","12.64"
"170605","1005","0.14"
"170605","1008","220"
"170605","1003","26.5"
"170606","1004","26.91"
"170606","1005","2.42"
"170606","1008","312"
"170606","1003","14.11"
"170607","1008","133"
"170607","1003","20.19"
"170607","1004","4.42"
"170607","1005","1.86"
"170608","1004","10.96"
"170608","1005","0.67"
"170608","1008","178"
"170608","1003","19.23"
"170609","1003","28.4"
"170609","1004","12.42"
"170609","1005","0"
"170609","1008","230"
"170610","1004","7.12"
"170610","1005","0"
"170610","1008","188"
"170610","1003","29.88"
"170611","1004","19.52"
"170611","1005","0"
"170611","1008","291"
"170611","1003","26.79"
"170612","1003","29.75"
"170612","1004","10.08"
"170612","1005","0"
"170612","1008","218"
"170613","1005","0"
"170613","1003","32.9"
"170613","1004","8.01"
"170613","1008","213"
"170614","1005","0"
"170614","1003","29.23"
"170614","1004","17.56"
"170614","1008","283"
"170615","1005","0"
"170615","1004","7.67"
"170615","1003","33.36"
"170615","1008","212"
"170616","1005","0"
"170616","1003","33.37"
"170616","1004","5.8"
"170616","1008","195"
"170617","1004","24.14"
"170617","1005","0"
"170617","1008","334"
"170617","1003","27.18"
"170618","1005","0"
"170618","1003","26.39"
"170618","1004","21.48"
"170618","1008","306"
"170619","1004","30.49"
"170619","1005","0"
"170619","1008","372"
"170619","1003","22.8"
"170620","1003","23.48"
"170620","1004","25.54"
"170620","1005","0"
"170620","1008","331"
"170621","1004","13.4"
"170621","1005","0"
"170621","1008","238"
"170621","1003","27.53"
"170622","1003","27.53"
"170622","1004","15"
"170622","1005","0"
"170622","1008","253"
"170623","1005","0"
"170623","1008","193"
"170623","1004","7.53"
"170623","1003","29.41"
"170624","1003","28.04"
"170624","1004","11.7"
"170624","1005","0"
"170624","1008","225"
"170625","1004","8.7"
"170625","1005","0"
"170625","1008","198"
"170625","1003","28.04"
"170626","1008","223"
"170626","1003","33.56"
"170626","1004","8.86"
"170626","1005","0"
"170627","1005","0"
"170627","1004","6.06"
"170627","1003","28.08"
"170627","1008","175"
"170628","1005","0"
"170628","1008","214"
"170628","1004","7.67"
"170628","1003","34"
"170629","1005","0"
"170629","1003","27.76"
"170629","1004","6.48"
"170629","1008","177"
"170630","1005","0"
"170630","1004","9.03"
"170630","1003","33.08"
"170630","1008","223"
"170631","1005","0"
"170631","1003","27.23"
"170631","1004","7.63"
"170631","1008","185"
"170632","1005","0"
"170632","1003","29.45"
"170632","1008","162"
"170632","1004","3.97"
"170633","1005","0"
"170633","1008","163"
"170633","1004","3.9"
"170633","1003","29.85"
"170634","1005","0"
"170634","1003","29.94"
"170634","1004","4.26"
"170634","1008","166"
"170635","1005","0"
"170635","1008","157"
"170635","1004","3.43"
"170635","1003","29.52"
"170636","1004","6.42"
"170636","1003","27.68"
"170636","1005","0"
"170636","1008","176"
"170637","1003","27.37"
"170637","1004","4.38"
"170637","1005","0"
"170637","1008","149"
"170638","1003","35.62"
"170638","1004","6.31"
"170638","1005","0"
"170638","1008","209"
"170639","1004","7.09"
"170639","1005","0"
"170639","1008","216"
"170639","1003","35.62"
"170640","1003","30.93"
"170640","1004","7.7"
"170640","1008","202"
"170640","1005","0"
"170641","1003","30.7"
"170641","1008","198"
"170641","1004","8.32"
"170641","1005","0"
"170642","1004","9.03"
"170642","1008","211"
"170642","1003","30.45"
"170642","1005","0"
"170643","1005","0"
"170643","1008","198"
"170643","1004","7.25"
"170643","1003","31.09"
"170644","1003","0.3"
"170644","1004","1.1"
"170644","1005","92.4"
"170644","1008","369"
"170645","1004","0.2"
"170645","1003","0.7"
"170645","1005","64.4"
"170645","1008","242"
"170646","1003","0"
"170646","1004","0.1"
"170646","1005","69.6"
"170646","1008","265"
"170647","1004","2.4"
"170647","1005","83.4"
"170647","1008","387"
"170647","1003","8.1"
"170648","1003","7"
"170648","1004","34.6"
"170648","1005","52.9"
"170648","1008","536"
"170649","1004","34.6"
"170649","1005","52.9"
"170649","1008","536"
"170649","1003","7"
"170650","1003","9.1"
"170650","1004","3.5"
"170650","1005","79.2"
"170650","1008","381"
"170651","1004","3.5"
"170651","1005","79.2"
"170651","1008","381"
"170651","1003","9.1"
"170652","1003","7.6"
"170652","1004","3.8"
"170652","1005","81.5"
"170652","1008","392"
"170653","1004","36.7"
"170653","1005","46.5"
"170653","1008","541"
"170653","1003","10.9"
"170654","1003","13.8"
"170654","1004","29.4"
"170654","1005","44.9"
"170654","1008","462"
"170655","1004","31.9"
"170655","1005","44.9"
"170655","1008","484"
"170655","1003","14.2"
"170656","1008","465"
"170656","1003","10"
"170656","1004","17.93"
"170656","1005","68.26"
"170657","1005","49.71"
"170657","1008","479"
"170657","1004","23.71"
"170657","1003","16.8"
"170658","1004","9.52"
"170658","1005","73.81"
"170658","1008","390"
"170658","1003","2.31"
"170659","1005","30.06"
"170659","1008","138"
"170659","1003","4.48"
"170659","1004","0"
"170660","1004","5.56"
"170660","1005","26.03"
"170660","1008","173"
"170660","1003","4.82"
"170661","1003","3.3"
"170661","1004","2.2"
"170661","1005","30.51"
"170661","1008","137"
"170662","1004","4.35"
"170662","1005","26.06"
"170662","1008","161"
"170662","1003","4.69"
"170663","1003","4.69"
"170663","1004","7.09"
"170663","1005","28.39"
"170663","1008","196"
"170664","1004","6.26"
"170664","1005","21.7"
"170664","1008","143"
"170664","1003","3.71"
"170665","1003","4.09"
"170665","1004","4.1"
"170665","1005","45.32"
"170665","1008","224"
"170666","1003","3.9"
"170666","1004","5.85"
"170666","1005","42.75"
"170666","1008","239"
"170667","1004","13"
"170667","1005","25.98"
"170667","1008","242"
"170667","1003","5.2"
"170668","1004","5.8"
"170668","1005","25.17"
"170668","1008","151"
"170668","1003","3.54"
"170669","1003","8.93"
"170669","1004","23.21"
"170669","1005","63.9"
"170669","1008","495"
"170670","1003","9.51"
"170670","1004","37.07"
"170670","1005","50.22"
"170670","1008","573"
"170671","1005","22.23"
"170671","1008","216"
"170671","1004","12.7"
"170671","1003","3.17"
"170672","1004","0"
"170672","1005","97.11"
"170672","1008","388"
"170672","1003","0"
"170673","1003","0"
"170673","1004","0"
"170673","1005","99.53"
"170673","1008","398"
"170674","1004","0"
"170674","1005","99.8"
"170674","1008","399"
"170674","1003","0"
"170675","1003","2.06"
"170675","1004","0"
"170675","1005","84.77"
"170675","1008","347"
"170676","1004","28.85"
"170676","1005","63.15"
"170676","1008","538"
"170676","1003","6.41"
"170677","1004","2.03"
"170677","1005","14.2"
"170677","1008","43"
"170677","1003","2.87"
"170678","1004","15"
"170678","1005","72.94"
"170678","1008","447"
"170678","1003","5"
"170679","1003","0"
"170679","1004","0"
"170679","1008","0"
"170679","1005","100"
"170680","1008","490"
"170680","1003","13.44"
"170680","1004","25"
"170680","1005","52.88"
"170681","1008","269"
"170681","1005","67.21"
"170681","1004","0"
"170681","1003","0"
"170682","1003","13.56"
"170682","1004","7.02"
"170682","1005","65.25"
"170682","1008","371"
"170683","1008","102"
"170683","1004","1.58"
"170683","1005","18.69"
"170683","1003","3.8"
"170684","1004","0.1"
"170684","1005","88.15"
"170684","1008","357"
"170684","1003","0.3"
"170685","1003","11.73"
"170685","1004","2.71"
"170685","1005","74.95"
"170685","1008","346"
"170686","1004","0.62"
"170686","1005","19.94"
"170686","1008","92"
"170686","1003","3.38"
"170687","1003","12.62"
"170687","1004","3.1"
"170687","1005","70.59"
"170687","1008","335"
"170688","1004","1.33"
"170688","1005","75.87"
"170688","1008","342"
"170688","1003","12.29"
"170689","1003","8.86"
"170689","1004","12.7"
"170689","1005","19.85"
"170689","1008","226"
"170690","1003","16.51"
"170690","1004","14.72"
"170690","1005","28.03"
"170690","1008","308"
"170691","1005","25.46"
"170691","1008","270"
"170691","1004","12.9"
"170691","1003","13.49"
"170692","1003","13.06"
"170692","1004","11.5"
"170692","1005","24.97"
"170692","1008","254"
"170693","1004","12.01"
"170693","1005","31.5"
"170693","1008","297"
"170693","1003","16.52"
"170694","1003","13.3"
"170694","1004","10.18"
"170694","1005","29.57"
"170694","1008","263"
"170695","1004","10.3"
"170695","1005","22.21"
"170695","1008","244"
"170695","1003","15.17"
"170696","1003","10.52"
"170696","1004","10.04"
"170696","1005","20.43"
"170696","1008","213"
"170697","1004","25.23"
"170697","1005","43.58"
"170697","1008","411"
"170697","1003","3.86"
"170698","1003","3.43"
"170698","1004","14.73"
"170698","1005","41.44"
"170698","1008","312"
"170699","1003","1.65"
"170699","1004","2.82"
"170699","1005","14.65"
"170699","1008","89"
"170700","1003","3.19"
"170700","1004","8.74"
"170700","1005","19.03"
"170700","1008","168"
"170701","1004","9.33"
"170701","1005","27.35"
"170701","1008","248"
"170701","1003","13.63"
"170702","1003","12.08"
"170702","1004","7.51"
"170702","1005","29.27"
"170702","1008","233"
"170703","1004","8.19"
"170703","1005","28.84"
"170703","1008","238"
"170703","1003","12.14"
"170704","1003","10.39"
"170704","1004","10.04"
"170704","1005","26.99"
"170704","1008","240"
"170705","1004","2.37"
"170705","1005","22.54"
"170705","1008","155"
"170705","1003","10.91"
"170706","1003","9.12"
"170706","1004","2.31"
"170706","1005","22.42"
"170706","1008","147"
"170707","1004","2.53"
"170707","1005","22.91"
"170707","1008","151"
"170707","1003","9.12"
"170708","1004","8.45"
"170708","1005","26.01"
"170708","1008","219"
"170708","1003","9.77"
"170709","1003","9.77"
"170709","1004","8.45"
"170709","1005","26.01"
"170709","1008","219"
"170710","1004","11.6"
"170710","1003","15.68"
"170710","1008","256"
"170710","1005","22.14"
"170711","1003","9.12"
"170711","1004","2.31"
"170711","1005","22.42"
"170711","1008","147"
"170712","1004","2.53"
"170712","1005","22.91"
"170712","1008","151"
"170712","1003","9.12"
"170713","1003","12.17"
"170713","1004","2.73"
"170713","1005","20.34"
"170713","1008","155"
"170714","1003","12.37"
"170714","1004","8.78"
"170714","1005","32.91"
"170714","1008","260"
"170715","1004","14.43"
"170715","1003","11.28"
"170715","1005","25.14"
"170715","1008","276"
"170716","1003","12.63"
"170716","1004","11.75"
"170716","1005","28.78"
"170716","1008","271"
"170717","1004","10.09"
"170717","1005","30.28"
"170717","1008","264"
"170717","1003","12.92"
"170718","1004","20.36"
"170718","1005","14.93"
"170718","1008","307"
"170718","1003","15.92"
"170719","1003","14.59"
"170719","1004","14.22"
"170719","1005","19.95"
"170719","1008","258"
"170720","1004","14.96"
"170720","1005","20.08"
"170720","1008","257"
"170720","1003","11.82"
"170721","1003","3.41"
"170721","1004","15.47"
"170721","1005","42.58"
"170721","1008","323"
"170722","1003","12.63"
"170722","1004","10.6"
"170722","1005","16.82"
"170722","1008","213"
"170723","1004","8.1"
"170723","1003","13.78"
"170723","1005","21.55"
"170723","1008","214"
"170724","1003","14.73"
"170724","1004","5"
"170724","1005","18.88"
"170724","1008","179"
"170725","1004","22.55"
"170725","1005","14.31"
"170725","1008","326"
"170725","1003","16.46"
"170726","1003","3.73"
"170726","1004","14.1"
"170726","1005","39.73"
"170726","1008","301"
"170727","1004","12.84"
"170727","1003","10.74"
"170727","1005","18.55"
"170727","1008","233"
"170728","1003","11.19"
"170728","1004","15.33"
"170728","1005","16.7"
"170728","1008","250"
"170729","1004","15.66"
"170729","1003","13.94"
"170729","1005","13.74"
"170729","1008","252"
"170730","1003","14.47"
"170730","1004","17.06"
"170730","1005","13.52"
"170730","1008","266"
"170731","1003","18.2"
"170731","1004","15.25"
"170731","1005","20.49"
"170731","1008","292"
"170732","1003","13.3"
"170732","1004","6.35"
"170732","1005","19.69"
"170732","1008","189"
"170733","1003","11.81"
"170733","1004","12.1"
"170733","1005","17.22"
"170733","1008","225"
"170734","1004","6.05"
"170734","1005","31.23"
"170734","1008","209"
"170734","1003","7.35"
"170735","1003","7.03"
"170735","1004","6.8"
"170735","1005","23.37"
"170735","1008","183"
"170736","1004","9.17"
"170736","1005","15.1"
"170736","1008","170"
"170736","1003","6.69"
"170737","1003","17.67"
"170737","1004","21.74"
"170737","1005","21.18"
"170737","1008","351"
"170738","1003","14.17"
"170738","1004","28.01"
"170738","1005","18.79"
"170738","1008","384"
"170739","1004","4.56"
"170739","1005","0"
"170739","1008","149"
"170739","1003","26.89"
"170740","1004","7.66"
"170740","1005","0.11"
"170740","1008","175"
"170740","1003","26.3"
"170741","1003","22.78"
"170741","1004","9.31"
"170741","1005","0.01"
"170741","1008","175"
"170742","1004","9.96"
"170742","1005","0"
"170742","1008","179"
"170742","1003","22.41"
"170743","1003","28.67"
"170743","1004","12.13"
"170743","1005","2.97"
"170743","1008","236"
"170744","1003","21.94"
"170744","1004","13.11"
"170744","1005","6.28"
"170744","1008","231"
"170745","1003","22.3"
"170745","1004","14.22"
"170745","1005","5.39"
"170745","1008","239"
"170746","1004","22.14"
"170746","1005","10.3"
"170746","1008","309"
"170746","1003","17.17"
"170747","1003","20.8"
"170747","1004","23"
"170747","1005","11.66"
"170747","1008","337"
"170748","1004","4.52"
"170748","1005","0"
"170748","1008","157"
"170748","1003","28.98"
"170749","1003","26.51"
"170749","1004","7.14"
"170749","1005","0.04"
"170749","1008","170"
"170750","1003","19.14"
"170750","1004","20.99"
"170750","1005","11.2"
"170750","1008","310"
"170751","1004","22.48"
"170751","1005","13.52"
"170751","1008","338"
"170751","1003","20.4"
"170752","1003","17.19"
"170752","1004","8.05"
"170752","1005","19.87"
"170752","1008","220"
"170753","1004","11.76"
"170753","1005","22.61"
"170753","1008","257"
"170753","1003","15.38"
"170754","1004","10.2"
"170754","1005","2.13"
"170754","1008","215"
"170754","1003","28.77"
"170755","1004","29.22"
"170755","1005","19.56"
"170755","1008","398"
"170755","1003","14.11"
"170756","1003","23.51"
"170756","1004","12.44"
"170756","1005","6.03"
"170756","1008","230"
"170757","1004","16.92"
"170757","1005","7.59"
"170757","1008","267"
"170757","1003","21.13"
"170758","1003","12.96"
"170758","1004","9.91"
"170758","1005","26.47"
"170758","1008","247"
"170759","1004","11.71"
"170759","1005","29.46"
"170759","1008","279"
"170759","1003","13.92"
"170760","1003","12.46"
"170760","1004","10.11"
"170760","1005","31.15"
"170760","1008","265"
"170761","1004","12.86"
"170761","1005","28.67"
"170761","1008","283"
"170761","1003","13.22"
"170762","1004","17.61"
"170762","1005","29"
"170762","1008","331"
"170762","1003","14.01"
"170763","1004","9.75"
"170763","1005","20.23"
"170763","1008","206"
"170763","1003","9.25"
"170764","1003","13.3"
"170764","1004","6.35"
"170764","1005","19.69"
"170764","1008","189"
"170765","1004","15.25"
"170765","1005","24.04"
"170765","1008","294"
"170765","1003","15.05"
"170766","1004","11.2"
"170766","1005","31.84"
"170766","1008","273"
"170766","1003","11.08"
"170767","1003","11.03"
"170767","1004","12.03"
"170767","1005","31.17"
"170767","1008","277"
"170768","1004","16.9"
"170768","1005","28.7"
"170768","1008","323"
"170768","1003","13.95"
"170769","1003","11.92"
"170769","1004","13.5"
"170769","1005","29.39"
"170769","1008","287"
"170770","1003","11.72"
"170770","1004","13.93"
"170770","1005","26.36"
"170770","1008","278"
"170771","1004","25.23"
"170771","1005","43.58"
"170771","1008","417"
"170771","1003","3.86"
"170772","1003","13.69"
"170772","1004","15.8"
"170772","1005","17.73"
"170772","1008","268"
"170773","1003","12.23"
"170773","1004","11.63"
"170773","1005","30"
"170773","1008","274"
"170774","1004","11.63"
"170774","1005","30"
"170774","1008","274"
"170774","1003","12.23"
"170775","1004","0.14"
"170775","1005","15.05"
"170775","1008","65"
"170775","1003","0.86"
"170776","1003","11.93"
"170776","1004","14.93"
"170776","1005","30.56"
"170776","1008","304"
"170777","1004","15.1"
"170777","1005","23.22"
"170777","1008","275"
"170777","1003","11.48"
"170778","1003","13.77"
"170778","1004","10.31"
"170778","1005","18.43"
"170778","1008","222"
"170779","1003","14.62"
"170779","1004","9.27"
"170779","1005","28.08"
"170779","1008","254"
"170780","1004","8.62"
"170780","1005","31.24"
"170780","1008","254"
"170780","1003","12.78"
"170781","1003","14.35"
"170781","1004","9.82"
"170781","1005","28.3"
"170781","1008","259"
"170782","1004","7.83"
"170782","1005","32.24"
"170782","1008","250"
"170782","1003","12.63"
"170783","1003","19.38"
"170783","1004","10.7"
"170783","1005","0.29"
"170783","1008","175"
"170784","1004","16.6"
"170784","1005","15.35"
"170784","1008","285"
"170784","1003","18.53"
"170785","1004","15.1"
"170785","1005","23.22"
"170785","1008","275"
"170785","1003","11.48"
"170786","1003","13.77"
"170786","1004","10.31"
"170786","1005","18.43"
"170786","1008","222"
"170787","1004","15.63"
"170787","1005","22.97"
"170787","1008","277"
"170787","1003","11.1"
"170788","1003","12.2"
"170788","1004","12.88"
"170788","1005","44.48"
"170788","1008","343"
"170789","1003","12.2"
"170789","1004","12.88"
"170789","1005","44.48"
"170789","1008","343"
"170790","1004","11.19"
"170790","1005","20.89"
"170790","1008","249"
"170790","1003","16.28"
"170791","1003","15.17"
"170791","1004","10.3"
"170791","1005","22.21"
"170791","1008","242"
"170792","1004","7.91"
"170792","1005","31.31"
"170792","1008","247"
"170792","1003","12.72"
"170793","1003","13.26"
"170793","1004","9.07"
"170793","1005","30.58"
"170793","1008","257"
"170794","1004","13.93"
"170794","1005","12.5"
"170794","1008","246"
"170794","1003","17.64"
"170795","1003","15.67"
"170795","1004","12.9"
"170795","1005","22.86"
"170795","1008","270"
"170796","1003","19.68"
"170796","1004","10.02"
"170796","1005","0.05"
"170796","1008","169"
"170797","1004","12.22"
"170797","1005","0"
"170797","1008","234"
"170797","1003","30.95"
"170798","1003","32.1"
"170798","1004","10.24"
"170798","1005","0"
"170798","1008","221"
"170799","1004","11.43"
"170799","1005","0"
"170799","1008","228"
"170799","1003","31.41"
"170800","1003","20.87"
"170800","1004","7.67"
"170800","1005","0"
"170800","1008","152"
"170801","1004","10.79"
"170801","1005","0"
"170801","1008","209"
"170801","1003","27.94"
"170802","1003","21.31"
"170802","1004","8.29"
"170802","1005","0"
"170802","1008","160"
"170803","1004","6.47"
"170803","1005","0"
"170803","1008","143"
"170803","1003","21.28"
"170804","1003","21.29"
"170804","1004","7.56"
"170804","1005","0"
"170804","1008","153"
"170805","1004","5.44"
"170805","1005","0"
"170805","1008","181"
"170805","1003","32.96"
"170806","1003","33.31"
"170806","1004","6.34"
"170806","1005","0"
"170806","1008","190"
"170807","1004","4.6"
"170807","1005","0"
"170807","1008","127"
"170807","1003","21.36"
"170808","1003","21.22"
"170808","1004","3.53"
"170808","1005","0"
"170808","1008","117"
"170809","1003","21.9"
"170809","1004","3.99"
"170809","1005","0.21"
"170809","1008","124"
"170810","1004","4.81"
"170810","1005","0.12"
"170810","1008","130"
"170810","1003","21.64"
"170811","1003","30.91"
"170811","1004","10.91"
"170811","1005","0"
"170811","1008","222"
"170812","1004","9.66"
"170812","1003","32.01"
"170812","1005","0"
"170812","1008","215"
"170813","1004","13.26"
"170813","1005","0"
"170813","1008","196"
"170813","1003","19.17"
"170814","1003","19.15"
"170814","1004","13.93"
"170814","1005","0"
"170814","1008","202"
"170815","1004","12.27"
"170815","1005","0"
"170815","1008","187"
"170815","1003","19.2"
"170816","1003","26.18"
"170816","1004","13.54"
"170816","1005","0.21"
"170816","1008","227"
"170817","1004","10.5"
"170817","1005","0.09"
"170817","1008","172"
"170817","1003","19.2"
"170818","1003","21.17"
"170818","1004","5.33"
"170818","1005","0.07"
"170818","1008","133"
"170819","1004","4.44"
"170819","1005","0"
"170819","1008","127"
"170819","1003","21.72"
"170820","1003","24.63"
"170820","1004","15.29"
"170820","1005","0"
"170820","1008","236"
"170821","1003","32.07"
"170821","1004","10.18"
"170821","1005","0"
"170821","1008","220"
"170822","1004","10.74"
"170822","1005","0"
"170822","1008","225"
"170822","1003","32.21"
"170823","1003","31.86"
"170823","1004","9.34"
"170823","1005","0"
"170823","1008","211"
"170824","1004","4.79"
"170824","1005","0"
"170824","1008","128"
"170824","1003","21.13"
"170825","1003","25.81"
"170825","1004","20.38"
"170825","1005","0"
"170825","1008","287"
"170826","1004","18.33"
"170826","1005","0"
"170826","1008","235"
"170826","1003","17.48"
"170827","1003","17.22"
"170827","1004","19.03"
"170827","1005","0"
"170827","1008","240"
"170828","1004","17.28"
"170828","1005","0"
"170828","1008","227"
"170828","1003","17.87"
"170829","1003","27.16"
"170829","1004","21.56"
"170829","1005","0"
"170829","1008","303"
"170830","1004","19.03"
"170830","1005","0"
"170830","1008","285"
"170830","1003","28.47"
"170831","1003","18.97"
"170831","1004","14.32"
"170831","1005","0"
"170831","1008","205"
"170832","1004","14.99"
"170832","1005","0"
"170832","1008","210"
"170832","1003","18.87"
"170833","1003","19.1"
"170833","1004","13.33"
"170833","1005","0"
"170833","1008","196"
"170834","1004","16.85"
"170834","1005","0"
"170834","1008","227"
"170834","1003","18.86"
"170835","1003","18.86"
"170835","1004","15.6"
"170835","1005","0"
"170835","1008","216"
"170836","1004","13.64"
"170836","1005","0"
"170836","1008","231"
"170836","1003","27.12"
"170837","1003","27.03"
"170837","1004","12.29"
"170837","1005","0"
"170837","1008","219"
"170838","1004","7.64"
"170838","1005","0"
"170838","1008","155"
"170838","1003","21.65"
"170839","1003","21.99"
"170839","1004","7.54"
"170839","1005","0"
"170839","1008","156"
"170840","1004","8.29"
"170840","1005","0"
"170840","1008","161"
"170840","1003","21.62"
"170841","1003","22.55"
"170841","1004","6.41"
"170841","1005","0"
"170841","1008","148"
"170842","1004","13.01"
"170842","1005","0"
"170842","1008","229"
"170842","1003","27.87"
"170843","1008","389"
"170843","1003","25.6"
"170843","1004","31.14"
"170843","1005","1.55"
"170844","1008","373"
"170844","1004","30.28"
"170844","1005","0.68"
"170844","1003","24.48"
"170845","1003","22.17"
"170845","1004","22.14"
"170845","1005","2.4"
"170845","1008","299"
"170846","1003","21.6"
"170846","1004","24.64"
"170846","1005","2.47"
"170846","1008","318"
"170847","1008","254"
"170847","1004","15.92"
"170847","1003","24.26"
"170847","1005","2.77"
"170848","1004","25"
"170848","1003","35.75"
"170848","1005","3.22"
"170848","1008","392"
"170849","1008","352"
"170849","1004","28.2"
"170849","1005","0.57"
"170849","1003","23.78"
"170850","1008","351"
"170850","1003","25.58"
"170850","1004","26.62"
"170850","1005","2.14"
"170851","1003","7.54"
"170851","1004","10.18"
"170851","1005","7.27"
"170851","1008","150"
"170852","1003","24.41"
"170852","1004","25.98"
"170852","1005","1.88"
"170852","1008","340"
"170853","1003","18.13"
"170853","1004","30.71"
"170853","1005","4.78"
"170853","1008","366"
"170854","1008","375"
"170854","1003","22.13"
"170854","1004","31.2"
"170854","1005","1.73"
"170855","1008","334"
"170855","1004","25.01"
"170855","1005","2.1"
"170855","1003","24.73"
"170856","1003","19.66"
"170856","1004","24.46"
"170856","1005","8.32"
"170856","1008","331"
"170857","1003","2.96"
"170857","1004","19.1"
"170857","1005","3.66"
"170857","1008","195"
"170858","1008","292"
"170858","1003","2.17"
"170858","1004","30.91"
"170858","1005","2.96"
"170859","1004","36.08"
"170859","1008","340"
"170859","1003","2.84"
"170859","1005","2.84"
"170860","1008","257"
"170860","1003","3.2"
"170860","1004","22.22"
"170860","1005","12.49"
"170861","1003","3.33"
"170861","1004","3.46"
"170861","1005","4.74"
"170861","1008","63"
"170862","1004","3.4"
"170862","1005","4.74"
"170862","1008","63"
"170862","1003","3.33"
"170863","1003","21.05"
"170863","1004","0"
"170863","1005","10.53"
"170863","1008","126"
"170864","1004","1.71"
"170864","1005","12.15"
"170864","1008","93"
"170864","1003","7.22"
"170865","1004","39.92"
"170865","1005","52.54"
"170865","1008","577"
"170865","1003","4.9"
"170866","1003","3.61"
"170866","1004","12.72"
"170866","1005","17.13"
"170866","1008","194"
"170867","1004","22.3"
"170867","1005","16.07"
"170867","1008","264"
"170867","1003","0.98"
"170868","1003","1.25"
"170868","1004","25.31"
"170868","1005","23.05"
"170868","1008","318"
"170869","1004","19.52"
"170869","1005","6.63"
"170869","1008","208"
"170869","1003","2.4"
"170870","1003","3.48"
"170870","1004","1.92"
"170870","1005","4.97"
"170870","1008","51"
"170871","1004","1.98"
"170871","1005","5.49"
"170871","1008","56"
"170871","1003","3.95"
"170872","1003","3.37"
"170872","1004","0.97"
"170872","1005","4.99"
"170872","1008","42"
"170873","1003","3.48"
"170873","1004","0.97"
"170873","1005","4.97"
"170873","1008","43"
"170874","1008","40"
"170874","1004","1.07"
"170874","1003","3.31"
"170874","1005","4.79"
"170875","1004","3.46"
"170875","1005","4.46"
"170875","1008","61"
"170875","1003","3.1"
"170876","1008","496"
"170876","1003","26.32"
"170876","1004","26.71"
"170876","1005","38.42"
"170877","1004","0.77"
"170877","1005","51.98"
"170877","1008","362"
"170877","1003","36.16"
"170878","1008","78"
"170878","1004","0.2"
"170878","1005","11.35"
"170878","1003","7.55"
"170879","1008","83"
"170879","1003","3.17"
"170879","1004","3.39"
"170879","1005","10.34"
"170880","1004","1.9"
"170880","1003","2.99"
"170880","1008","76"
"170880","1005","12.13"
"170881","1003","3.46"
"170881","1004","1.11"
"170881","1005","10.15"
"170881","1008","64"
"170882","1004","7"
"170882","1005","5.36"
"170882","1008","108"
"170882","1003","5.98"
"170883","1003","3.05"
"170883","1004","2.7"
"170883","1005","21.15"
"170883","1008","119"
"170884","1004","3.03"
"170884","1005","17.75"
"170884","1008","112"
"170884","1003","3.86"
"170885","1003","0.76"
"170885","1004","0.09"
"170885","1005","5.12"
"170885","1008","24"
"170886","1008","63"
"170886","1004","1.55"
"170886","1005","7.04"
"170886","1003","5.25"
"170887","1008","56"
"170887","1003","5.73"
"170887","1004","0.18"
"170887","1005","7.68"
"170888","1008","85"
"170888","1004","1.25"
"170888","1005","13.8"
"170888","1003","4.93"
"170889","1008","99"
"170889","1003","3.98"
"170889","1004","1.15"
"170889","1005","18.64"
"170890","1005","32"
"170890","1008","147"
"170890","1004","1.47"
"170890","1003","4.41"
"170891","1003","8.26"
"170891","1004","1.83"
"170891","1005","10.94"
"170891","1008","93"
"170892","1003","4.4"
"170892","1004","3.08"
"170892","1005","11.88"
"170892","1008","88"
"170893","1004","10.07"
"170893","1005","0.83"
"170893","1008","138"
"170893","1003","10.97"
"170894","1003","10.19"
"170894","1004","0.39"
"170894","1005","3.6"
"170894","1008","59"
"170895","1003","84.08"
"170895","1004","0.32"
"170895","1005","4.51"
"170895","1008","357"
"170896","1004","8.88"
"170896","1005","10.71"
"170896","1008","176"
"170896","1003","13.41"
"170897","1003","28.4"
"170897","1004","0"
"170897","1005","3.4"
"170897","1008","127"
"170898","1004","30"
"170898","1005","3.97"
"170898","1008","366"
"170898","1003","20"
"170899","1003","24.25"
"170899","1004","33.82"
"170899","1005","2.13"
"170899","1008","410"
"170900","1004","19.72"
"170900","1005","8.06"
"170900","1008","304"
"170900","1003","23.63"
"170901","1004","0.15"
"170901","1005","12.07"
"170901","1008","82"
"170901","1003","8.05"
"170902","1003","8.64"
"170902","1004","0.18"
"170902","1005","10.37"
"170902","1008","78"
"170903","1004","1.92"
"170903","1005","3.94"
"170903","1008","73"
"170903","1003","9.95"
"170904","1003","3.79"
"170904","1004","1.02"
"170904","1005","4.77"
"170904","1008","43"
"170905","1004","3"
"170905","1005","12.29"
"170905","1008","106"
"170905","1003","7.33"
"170906","1003","2.94"
"170906","1004","0"
"170906","1005","17.04"
"170906","1008","78"
"170907","1004","2.5"
"170907","1003","8.64"
"170907","1005","9.54"
"170907","1008","95"
"170908","1003","8"
"170908","1004","2.5"
"170908","1005","21"
"170908","1008","139"
"170909","1004","1.82"
"170909","1005","12.27"
"170909","1008","94"
"170909","1003","7.05"
"170910","1008","57"
"170910","1004","1.04"
"170910","1005","7.68"
"170910","1003","3.43"
"170911","1003","5.33"
"170911","1004","9.33"
"170911","1005","40.01"
"170911","1008","265"
"170912","1003","8"
"170912","1004","1.71"
"170912","1005","10.24"
"170912","1008","88"
"170913","1003","7.45"
"170913","1004","0.18"
"170913","1005","12.13"
"170913","1008","80"
"170914","1004","0.24"
"170914","1005","12.78"
"170914","1008","82"
"170914","1003","7.23"
"170915","1003","7.28"
"170915","1004","0.23"
"170915","1005","11.86"
"170915","1008","79"
"170916","1003","7.54"
"170916","1004","0.37"
"170916","1005","15.43"
"170916","1008","95"
"170917","1003","7.61"
"170917","1004","8.36"
"170917","1005","74.97"
"170917","1008","313"
"170918","1004","14.59"
"170918","1005","49.9"
"170918","1008","333"
"170918","1003","19.77"
"170919","1003","10.76"
"170919","1004","6.7"
"170919","1005","68.47"
"170919","1008","311"
"170920","1004","25.27"
"170920","1005","41.35"
"170920","1008","392"
"170920","1003","18.07"
"170921","1003","21.93"
"170921","1008","279"
"170921","1004","4.78"
"170921","1005","52.1"
"170922","1004","17.77"
"170922","1005","54.99"
"170922","1008","298"
"170922","1003","12.37"
"170923","1003","17.81"
"170923","1004","22.27"
"170923","1005","44.24"
"170923","1008","375"
"170924","1008","325"
"170924","1003","14.29"
"170924","1004","14.01"
"170924","1005","55.83"
"170925","1003","15.98"
"170925","1004","14.54"
"170925","1005","55.17"
"170925","1008","305"
"170926","1003","8.98"
"170926","1004","4.24"
"170926","1005","71.62"
"170926","1008","335"
"170927","1003","6.71"
"170927","1004","32.38"
"170927","1005","50.5"
"170927","1008","475"
"170928","1004","7.04"
"170928","1005","60.56"
"170928","1008","271"
"170928","1003","12.66"
"170929","1003","26.08"
"170929","1004","36.24"
"170929","1005","28.09"
"170929","1008","508"
"170930","1003","26.63"
"170930","1004","5.48"
"170930","1005","50.64"
"170930","1008","292"
"170931","1004","3.26"
"170931","1005","63.95"
"170931","1008","251"
"170931","1003","10.39"
"170932","1004","17.27"
"170932","1005","56.63"
"170932","1008","318"
"170932","1003","12.01"
"170933","1003","10.4"
"170933","1004","2.12"
"170933","1005","68.61"
"170933","1008","296"
"170934","1005","65.37"
"170934","1008","310"
"170934","1003","11.43"
"170934","1004","5.85"
"170935","1003","10.63"
"170935","1004","12.75"
"170935","1005","60.73"
"170935","1008","315"
"170936","1004","5.91"
"170936","1005","68.73"
"170936","1008","272"
"170936","1003","6.73"
"170937","1003","22.77"
"170937","1005","50.22"
"170937","1008","295"
"170937","1004","7.24"
"170938","1004","7.43"
"170938","1005","63.94"
"170938","1008","276"
"170938","1003","9.11"
"170939","1004","0.43"
"170939","1005","8.36"
"170939","1008","50"
"170939","1003","3.27"
"170940","1004","0.8"
"170940","1003","3.9"
"170940","1005","10.3"
"170940","1008","64"
"170941","1003","2.5"
"170941","1004","1.3"
"170941","1005","5.7"
"170941","1008","37"
"170942","1004","0"
"170942","1005","17.3"
"170942","1008","63"
"170942","1003","0.3"
"170943","1005","11.6"
"170943","1008","44"
"170943","1004","0.1"
"170943","1003","0.3"
"170944","1003","0.1"
"170944","1004","0"
"170944","1005","19.7"
"170944","1008","71"
"170945","1005","20.5"
"170945","1008","74"
"170945","1004","0"
"170945","1003","0.1"
"170946","1005","18.5"
"170946","1008","69"
"170946","1003","0.6"
"170946","1004","0.1"
"170947","1008","44"
"170947","1005","11.64"
"170947","1003","0.2"
"170947","1004","0.2"
"170948","1004","0.2"
"170948","1005","12.4"
"170948","1008","47"
"170948","1003","0.2"
"170949","1005","14.1"
"170949","1008","51"
"170949","1003","0"
"170949","1004","0"
"170950","1003","0"
"170950","1005","14.1"
"170950","1008","51"
"170950","1004","0"
"170951","1004","0.1"
"170951","1003","0.37"
"170951","1005","16.16"
"170951","1008","66"
"170952","1008","64"
"170952","1004","0.22"
"170952","1005","15.3"
"170952","1003","0.3"
"170953","1003","0.2"
"170953","1004","0.1"
"170953","1005","18.4"
"170953","1008","68"
"170954","1004","0"
"170954","1005","17.8"
"170954","1008","65"
"170954","1003","0.2"
"170955","1003","0.3"
"170955","1004","0.1"
"170955","1005","10.9"
"170955","1008","41"
"170956","1004","0.22"
"170956","1003","0.9"
"170956","1005","19.31"
"170956","1008","83"
"170957","1003","0.2"
"170957","1004","0.2"
"170957","1005","16.3"
"170957","1008","61"
"170958","1004","0.2"
"170958","1005","16.6"
"170958","1008","62"
"170958","1003","0.2"
"170959","1003","0"
"170959","1004","0.1"
"170959","1005","11.7"
"170959","1008","47"
"170960","1004","0.1"
"170960","1005","11.5"
"170960","1008","47"
"170960","1003","0.4"
"170961","1003","0.8"
"170961","1004","0.1"
"170961","1005","10.9"
"170961","1008","46"
"170962","1004","0.1"
"170962","1005","11.9"
"170962","1008","50"
"170962","1003","0.7"
"170963","1003","0.5"
"170963","1004","0.1"
"170963","1005","11.7"
"170963","1008","48"
"170964","1004","6.66"
"170964","1005","78.21"
"170964","1008","399"
"170964","1003","6.66"
"170965","1004","4.6"
"170965","1005","77.1"
"170965","1008","391"
"170965","1003","10.7"
"170966","1003","0.71"
"170966","1004","0.51"
"170966","1005","18.38"
"170966","1008","82"
"170967","1004","0.51"
"170967","1005","18.79"
"170967","1008","84"
"170967","1003","0.71"
"170968","1004","7"
"170968","1005","69.3"
"170968","1008","391"
"170968","1003","13.5"
"170969","1004","2.19"
"170969","1005","83.14"
"170969","1008","390"
"170969","1003","6.65"
"170970","1003","1.2"
"170970","1008","80"
"170970","1004","0.4"
"170970","1005","17.1"
"170971","1003","1.9"
"170971","1004","1.8"
"170971","1005","7"
"170971","1008","51"
"170972","1003","8.4"
"170972","1004","19.6"
"170972","1005","66.85"
"170972","1008","477"
"170973","1003","25.4"
"170973","1004","6.5"
"170973","1005","57.6"
"170973","1008","374"
"170974","1004","4.2"
"170974","1005","79.9"
"170974","1008","404"
"170974","1003","8.7"
"170975","1003","11.8"
"170975","1004","13.2"
"170975","1005","67.1"
"170975","1008","433"
"170976","1004","0.4"
"170976","1005","19.74"
"170976","1008","75"
"170976","1003","0.2"
"170977","1008","79"
"170977","1003","0.2"
"170977","1004","0.16"
"170977","1005","19.18"
"170978","1004","0.1"
"170978","1003","0.3"
"170978","1008","78"
"170978","1005","19.2"
"170979","1003","0.2"
"170979","1004","0.3"
"170979","1005","17.8"
"170979","1008","68"
"170980","1004","0"
"170980","1005","16.5"
"170980","1008","60"
"170980","1003","0.2"
"170981","1003","0.3"
"170981","1004","0"
"170981","1005","16.4"
"170981","1008","60"
"170982","1004","0.3"
"170982","1005","20.3"
"170982","1008","81"
"170982","1003","1.3"
"170983","1003","0.3"
"170983","1004","0"
"170983","1005","16"
"170983","1008","59"
"170984","1003","0.2"
"170984","1004","0.1"
"170984","1005","12.7"
"170984","1008","52"
"170985","1008","46"
"170985","1004","0.1"
"170985","1005","11.1"
"170985","1003","0.06"
"170986","1004","3.8"
"170986","1003","2"
"170986","1005","7.73"
"170986","1008","73"
"170987","1003","3.4"
"170987","1004","3.53"
"170987","1005","13.22"
"170987","1008","98"
"170988","1003","13.99"
"170988","1004","28.19"
"170988","1005","51.91"
"170988","1008","517"
"170989","1004","1.47"
"170989","1008","48"
"170989","1003","1.11"
"170989","1005","7.47"
"170990","1003","3.05"
"170990","1004","3.08"
"170990","1005","13"
"170990","1008","92"
"170991","1004","6.67"
"170991","1005","14.71"
"170991","1008","132"
"170991","1003","3.31"
"170992","1004","26.9"
"170992","1005","52.8"
"170992","1008","505"
"170992","1003","12.9"
"170993","1003","1.78"
"170993","1008","64"
"170993","1004","3.63"
"170993","1005","7.18"
"170994","1004","3.48"
"170994","1003","1.38"
"170994","1005","7.81"
"170994","1008","68"
"170995","1003","1.84"
"170995","1004","3.28"
"170995","1005","7.15"
"170995","1008","65"
"170996","1004","3.36"
"170996","1005","7.17"
"170996","1008","65"
"170996","1003","1.44"
"170997","1003","1.44"
"170997","1004","3.34"
"170997","1005","7.61"
"170997","1008","66"
"170998","1003","0.71"
"170998","1004","0.37"
"170998","1005","25.78"
"170998","1008","109"
"170999","1003","1.01"
"170999","1004","0.36"
"170999","1005","21.31"
"170999","1008","92"
"171000","1004","6.67"
"171000","1005","80.06"
"171000","1008","407"
"171000","1003","6.67"
"171001","1003","12.5"
"171001","1004","0.87"
"171001","1005","83.21"
"171001","1008","391"
"171002","1004","32.9"
"171002","1005","8.5"
"171002","1008","334"
"171002","1003","0.6"
"171003","1003","0.2"
"171003","1004","0"
"171003","1005","15.8"
"171003","1008","64"
"171004","1004","2.7"
"171004","1005","15.5"
"171004","1008","84"
"171004","1003","0.2"
"171005","1004","26.18"
"171005","1005","31.9"
"171005","1008","355"
"171005","1003","0.69"
"171006","1004","45.2"
"171006","1005","8.6"
"171006","1008","443"
"171006","1003","3.1"
"171007","1003","0.5"
"171007","1004","4"
"171007","1005","27.6"
"171007","1008","141"
"171008","1004","11.32"
"171008","1005","24.06"
"171008","1008","195"
"171008","1003","0.83"
"171009","1003","0.96"
"171009","1004","74.85"
"171009","1005","0.57"
"171009","1008","680"
"171010","1003","1.1"
"171010","1004","79.4"
"171010","1005","2.7"
"171010","1008","717"
"171011","1005","0"
"171011","1008","884"
"171011","1003","0"
"171011","1004","100"
"171012","1003","0"
"171012","1004","100"
"171012","1005","0"
"171012","1008","884"
"171013","1004","100"
"171013","1005","0"
"171013","1008","884"
"171013","1003","0"
"171014","1003","0"
"171014","1004","100"
"171014","1005","0"
"171014","1008","884"
"171015","1004","100"
"171015","1005","0"
"171015","1008","884"
"171015","1003","0"
"171016","1003","0"
"171016","1004","100"
"171016","1005","0"
"171016","1008","884"
"171017","1004","100"
"171017","1005","0"
"171017","1008","884"
"171017","1003","0"
"171018","1003","0.9"
"171018","1004","80.5"
"171018","1005","0.9"
"171018","1008","719"
"171019","1003","0.41"
"171019","1004","21.12"
"171019","1005","12.12"
"171019","1008","240"
"171020","1004","44.81"
"171020","1005","15.58"
"171020","1008","459"
"171020","1003","0.77"
"171021","1003","0.58"
"171021","1004","13.46"
"171021","1005","29.28"
"171021","1008","233"
"171022","1004","28.37"
"171022","1005","10.43"
"171022","1008","292"
"171022","1003","0.38"
"171023","1003","0.47"
"171023","1004","6.38"
"171023","1005","4.57"
"171023","1008","76"
"171024","1004","100"
"171024","1005","0"
"171024","1008","884"
"171024","1003","0"
"171025","1003","0"
"171025","1004","100"
"171025","1005","0"
"171025","1008","884"
"171026","1004","100"
"171026","1005","0"
"171026","1008","884"
"171026","1003","0"
"171027","1003","0"
"171027","1004","100"
"171027","1005","0"
"171027","1008","884"
"171028","1004","100"
"171028","1005","0"
"171028","1008","884"
"171028","1003","0"
"171029","1004","100"
"171029","1003","0"
"171029","1005","0"
"171029","1008","900"
"171030","1008","884"
"171030","1004","100"
"171030","1005","0"
"171030","1003","0"
"171031","1003","0"
"171031","1004","100"
"171031","1005","0"
"171031","1008","884"
"171032","1004","100"
"171032","1005","0"
"171032","1008","884"
"171032","1003","0"
"171033","1003","0"
"171033","1004","100"
"171033","1005","0"
"171033","1008","884"
"171034","1004","10"
"171034","1008","207"
"171034","1003","0.98"
"171034","1005","28.26"
"171035","1003","0"
"171035","1004","38.71"
"171035","1005","5.71"
"171035","1008","357"
"171036","1004","10.75"
"171036","1005","16.6"
"171036","1008","165"
"171036","1003","0.16"
"171037","1003","1.53"
"171037","1004","34.18"
"171037","1005","9.39"
"171037","1008","333"
"171038","1003","0.17"
"171038","1004","59.81"
"171038","1005","0.86"
"171038","1008","533"
"171039","1004","59.17"
"171039","1005","0"
"171039","1008","535"
"171039","1003","0.6"
"171040","1003","0.16"
"171040","1004","80.71"
"171040","1005","0.7"
"171040","1008","717"
"171041","1004","59.81"
"171041","1005","0.86"
"171041","1008","542"
"171041","1003","0.17"
"171042","1003","0"
"171042","1004","100"
"171042","1005","0"
"171042","1008","900"
"171043","1003","0.87"
"171043","1004","40.83"
"171043","1005","23.33"
"171043","1008","464"
"171044","1008","399"
"171044","1004","33.33"
"171044","1003","0.92"
"171044","1005","23.73"
"171045","1004","0.23"
"171045","1005","30.73"
"171045","1008","131"
"171045","1003","1.47"
"171046","1003","1.07"
"171046","1004","1.47"
"171046","1005","38.43"
"171046","1008","169"
"171047","1004","14.83"
"171047","1005","0.13"
"171047","1008","213"
"171047","1003","18.33"
"171048","1003","22.84"
"171048","1004","17.53"
"171048","1005","9.03"
"171048","1008","291"
"171049","1004","15.27"
"171049","1005","3.27"
"171049","1008","272"
"171049","1003","28.57"
"171050","1003","26.78"
"171050","1004","13.27"
"171050","1005","0.06"
"171050","1008","234"
"171051","1003","24.68"
"171051","1004","12.56"
"171051","1005","0"
"171051","1008","219"
"171052","1004","3.08"
"171052","1005","0"
"171052","1008","119"
"171052","1003","21.39"
"171053","1003","30.57"
"171053","1004","9.12"
"171053","1005","1.69"
"171053","1008","219"
"171054","1004","7.41"
"171054","1005","0"
"171054","1008","190"
"171054","1003","28.93"
"171055","1003","20.36"
"171055","1004","40.68"
"171055","1005","0"
"171055","1008","454"
"171056","1004","33.04"
"171056","1005","0"
"171056","1008","363"
"171056","1003","15.22"
"171057","1003","17.88"
"171057","1004","4.47"
"171057","1005","1.8"
"171057","1008","124"
"171058","1004","13.46"
"171058","1005","4.35"
"171058","1008","277"
"171058","1003","32.54"
"171059","1004","7.92"
"171059","1005","0.1"
"171059","1008","185"
"171059","1003","26.41"
"171060","1003","16.92"
"171060","1004","4.83"
"171060","1005","0.73"
"171060","1008","119"
"171061","1004","6.51"
"171061","1003","24.46"
"171061","1005","0.87"
"171061","1008","167"
"171062","1003","20.27"
"171062","1004","11.07"
"171062","1005","0"
"171062","1008","186"
"171063","1003","21.85"
"171063","1004","18.64"
"171063","1005","9.38"
"171063","1008","298"
"171064","1004","16.91"
"171064","1005","4.08"
"171064","1008","285"
"171064","1003","27.22"
"171065","1003","25.97"
"171065","1004","15.78"
"171065","1005","0"
"171065","1008","253"
"171066","1004","14.66"
"171066","1005","0"
"171066","1008","233"
"171066","1003","23.5"
"171067","1003","20.08"
"171067","1004","4.31"
"171067","1005","0"
"171067","1008","125"
"171068","1004","11.62"
"171068","1005","2.59"
"171068","1008","239"
"171068","1003","28.99"
"171069","1003","27.37"
"171069","1004","9.73"
"171069","1005","0"
"171069","1008","205"
"171070","1004","8.98"
"171070","1005","0"
"171070","1008","192"
"171070","1003","25.97"
"171071","1003","25.95"
"171071","1004","20.97"
"171071","1005","0"
"171071","1008","300"
"171072","1004","18.14"
"171072","1005","0"
"171072","1008","258"
"171072","1003","22.18"
"171073","1003","19.56"
"171073","1004","5.92"
"171073","1005","0"
"171073","1008","137"
"171074","1004","15.32"
"171074","1005","5.68"
"171074","1008","288"
"171074","1003","29.99"
"171075","1008","197"
"171075","1004","7.78"
"171075","1005","0"
"171075","1003","29.8"
"171076","1008","184"
"171076","1003","27.39"
"171076","1004","7.42"
"171076","1005","0"
"171077","1004","2.62"
"171077","1008","120"
"171077","1003","22.5"
"171077","1005","0"
"171078","1003","33.44"
"171078","1004","4.71"
"171078","1005","0.51"
"171078","1008","187"
"171079","1003","17.5"
"171079","1004","7.5"
"171079","1005","0"
"171079","1008","142"
"171080","1004","4.52"
"171080","1005","0"
"171080","1008","134"
"171080","1003","21.76"
"171081","1005","0.14"
"171081","1008","144"
"171081","1003","21.64"
"171081","1004","5.64"
"171082","1004","39.31"
"171082","1005","0.57"
"171082","1008","459"
"171082","1003","23.94"
"171083","1003","18.18"
"171083","1004","5.09"
"171083","1005","0.07"
"171083","1008","124"
"171084","1004","6.61"
"171084","1005","0"
"171084","1008","173"
"171084","1003","26.44"
"171085","1005","0"
"171085","1003","18.8"
"171085","1004","3.37"
"171085","1008","111"
"171086","1005","0"
"171086","1003","16.51"
"171086","1004","6.04"
"171086","1008","125"
"171087","1004","7.36"
"171087","1005","0"
"171087","1008","162"
"171087","1003","22.48"
"171088","1005","0.15"
"171088","1003","21.96"
"171088","1008","161"
"171088","1004","7.43"
"171089","1004","5.57"
"171089","1005","0.05"
"171089","1008","177"
"171089","1003","29.55"
"171090","1005","0.15"
"171090","1003","21.28"
"171090","1004","2.5"
"171090","1008","108"
"171091","1004","6.04"
"171091","1005","0"
"171091","1008","173"
"171091","1003","27.71"
"171092","1005","0.16"
"171092","1008","244"
"171092","1003","26.59"
"171092","1004","14.38"
"171093","1004","7.02"
"171093","1005","0"
"171093","1008","157"
"171093","1003","21.89"
"171094","1003","27.38"
"171094","1004","12.43"
"171094","1005","0"
"171094","1008","229"
"171095","1004","5.72"
"171095","1005","0"
"171095","1008","172"
"171095","1003","28.26"
"171096","1004","2.5"
"171096","1008","113"
"171096","1003","21.28"
"171096","1005","0.15"
"171097","1003","27.71"
"171097","1008","173"
"171097","1004","6.04"
"171097","1005","0"
"171098","1008","114"
"171098","1004","1.48"
"171098","1003","23.66"
"171098","1005","0.14"
"171099","1003","21.77"
"171099","1004","7.95"
"171099","1005","0"
"171099","1008","165"
"171100","1004","43.84"
"171100","1005","4.67"
"171100","1008","462"
"171100","1003","11.4"
"171101","1003","23.68"
"171101","1004","6.86"
"171101","1005","1.47"
"171101","1008","169"
"171102","1004","6"
"171102","1005","1"
"171102","1008","138"
"171102","1003","18.7"
"171103","1003","14.2"
"171103","1005","17"
"171103","1008","279"
"171103","1004","16.9"
"171104","1004","24.73"
"171104","1005","0"
"171104","1008","272"
"171104","1003","11.39"
"171105","1003","13.79"
"171105","1004","15.48"
"171105","1005","0"
"171105","1008","199"
"171106","1004","19.98"
"171106","1005","0"
"171106","1008","243"
"171106","1003","14.72"
"171107","1008","259"
"171107","1003","22.27"
"171107","1004","18.21"
"171107","1005","0"
"171108","1004","3.33"
"171108","1005","0"
"171108","1008","116"
"171108","1003","20.04"
"171109","1003","23.3"
"171109","1004","3.87"
"171109","1005","0"
"171109","1008","134"
"171110","1004","8.1"
"171110","1005","0.9"
"171110","1008","185"
"171110","1003","25.3"
"171111","1004","12.67"
"171111","1003","19.67"
"171111","1008","211"
"171111","1005","3.34"
"171112","1003","26.75"
"171112","1004","11.4"
"171112","1005","0"
"171112","1008","217"
"171113","1004","5.96"
"171113","1005","0"
"171113","1008","178"
"171113","1003","29.1"
"171114","1004","6.76"
"171114","1005","0"
"171114","1008","172"
"171114","1003","27.71"
"171115","1004","14.87"
"171115","1003","22.24"
"171115","1005","3.36"
"171115","1008","242"
"171116","1004","8.1"
"171116","1003","17.44"
"171116","1005","0.04"
"171116","1008","143"
"171117","1003","23.28"
"171117","1004","10.92"
"171117","1005","0"
"171117","1008","189"
"171118","1003","24.09"
"171118","1004","10.74"
"171118","1005","0"
"171118","1008","193"
"171119","1003","19.4"
"171119","1004","14.6"
"171119","1005","0.2"
"171119","1008","215"
"171120","1004","11.09"
"171120","1003","24.06"
"171120","1005","0"
"171120","1008","196"
"171121","1003","27.69"
"171121","1004","9.53"
"171121","1005","0"
"171121","1008","197"
"171122","1004","18.59"
"171122","1008","260"
"171122","1003","23.23"
"171122","1005","0.03"
"171123","1003","27.48"
"171123","1004","8.18"
"171123","1008","184"
"171123","1005","0.02"
"171124","1005","0.4"
"171124","1003","20.29"
"171124","1008","251"
"171124","1004","18.86"
"171125","1003","26.37"
"171125","1004","7.67"
"171125","1008","175"
"171125","1005","0.09"
"171126","1004","11.46"
"171126","1008","206"
"171126","1003","25.65"
"171126","1005","0.12"
"171127","1003","22.51"
"171127","1008","226"
"171127","1004","15.08"
"171127","1005","0.12"
"171128","1003","26.1"
"171128","1004","6"
"171128","1005","0"
"171128","1008","158"
"171129","1004","4.12"
"171129","1003","19.27"
"171129","1005","0.15"
"171129","1008","115"
"171130","1003","20.79"
"171130","1004","6.75"
"171130","1005","0.03"
"171130","1008","144"
"171131","1004","6"
"171131","1005","0"
"171131","1008","158"
"171131","1003","26.1"
"171132","1003","19.53"
"171132","1008","202"
"171132","1004","13.79"
"171132","1005","0.05"
"171133","1004","13.29"
"171133","1005","0.13"
"171133","1008","235"
"171133","1003","28.74"
"171134","1005","0"
"171134","1003","19.96"
"171134","1008","141"
"171134","1004","6.84"
"171135","1005","0"
"171135","1004","9.37"
"171135","1008","197"
"171135","1003","28.21"
"171136","1003","23.66"
"171136","1004","1.48"
"171136","1005","0.14"
"171136","1008","109"
"171137","1004","9.5"
"171137","1005","0.41"
"171137","1008","183"
"171137","1003","23.95"
"171138","1003","16.86"
"171138","1008","206"
"171138","1004","15.41"
"171138","1005","0.15"
"171139","1004","11.36"
"171139","1005","0"
"171139","1008","205"
"171139","1003","25.8"
"171140","1004","3.24"
"171140","1005","0"
"171140","1008","157"
"171140","1003","32.06"
"171141","1004","1.32"
"171141","1005","15.42"
"171141","1003","4.83"
"171141","1008","91"
"171142","1003","5.88"
"171142","1004","4.42"
"171142","1005","16.97"
"171142","1008","129"
"171143","1004","5.31"
"171143","1005","16.75"
"171143","1008","142"
"171143","1003","7.6"
"171144","1003","5.19"
"171144","1004","3.5"
"171144","1005","11.16"
"171144","1008","95"
"171145","1003","5.06"
"171145","1004","2.64"
"171145","1005","6.88"
"171145","1008","71"
"171146","1003","2.38"
"171146","1004","5.77"
"171146","1005","7.16"
"171146","1008","90"
"171147","1003","2.1"
"171147","1004","1.14"
"171147","1005","6.67"
"171147","1008","45"
"171148","1003","3.09"
"171148","1004","1.16"
"171148","1005","4.46"
"171148","1008","41"
"171149","1003","2.94"
"171149","1004","2.32"
"171149","1005","7.01"
"171149","1008","61"
"171150","1003","5.09"
"171150","1004","2.53"
"171150","1005","18.86"
"171150","1008","117"
"171151","1003","3.02"
"171151","1004","1.41"
"171151","1005","7.84"
"171151","1008","56"
"171152","1004","1.76"
"171152","1005","9.74"
"171152","1008","61"
"171152","1003","1.74"
"171153","1004","2.05"
"171153","1005","9.17"
"171153","1008","68"
"171153","1003","3.48"
"171154","1003","1.5"
"171154","1004","1.8"
"171154","1005","9.6"
"171154","1008","61"
"171155","1003","1.35"
"171155","1004","5.3"
"171155","1005","6.8"
"171155","1008","79"
"171156","1004","3.21"
"171156","1005","7.41"
"171156","1008","68"
"171156","1003","2.51"
"171157","1004","3.28"
"171157","1005","20.81"
"171157","1008","141"
"171157","1003","7.68"
"171158","1004","1.88"
"171158","1003","1.51"
"171158","1005","12.79"
"171158","1008","74"
"171159","1004","4.14"
"171159","1005","6.53"
"171159","1008","72"
"171159","1003","2.22"
"171160","1003","3.55"
"171160","1004","3.42"
"171160","1005","16.87"
"171160","1008","112"
"171161","1003","1.72"
"171161","1004","1.58"
"171161","1005","9.78"
"171161","1008","59"
"171162","1004","1.11"
"171162","1005","10.08"
"171162","1008","66"
"171162","1003","3.97"
"171163","1003","4.45"
"171163","1004","1.51"
"171163","1005","8.11"
"171163","1008","63"
"171164","1004","1.56"
"171164","1005","10.7"
"171164","1008","66"
"171164","1003","2.42"
"171165","1003","7.48"
"171165","1004","0.34"
"171165","1005","65.07"
"171165","1008","293"
"171166","1003","8"
"171166","1004","24.1"
"171166","1005","52.1"
"171166","1008","446"
"171167","1003","5.93"
"171167","1004","0.02"
"171167","1005","15.56"
"171167","1008","89"
"171168","1003","1.2"
"171168","1004","0.2"
"171168","1005","2.5"
"171168","1008","16"
"171169","1004","9.63"
"171169","1005","47.49"
"171169","1008","313"
"171169","1003","9.2"
"171170","1003","1.26"
"171170","1004","2.71"
"171170","1005","5.47"
"171170","1008","50"
"171171","1004","4"
"171171","1005","64.66"
"171171","1008","328"
"171171","1003","10"
"171172","1003","9"
"171172","1004","3"
"171172","1005","67.64"
"171172","1008","322"
"171173","1003","8.78"
"171173","1004","8.63"
"171173","1005","63.57"
"171173","1008","367"
"171174","1003","12.8"
"171174","1004","18.2"
"171174","1005","5.46"
"171174","1008","237"
"171175","1004","2.4"
"171175","1005","5.2"
"171175","1008","61"
"171175","1003","4.6"
"171176","1003","0.71"
"171176","1004","0.21"
"171176","1005","7.45"
"171176","1008","32"
"171177","1004","17.59"
"171177","1005","60.26"
"171177","1008","440"
"171177","1003","10.17"
"171178","1004","5.3"
"171178","1005","7.7"
"171178","1008","87"
"171178","1003","2.1"
"171179","1003","1.2"
"171179","1004","0.08"
"171179","1005","0.21"
"171179","1008","6"
"171180","1004","0.07"
"171180","1005","1.02"
"171180","1008","6"
"171180","1003","0.23"
"171181","1004","0.88"
"171181","1005","10.5"
"171181","1008","57"
"171181","1003","3.3"
"171182","1003","2"
"171182","1004","1.06"
"171182","1005","9.7"
"171182","1008","51"
"171183","1004","1.06"
"171183","1005","6.5"
"171183","1008","36"
"171183","1003","0.8"
"171184","1003","1.3"
"171184","1004","1.06"
"171184","1005","8.2"
"171184","1008","44"
"171185","1004","49.88"
"171185","1005","5.12"
"171185","1008","496"
"171185","1003","6.69"
"171186","1003","1.93"
"171186","1004","0.93"
"171186","1005","19.16"
"171186","1008","93"
"171187","1004","0.98"
"171187","1005","22.73"
"171187","1008","108"
"171187","1003","2.02"
"171188","1003","1.86"
"171188","1004","0.9"
"171188","1005","15.87"
"171188","1008","79"
"171189","1003","6.2"
"171189","1004","0.7"
"171189","1005","3.3"
"171189","1008","44"
"171190","1003","3.18"
"171190","1004","1.16"
"171190","1005","6.16"
"171190","1008","48"
"171191","1003","6.71"
"171191","1004","13.29"
"171191","1005","6.83"
"171191","1008","174"
"171192","1004","1.61"
"171192","1005","7.43"
"171192","1008","50"
"171192","1003","1.39"
"171193","1004","8.99"
"171193","1005","0"
"171193","1008","161"
"171193","1003","20.14"
"171194","1004","5.89"
"171194","1005","0"
"171194","1008","137"
"171194","1003","21.1"
"171195","1003","20.96"
"171195","1004","6.95"
"171195","1005","0"
"171195","1008","146"
"171196","1004","11.47"
"171196","1005","0"
"171196","1008","215"
"171196","1003","27.97"
"171197","1003","27.88"
"171197","1004","9.77"
"171197","1005","0"
"171197","1008","199"
"171198","1004","8.3"
"171198","1005","0"
"171198","1008","200"
"171198","1003","31.32"
"171199","1003","31.71"
"171199","1004","7.02"
"171199","1005","0"
"171199","1008","190"
"171200","1004","7.78"
"171200","1005","0"
"171200","1008","196"
"171200","1003","31.48"
"171201","1003","33.55"
"171201","1004","6.94"
"171201","1005","0"
"171201","1008","197"
"171202","1004","4.17"
"171202","1005","0"
"171202","1008","123"
"171202","1003","21.3"
"171203","1003","32.41"
"171203","1004","6.82"
"171203","1005","0"
"171203","1008","191"
"171204","1004","6.34"
"171204","1005","0"
"171204","1008","186"
"171204","1003","32.29"
"171205","1003","32.49"
"171205","1004","7.14"
"171205","1005","0"
"171205","1008","194"
"171206","1004","4.48"
"171206","1005","0.16"
"171206","1008","128"
"171206","1003","21.75"
"171207","1003","31.35"
"171207","1004","10.41"
"171207","1005","0"
"171207","1008","219"
"171208","1003","26.7"
"171208","1004","20.49"
"171208","1005","0"
"171208","1008","291"
"171209","1004","10.57"
"171209","1005","0"
"171209","1008","207"
"171209","1003","27.97"
"171210","1003","27.18"
"171210","1004","14.55"
"171210","1005","0"
"171210","1008","240"
"171211","1004","14.41"
"171211","1005","0.4"
"171211","1008","236"
"171211","1003","26.1"
"171212","1003","26.3"
"171212","1004","12.25"
"171212","1005","0"
"171212","1008","215"
"171213","1004","11.64"
"171213","1005","0.36"
"171213","1008","182"
"171213","1003","18.99"
"171214","1003","18.85"
"171214","1004","12.4"
"171214","1005","0.53"
"171214","1008","189"
"171215","1004","15.87"
"171215","1005","0"
"171215","1008","241"
"171215","1003","24.47"
"171216","1003","24.86"
"171216","1004","14.41"
"171216","1005","0"
"171216","1008","229"
"171217","1004","18"
"171217","1005","0"
"171217","1008","275"
"171217","1003","28.23"
"171218","1003","27.6"
"171218","1004","19.3"
"171218","1005","0"
"171218","1008","284"
"171219","1004","16.05"
"171219","1005","0"
"171219","1008","261"
"171219","1003","29.18"
"171220","1003","21.19"
"171220","1004","5.18"
"171220","1005","0"
"171220","1008","131"
"171221","1004","4.2"
"171221","1005","0"
"171221","1008","122"
"171221","1003","21.05"
"171222","1003","25.48"
"171222","1004","22.58"
"171222","1005","0"
"171222","1008","305"
"171223","1004","24.05"
"171223","1005","0"
"171223","1008","317"
"171223","1003","25.26"
"171224","1003","31.03"
"171224","1004","8.92"
"171224","1005","0"
"171224","1008","204"
"171225","1004","9.25"
"171225","1005","0"
"171225","1008","207"
"171225","1003","30.93"
"171226","1003","31.18"
"171226","1004","8.41"
"171226","1005","0"
"171226","1008","200"
"171227","1004","20.55"
"171227","1005","0"
"171227","1008","296"
"171227","1003","27.69"
"171228","1004","19.64"
"171228","1005","0"
"171228","1008","277"
"171228","1003","24.98"
"171229","1003","24.95"
"171229","1004","20.35"
"171229","1005","0"
"171229","1008","283"
"171230","1004","18.57"
"171230","1005","0"
"171230","1008","267"
"171230","1003","25.03"
"171231","1003","18.86"
"171231","1004","16.35"
"171231","1005","0"
"171231","1008","223"
"171232","1004","11.97"
"171232","1005","0"
"171232","1008","217"
"171232","1003","27.3"
"171233","1003","28.98"
"171233","1004","8.48"
"171233","1005","0"
"171233","1008","192"
"171234","1004","9.04"
"171234","1005","0"
"171234","1008","166"
"171234","1003","21.22"
"171235","1003","20.93"
"171235","1004","9.97"
"171235","1005","0"
"171235","1008","173"
"171236","1004","12.43"
"171236","1005","0"
"171236","1008","221"
"171236","1003","27.4"
"171237","1003","27.03"
"171237","1004","13.44"
"171237","1005","0"
"171237","1008","229"
"171238","1004","10.91"
"171238","1005","0"
"171238","1008","210"
"171238","1003","27.96"
"171239","1003","28.21"
"171239","1004","11.68"
"171239","1005","0"
"171239","1008","218"
"171240","1004","29.51"
"171240","1005","42.65"
"171240","1008","466"
"171240","1003","9.65"
"171241","1008","356"
"171241","1003","24.94"
"171241","1004","27.44"
"171241","1005","2.22"
"171242","1008","413"
"171242","1004","32.34"
"171242","1005","0.36"
"171242","1003","29.81"
"171243","1008","327"
"171243","1003","20.05"
"171243","1004","27.25"
"171243","1005","0.49"
"171244","1003","23.75"
"171244","1004","19.78"
"171244","1005","5.58"
"171244","1008","295"
"171245","1008","368"
"171245","1003","23.41"
"171245","1004","30.04"
"171245","1005","1.12"
"171246","1003","9.15"
"171246","1004","22.78"
"171246","1005","3.59"
"171246","1008","253"
"171247","1004","27.84"
"171247","1005","13.91"
"171247","1008","420"
"171247","1003","28.42"
"171248","1003","11.39"
"171248","1004","7.91"
"171248","1005","5.14"
"171248","1008","138"
"171249","1008","387"
"171249","1004","26.94"
"171249","1005","3.63"
"171249","1003","31.8"
"171250","1003","21.54"
"171250","1004","30.64"
"171250","1005","2"
"171250","1008","369"
"171251","1004","30.99"
"171251","1005","1.44"
"171251","1008","393"
"171251","1003","26.96"
"171252","1008","330"
"171252","1003","16.86"
"171252","1005","8.56"
"171252","1004","25.63"
"171253","1003","21.92"
"171253","1004","24.14"
"171253","1005","4.5"
"171253","1008","323"
"171254","1008","290"
"171254","1004","21.23"
"171254","1005","8.73"
"171254","1003","16.41"
"171255","1003","3.13"
"171255","1004","11.5"
"171255","1005","4.3"
"171255","1008","131"
"171256","1008","135"
"171256","1004","12"
"171256","1005","4.26"
"171256","1003","2.94"
"171257","1003","2.44"
"171257","1004","19.35"
"171257","1005","4.63"
"171257","1008","198"
"171258","1003","4.55"
"171258","1004","4.19"
"171258","1005","8.05"
"171258","1008","88"
"171259","1008","178"
"171259","1004","16.57"
"171259","1005","4.68"
"171259","1003","3.25"
"171260","1003","8.11"
"171260","1004","1.71"
"171260","1005","11.04"
"171260","1008","92"
"171261","1003","1"
"171261","1004","9.97"
"171261","1005","11.38"
"171261","1008","136"
"171262","1004","9.97"
"171262","1005","11.38"
"171262","1008","136"
"171262","1003","1"
"171263","1004","32.92"
"171263","1005","59.29"
"171263","1008","529"
"171263","1003","2.48"
"171264","1003","1.75"
"171264","1004","3.41"
"171264","1005","6.16"
"171264","1008","61"
"171265","1004","3.25"
"171265","1005","4.8"
"171265","1008","61"
"171265","1003","3.15"
"171266","1004","3.66"
"171266","1005","4.65"
"171266","1008","64"
"171266","1003","3.28"
"171267","1003","3.3"
"171267","1005","4.8"
"171267","1008","50"
"171267","1004","1.98"
"171268","1004","1.17"
"171268","1005","5.52"
"171268","1008","48"
"171268","1003","3.93"
"171269","1004","0.08"
"171269","1003","3.37"
"171269","1005","4.96"
"171269","1008","34"
"171270","1003","3.57"
"171270","1004","0.25"
"171270","1005","5.02"
"171270","1008","37"
"171271","1004","0.25"
"171271","1005","5.56"
"171271","1008","41"
"171271","1003","3.96"
"171272","1003","35.1"
"171272","1004","0.72"
"171272","1005","52.19"
"171272","1008","358"
"171273","1004","0.2"
"171273","1005","51.8"
"171273","1008","354"
"171273","1003","35.5"
"171274","1008","387"
"171274","1003","34.3"
"171274","1004","5.78"
"171274","1005","49"
"171275","1008","321"
"171275","1004","8.7"
"171275","1005","54.4"
"171275","1003","7.91"
"171276","1008","134"
"171276","1003","6.81"
"171276","1004","7.56"
"171276","1005","10.04"
"171277","1004","2.34"
"171277","1005","10.74"
"171277","1008","77"
"171277","1003","3.52"
"171278","1008","69"
"171278","1003","3.56"
"171278","1004","4.14"
"171278","1005","4.45"
"171279","1008","70"
"171279","1004","4.38"
"171279","1005","6.89"
"171279","1003","1.03"
"171280","1003","3.75"
"171280","1004","6.89"
"171280","1005","5.18"
"171280","1008","97"
"171281","1004","0.54"
"171281","1005","73.45"
"171281","1008","339"
"171281","1003","11.73"
"171282","1003","0.85"
"171282","1004","0.36"
"171282","1005","5.14"
"171282","1008","27"
"171283","1004","1.07"
"171283","1005","74.46"
"171283","1008","353"
"171283","1003","12.93"
"171284","1008","61"
"171284","1003","3.47"
"171284","1004","3.25"
"171284","1005","4.66"
"171285","1008","102"
"171285","1004","1.08"
"171285","1005","19.05"
"171285","1003","4.37"
"171286","1008","105"
"171286","1003","4.86"
"171286","1004","1.41"
"171286","1005","18.6"
"171287","1008","143"
"171287","1003","12.56"
"171287","1004","9.51"
"171287","1005","0.72"
"171288","1003","23.54"
"171288","1004","32.14"
"171288","1005","0.13"
"171288","1008","384"
"171289","1003","16.09"
"171289","1004","23.06"
"171289","1005","8.85"
"171289","1008","307"
"171290","1004","31.79"
"171290","1005","3.7"
"171290","1008","371"
"171290","1003","18.13"
"171291","1003","16.86"
"171291","1004","25.63"
"171291","1005","8.56"
"171291","1008","330"
"171292","1003","27.35"
"171292","1004","20.41"
"171292","1005","2.67"
"171292","1008","316"
"171293","1004","3.69"
"171293","1005","23.15"
"171293","1008","141"
"171293","1003","3.36"
"171294","1003","2.11"
"171294","1004","25.26"
"171294","1005","37.12"
"171294","1008","358"
"171295","1004","0"
"171295","1005","7.14"
"171295","1008","157"
"171295","1003","32.14"
"171296","1004","0.22"
"171296","1005","8.09"
"171296","1008","71"
"171296","1003","9.07"
"171297","1003","8.25"
"171297","1004","2.92"
"171297","1005","11.67"
"171297","1008","106"
"171298","1004","0.14"
"171298","1005","12.72"
"171298","1008","85"
"171298","1003","8.12"
"171299","1003","8.03"
"171299","1004","0.22"
"171299","1005","12.53"
"171299","1008","84"
"171300","1003","8.17"
"171300","1004","2.57"
"171300","1005","12.29"
"171300","1008","105"
"171301","1004","0.9"
"171301","1005","10.2"
"171301","1008","62"
"171301","1003","3.39"
"171302","1003","6.67"
"171302","1004","2"
"171302","1005","15.74"
"171302","1008","107"
"171303","1004","0"
"171303","1005","13.46"
"171303","1008","67"
"171303","1003","3.39"
"171304","1003","9"
"171304","1004","5"
"171304","1005","3.98"
"171304","1008","97"
"171305","1004","25.84"
"171305","1005","11.89"
"171305","1008","303"
"171305","1003","5.62"
"171306","1003","3"
"171306","1004","14"
"171306","1005","28.89"
"171306","1008","254"
"171307","1004","3.08"
"171307","1005","32.75"
"171307","1008","165"
"171307","1003","1.54"
"171308","1003","3.33"
"171308","1004","5"
"171308","1005","3.33"
"171308","1008","72"
"171309","1004","4.01"
"171309","1003","8.24"
"171309","1005","3.24"
"171309","1008","82"
"171310","1003","8.62"
"171310","1004","0.15"
"171310","1005","10.66"
"171310","1008","78"
"171311","1004","0.11"
"171311","1005","11.9"
"171311","1008","80"
"171311","1003","7.76"
"171312","1003","9.53"
"171312","1004","0.24"
"171312","1005","3.43"
"171312","1008","54"
"171313","1004","0.22"
"171313","1005","11.98"
"171313","1008","81"
"171313","1003","7.65"
"171314","1003","0"
"171314","1004","100"
"171314","1005","0"
"171314","1008","900"
"171315","1003","6.09"
"171315","1004","8.69"
"171315","1005","72.12"
"171315","1008","263"
"171316","1004","15.9"
"171316","1005","50.02"
"171316","1008","337"
"171316","1003","17.6"
"171317","1004","4.07"
"171317","1005","47.75"
"171317","1008","233"
"171317","1003","22.98"
"171318","1003","23.2"
"171318","1004","3.9"
"171318","1005","49.1"
"171318","1008","237"
"171319","1004","14.28"
"171319","1005","49.7"
"171319","1008","282"
"171319","1003","13.46"
"171320","1003","3.99"
"171320","1004","1.24"
"171320","1005","80.59"
"171320","1008","247"
"171321","1004","13"
"171321","1005","65.53"
"171321","1008","274"
"171321","1003","5.97"
"171322","1004","4.36"
"171322","1005","55.82"
"171322","1008","253"
"171322","1003","19.96"
"171323","1003","15.8"
"171323","1004","14.87"
"171323","1005","52.29"
"171323","1008","345"
"171324","1004","6.41"
"171324","1005","58.35"
"171324","1008","323"
"171324","1003","23"
"171325","1003","16.55"
"171325","1004","0.73"
"171325","1005","72.73"
"171325","1008","331"
"171326","1003","5.84"
"171326","1004","36.31"
"171326","1005","49.29"
"171326","1008","525"
"171327","1004","1.04"
"171327","1005","79.12"
"171327","1008","341"
"171327","1003","10.41"
"171328","1004","4.28"
"171328","1005","68.92"
"171328","1008","265"
"171328","1003","9"
"171329","1003","14.14"
"171329","1004","12.89"
"171329","1005","53.99"
"171329","1008","282"
"171330","1004","41.56"
"171330","1003","17.99"
"171330","1005","28.13"
"171330","1008","525"
"171331","1003","9.59"
"171331","1004","7.53"
"171331","1005","65.59"
"171331","1008","307"
"171332","1004","12.6"
"171332","1005","69.28"
"171332","1008","342"
"171332","1003","5.76"
"171333","1003","4.88"
"171333","1004","15.22"
"171333","1005","64.06"
"171333","1008","331"
"171334","1005","16.25"
"171334","1003","1.4"
"171334","1008","65"
"171334","1004","0.4"
"171335","1008","56"
"171335","1003","0.4"
"171335","1004","0.1"
"171335","1005","15.3"
"171336","1003","0.94"
"171336","1004","0.33"
"171336","1005","14.48"
"171336","1008","65"
"171337","1004","0.33"
"171337","1005","14.48"
"171337","1008","65"
"171337","1003","0.94"
"171338","1008","42"
"171338","1003","0.3"
"171338","1004","0.2"
"171338","1005","10.8"
"171339","1004","0.1"
"171339","1005","18.7"
"171339","1008","70"
"171339","1003","0.6"
"171340","1003","1"
"171340","1004","0.2"
"171340","1005","23.52"
"171340","1008","100"
"171341","1004","0.2"
"171341","1005","19"
"171341","1008","70"
"171341","1003","0.3"
"171342","1003","0.3"
"171342","1008","57"
"171342","1004","0.1"
"171342","1005","13.6"
"171343","1003","0.1"
"171343","1004","0.1"
"171343","1005","10.1"
"171343","1008","37"
"171344","1004","0.1"
"171344","1005","10.5"
"171344","1008","39"
"171344","1003","0.1"
"171345","1005","15.6"
"171345","1003","0.2"
"171345","1004","0.2"
"171345","1008","58"
"171346","1005","15.4"
"171346","1008","58"
"171346","1004","0.2"
"171346","1003","0.2"
"171347","1004","0.2"
"171347","1005","11.4"
"171347","1008","44"
"171347","1003","0.3"
"171348","1003","0.2"
"171348","1004","0.1"
"171348","1005","17"
"171348","1008","63"
"171349","1004","0.2"
"171349","1005","11.8"
"171349","1008","51"
"171349","1003","0.5"
"171350","1004","0.1"
"171350","1005","18.9"
"171350","1008","70"
"171350","1003","0.2"
"171351","1008","51"
"171351","1004","0.1"
"171351","1005","12.3"
"171351","1003","0.2"
"171352","1008","43"
"171352","1004","0.1"
"171352","1005","10.5"
"171352","1003","0.2"
"171353","1005","18.1"
"171353","1008","72"
"171353","1003","0.2"
"171353","1004","0.1"
"171354","1008","45"
"171354","1004","0.3"
"171354","1005","10.2"
"171354","1003","0.6"
"171355","1003","0.4"
"171355","1004","0.2"
"171355","1005","10.1"
"171355","1008","43"
"171356","1004","0.3"
"171356","1005","16.8"
"171356","1008","70"
"171356","1003","0.6"
"171357","1005","11.7"
"171357","1008","47"
"171357","1003","0.1"
"171357","1004","0.1"
"171358","1004","6.6"
"171358","1005","69.4"
"171358","1008","376"
"171358","1003","13.2"
"171359","1004","4.8"
"171359","1008","402"
"171359","1003","6.6"
"171359","1005","83.2"
"171360","1003","10.99"
"171360","1008","394"
"171360","1004","6.36"
"171360","1005","73.48"
"171361","1004","6.67"
"171361","1005","78.07"
"171361","1008","399"
"171361","1003","6.67"
"171362","1003","0.89"
"171362","1004","0.89"
"171362","1005","15.62"
"171362","1008","75"
"171363","1004","0.89"
"171363","1005","16.03"
"171363","1008","76"
"171363","1003","0.89"
"171364","1004","1.8"
"171364","1005","7.1"
"171364","1008","52"
"171364","1003","1.9"
"171365","1003","2.2"
"171365","1005","8"
"171365","1008","58"
"171365","1004","1.5"
"171366","1004","5"
"171366","1005","6.2"
"171366","1008","79"
"171366","1003","2.5"
"171367","1005","74.1"
"171367","1008","402"
"171367","1004","7.05"
"171367","1003","10.5"
"171368","1004","12.6"
"171368","1005","73.7"
"171368","1008","435"
"171368","1003","6.8"
"171369","1004","10"
"171369","1005","75.4"
"171369","1008","424"
"171369","1003","7.6"
"171370","1008","397"
"171370","1004","2"
"171370","1005","82.2"
"171370","1003","10.8"
"171371","1004","9.27"
"171371","1005","72.48"
"171371","1008","407"
"171371","1003","7.97"
"171372","1008","426"
"171372","1004","9.7"
"171372","1003","10.1"
"171372","1005","74.2"
"171373","1004","0.2"
"171373","1005","18.4"
"171373","1008","69"
"171373","1003","0.2"
"171374","1003","1.1"
"171374","1004","0.9"
"171374","1005","17.7"
"171374","1008","80"
"171375","1004","0"
"171375","1005","17.8"
"171375","1008","65"
"171375","1003","0.3"
"171376","1003","0.3"
"171376","1004","0"
"171376","1005","18.3"
"171376","1008","67"
"171377","1004","0"
"171377","1005","17.2"
"171377","1008","63"
"171377","1003","0.3"
"171378","1003","0.2"
"171378","1004","0"
"171378","1005","16.4"
"171378","1008","60"
"171379","1005","16"
"171379","1008","85"
"171379","1004","2"
"171379","1003","1.6"
"171380","1005","17.58"
"171380","1008","86"
"171380","1004","0.98"
"171380","1003","1.76"
"171381","1005","11.34"
"171381","1008","46"
"171381","1003","0.1"
"171381","1004","0.2"
"171382","1003","3.13"
"171382","1004","6.98"
"171382","1008","128"
"171382","1005","13.21"
"171383","1003","1.61"
"171383","1004","3.59"
"171383","1005","6.7"
"171383","1008","66"
"171384","1008","517"
"171384","1004","28.09"
"171384","1003","12.6"
"171384","1005","53.57"
"171385","1003","1.45"
"171385","1004","3.37"
"171385","1005","7.39"
"171385","1008","66"
"171386","1003","1.45"
"171386","1004","3.37"
"171386","1005","7.39"
"171386","1008","66"
"171387","1004","3.5"
"171387","1003","1.51"
"171387","1005","7.6"
"171387","1008","68"
"171388","1004","5.3"
"171388","1005","68.63"
"171388","1003","5.43"
"171388","1008","344"
"171389","1004","27"
"171389","1003","11.7"
"171389","1005","56.5"
"171389","1008","516"
"171390","1004","2.89"
"171390","1003","2.17"
"171390","1005","7.64"
"171390","1008","65"
"171391","1003","1.84"
"171391","1004","3.48"
"171391","1005","6.76"
"171391","1008","66"
"171392","1004","3.3"
"171392","1005","6.2"
"171392","1008","63"
"171392","1003","2.2"
"171393","1003","2.6"
"171393","1004","3.9"
"171393","1005","8.88"
"171393","1008","81"
"171394","1004","3.37"
"171394","1005","7.39"
"171394","1008","66"
"171394","1003","1.44"
"171395","1003","1.97"
"171395","1004","3.54"
"171395","1005","6.69"
"171395","1008","66"
"171396","1004","3.6"
"171396","1005","6.67"
"171396","1008","66"
"171396","1003","1.76"
"171397","1003","1.4"
"171397","1004","3.54"
"171397","1005","7.19"
"171397","1008","66"
"171398","1004","28.57"
"171398","1005","61.59"
"171398","1008","503"
"171398","1003","0"
"171399","1004","27.75"
"171399","1005","55"
"171399","1008","514"
"171399","1003","11"
"171400","1008","902"
"171400","1004","100"
"171400","1005","0"
"171400","1003","0"
"171401","1008","902"
"171401","1003","0"
"171401","1004","100"
"171401","1005","0"
"171402","1004","35.06"
"171402","1003","1.09"
"171402","1005","14.64"
"171402","1008","379"
"171403","1003","0.65"
"171403","1004","21.6"
"171403","1005","14.78"
"171403","1008","250"
"171404","1003","0.58"
"171404","1004","11.52"
"171404","1005","31.22"
"171404","1008","222"
"171405","1003","0.39"
"171405","1004","6.68"
"171405","1005","9.99"
"171405","1008","102"
"171406","1004","19.2"
"171406","1005","16"
"171406","1008","232"
"171406","1003","0.3"
"171407","1003","2.1"
"171407","1004","5.1"
"171407","1005","11.1"
"171407","1008","97"
"171408","1004","47.7"
"171408","1005","15.8"
"171408","1008","482"
"171408","1003","0.1"
"171409","1003","0.9"
"171409","1004","34"
"171409","1005","22.4"
"171409","1008","389"
"171410","1004","100"
"171410","1005","0"
"171410","1008","884"
"171410","1003","0"
"171411","1003","0"
"171411","1004","100"
"171411","1005","0"
"171411","1008","884"
"171412","1003","0"
"171412","1004","99.06"
"171412","1008","892"
"171412","1005","0"
"171413","1004","100"
"171413","1005","0"
"171413","1008","884"
"171413","1003","0"
"171414","1003","0.87"
"171414","1004","39.07"
"171414","1005","18.79"
"171414","1008","419"
"171415","1004","37.98"
"171415","1005","1.52"
"171415","1008","349"
"171415","1003","0.23"
"171416","1003","0.1"
"171416","1004","70.2"
"171416","1005","3.4"
"171416","1008","631"
"171417","1004","50.1"
"171417","1005","2.5"
"171417","1008","449"
"171417","1003","0"
"171418","1003","1.1"
"171418","1004","79.4"
"171418","1005","2.7"
"171418","1008","717"
"171419","1004","70.2"
"171419","1005","3.4"
"171419","1008","631"
"171419","1003","0.1"
"171420","1004","0.27"
"171420","1005","32.14"
"171420","1008","132"
"171420","1003","0.2"
"171421","1003","0"
"171421","1004","100"
"171421","1005","0"
"171421","1008","884"
"171422","1004","100"
"171422","1005","0"
"171422","1008","862"
"171422","1003","0"
"171423","1003","0"
"171423","1004","100"
"171423","1005","0"
"171423","1008","884"
"171424","1004","100"
"171424","1005","0"
"171424","1008","884"
"171424","1003","0"
"171425","1003","0"
"171425","1004","100"
"171425","1005","0"
"171425","1008","884"
"171426","1003","0"
"171426","1004","100"
"171426","1005","0"
"171426","1008","763"
"171427","1004","100"
"171427","1005","0"
"171427","1008","884"
"171427","1003","0"
"171428","1003","0"
"171428","1004","100"
"171428","1005","0"
"171428","1008","884"
"171429","1004","100"
"171429","1005","0"
"171429","1008","884"
"171429","1003","0"
"171430","1004","78.69"
"171430","1005","20.69"
"171430","1008","792"
"171430","1003","0.26"
"171431","1003","0.07"
"171431","1004","68.29"
"171431","1005","0.59"
"171431","1008","606"
"171432","1004","80.32"
"171432","1005","1.39"
"171432","1008","730"
"171432","1003","0.41"
"171433","1003","0"
"171433","1004","100"
"171433","1005","0"
"171433","1008","884"
"171434","1003","0.51"
"171434","1004","37.77"
"171434","1005","0.66"
"171434","1008","339"
"171435","1004","80.71"
"171435","1005","0.7"
"171435","1008","717"
"171435","1003","0.16"
"171436","1003","0.22"
"171436","1004","80.17"
"171436","1005","0.75"
"171436","1008","713"
"171437","1004","60.39"
"171437","1005","0.69"
"171437","1008","537"
"171437","1003","0.12"
"171438","1004","100"
"171438","1005","0"
"171438","1008","900"
"171438","1003","0"
"171439","1003","0"
"171439","1004","100"
"171439","1005","0"
"171439","1008","884"
"171440","1004","100"
"171440","1005","0"
"171440","1008","884"
"171440","1003","0"
"171441","1003","0"
"171441","1004","100"
"171441","1005","0"
"171441","1008","884"
"171442","1003","0.37"
"171442","1004","99.01"
"171442","1005","0.39"
"171442","1008","878"
"171443","1004","40"
"171443","1005","0"
"171443","1008","361"
"171443","1003","0.37"
"171444","1003","0.65"
"171444","1004","10"
"171444","1005","16.4"
"171444","1008","158"
"171445","1003","28.04"
"171445","1004","3.57"
"171445","1005","0"
"171445","1008","144"
"171446","1004","12.37"
"171446","1005","0.06"
"171446","1008","216"
"171446","1003","24.49"
"171447","1003","18.6"
"171447","1004","15.06"
"171447","1005","0"
"171447","1008","215"
"171448","1004","17.35"
"171448","1005","9.42"
"171448","1008","289"
"171448","1003","22.54"
"171449","1003","28.56"
"171449","1004","14.92"
"171449","1005","3.15"
"171449","1008","269"
"171450","1004","13.6"
"171450","1005","0"
"171450","1008","239"
"171450","1003","27.3"
"171451","1003","27.29"
"171451","1004","6.71"
"171451","1005","0"
"171451","1008","177"
"171452","1003","13.33"
"171452","1004","32.35"
"171452","1005","0"
"171452","1008","349"
"171453","1003","10.32"
"171453","1004","28.83"
"171453","1005","23.15"
"171453","1008","394"
"171454","1004","42.58"
"171454","1005","9.34"
"171454","1008","502"
"171454","1003","19.09"
"171455","1004","4.5"
"171455","1003","27.15"
"171455","1005","0"
"171455","1008","157"
"171456","1003","17.66"
"171456","1004","2.06"
"171456","1005","0"
"171456","1008","94"
"171457","1004","2.68"
"171457","1005","0"
"171457","1003","30.39"
"171457","1008","154"
"171458","1003","15.55"
"171458","1004","9.33"
"171458","1005","0.71"
"171458","1008","153"
"171459","1004","15.44"
"171459","1005","9.5"
"171459","1008","277"
"171459","1003","23.55"
"171460","1003","30.45"
"171460","1004","12.09"
"171460","1005","1.82"
"171460","1008","246"
"171461","1004","10.85"
"171461","1005","0"
"171461","1008","222"
"171461","1003","29.02"
"171462","1003","26.14"
"171462","1004","9.97"
"171462","1005","0"
"171462","1008","201"
"171463","1004","18.34"
"171463","1005","0"
"171463","1008","237"
"171463","1003","16.69"
"171464","1003","23.2"
"171464","1004","1.65"
"171464","1005","0"
"171464","1008","114"
"171465","1004","5.54"
"171465","1005","0.42"
"171465","1008","192"
"171465","1003","32.82"
"171466","1003","30.91"
"171466","1004","4.51"
"171466","1005","0"
"171466","1008","173"
"171467","1004","3.99"
"171467","1005","0"
"171467","1008","159"
"171467","1003","28.88"
"171468","1003","3.73"
"171468","1004","67.95"
"171468","1005","0"
"171468","1008","629"
"171469","1004","28.74"
"171469","1005","0"
"171469","1008","319"
"171469","1003","14.05"
"171470","1003","21.97"
"171470","1004","21.91"
"171470","1005","10.25"
"171470","1008","331"
"171471","1004","20.74"
"171471","1005","6.5"
"171471","1008","331"
"171471","1003","27.79"
"171472","1003","28.19"
"171472","1004","13.16"
"171472","1005","0"
"171472","1008","239"
"171473","1004","11.19"
"171473","1005","0"
"171473","1008","209"
"171473","1003","25.31"
"171474","1003","20.85"
"171474","1004","9.25"
"171474","1005","0"
"171474","1008","172"
"171475","1004","13.2"
"171475","1005","8.99"
"171475","1008","260"
"171475","1003","24.84"
"171476","1003","31.84"
"171476","1004","8.87"
"171476","1005","1.64"
"171476","1008","222"
"171477","1004","3.57"
"171477","1005","0"
"171477","1008","165"
"171477","1003","31.02"
"171478","1003","28.98"
"171478","1004","3.03"
"171478","1005","0"
"171478","1008","151"
"171479","1004","7.39"
"171479","1005","0.06"
"171479","1008","189"
"171479","1003","28.55"
"171480","1008","115"
"171480","1005","0.14"
"171480","1003","22.64"
"171480","1004","1.93"
"171481","1004","3.84"
"171481","1005","0"
"171481","1008","159"
"171481","1003","29.06"
"171482","1005","0.16"
"171482","1003","12.96"
"171482","1004","38.93"
"171482","1008","407"
"171483","1004","4.64"
"171483","1005","0"
"171483","1008","155"
"171483","1003","26.45"
"171484","1003","16.7"
"171484","1004","7.44"
"171484","1005","0.4"
"171484","1008","140"
"171485","1004","7.52"
"171485","1005","0"
"171485","1008","174"
"171485","1003","24.88"
"171486","1003","18.26"
"171486","1004","5.5"
"171486","1005","0"
"171486","1008","128"
"171487","1004","8.18"
"171487","1005","0"
"171487","1008","189"
"171487","1003","27"
"171488","1008","166"
"171488","1005","0.15"
"171488","1003","19.81"
"171488","1004","8.97"
"171489","1004","9.95"
"171489","1005","0.07"
"171489","1008","206"
"171489","1003","27.27"
"171490","1005","0.14"
"171490","1003","23.66"
"171490","1004","1.48"
"171490","1008","114"
"171491","1005","0"
"171491","1004","2.08"
"171491","1008","147"
"171491","1003","30.13"
"171492","1003","28.71"
"171492","1004","7.41"
"171492","1005","0"
"171492","1008","189"
"171493","1004","6.72"
"171493","1005","0"
"171493","1008","144"
"171493","1003","19.54"
"171494","1005","0"
"171494","1003","27.87"
"171494","1004","9.82"
"171494","1008","208"
"171495","1004","12.32"
"171495","1005","0"
"171495","1008","197"
"171495","1003","20.22"
"171496","1003","30.13"
"171496","1004","2.08"
"171496","1008","147"
"171496","1005","0"
"171497","1004","1.48"
"171497","1003","23.66"
"171497","1008","115"
"171497","1005","0.14"
"171498","1003","30.13"
"171498","1004","2.08"
"171498","1008","147"
"171498","1005","0"
"171499","1004","44.45"
"171499","1005","0"
"171499","1008","482"
"171499","1003","19.03"
"171500","1003","5.88"
"171500","1004","2.63"
"171500","1005","4.61"
"171500","1008","67"
"171501","1004","3.46"
"171501","1005","0"
"171501","1008","126"
"171501","1003","22.16"
"171502","1003","18.8"
"171502","1004","8.54"
"171502","1005","0"
"171502","1008","157"
"171503","1004","2.2"
"171503","1005","6.4"
"171503","1008","120"
"171503","1003","17.6"
"171504","1003","13.29"
"171504","1004","15.96"
"171504","1005","0"
"171504","1008","201"
"171505","1004","7.66"
"171505","1003","19.66"
"171505","1008","148"
"171505","1005","0"
"171506","1003","27.37"
"171506","1008","203"
"171506","1004","10.4"
"171506","1005","0"
"171507","1004","14.02"
"171507","1005","0"
"171507","1008","200"
"171507","1003","17.15"
"171508","1003","25.34"
"171508","1004","13.9"
"171508","1005","3.84"
"171508","1008","248"
"171509","1005","0"
"171509","1008","108"
"171509","1004","3"
"171509","1003","20.32"
"171510","1003","24.5"
"171510","1004","10.85"
"171510","1005","0"
"171510","1008","202"
"171511","1004","2.5"
"171511","1005","0"
"171511","1008","140"
"171511","1003","27.6"
"171512","1004","20.04"
"171512","1003","14.33"
"171512","1005","13.61"
"171512","1008","292"
"171513","1003","14.85"
"171513","1004","19.58"
"171513","1005","12.84"
"171513","1008","287"
"171514","1004","12.89"
"171514","1003","16.35"
"171514","1005","17.56"
"171514","1008","252"
"171515","1003","14.73"
"171515","1004","15.75"
"171515","1005","15.01"
"171515","1008","263"
"171516","1008","186"
"171516","1004","7.79"
"171516","1003","28.34"
"171516","1005","0.54"
"171517","1005","0"
"171517","1008","205"
"171517","1003","25.34"
"171517","1004","11.54"
"171518","1005","0"
"171518","1008","137"
"171518","1004","2.79"
"171518","1003","28"
"171519","1004","6.81"
"171519","1003","28.74"
"171519","1005","0"
"171519","1008","176"
"171520","1004","37.24"
"171520","1003","17.66"
"171520","1008","406"
"171520","1005","0.11"
"171521","1008","215"
"171521","1004","11.98"
"171521","1003","26.86"
"171521","1005","0.02"
"171522","1003","22.93"
"171522","1008","233"
"171522","1004","15.7"
"171522","1005","0.02"
"171523","1008","266"
"171523","1004","18.77"
"171523","1003","24.34"
"171523","1005","0.04"
"171524","1003","15.19"
"171524","1004","35.15"
"171524","1008","378"
"171524","1005","0.7"
"171525","1004","4.12"
"171525","1003","19.27"
"171525","1005","0.15"
"171525","1008","115"
"171526","1003","21.54"
"171526","1004","1.66"
"171526","1005","0.14"
"171526","1008","102"
"171527","1004","2.08"
"171527","1005","0"
"171527","1008","127"
"171527","1003","26.97"
"171528","1003","21.88"
"171528","1004","7.45"
"171528","1005","0"
"171528","1008","155"
"171529","1004","5.33"
"171529","1005","0.05"
"171529","1008","164"
"171529","1003","29.01"
"171530","1004","2.08"
"171530","1005","0"
"171530","1008","139"
"171530","1003","30.13"
"171531","1003","21.28"
"171531","1004","2.5"
"171531","1008","108"
"171531","1005","0.15"
"171532","1004","6.04"
"171532","1005","0"
"171532","1008","165"
"171532","1003","27.71"
"171533","1003","19.54"
"171533","1004","9.16"
"171533","1005","0"
"171533","1008","161"
"171534","1003","30.54"
"171534","1004","3.17"
"171534","1005","0"
"171534","1008","151"
"171535","1004","3.61"
"171535","1005","0"
"171535","1008","145"
"171535","1003","28.24"
"171536","1003","29.5"
"171536","1004","3.39"
"171536","1005","0"
"171536","1008","148"
"171537","1003","1.82"
"171537","1004","3.26"
"171537","1005","8.52"
"171537","1008","69"
"171538","1004","0.22"
"171538","1005","0.04"
"171538","1008","7"
"171538","1003","1.14"
"171539","1003","3.85"
"171539","1004","2.46"
"171539","1005","7.16"
"171539","1008","67"
"171540","1004","4.46"
"171540","1005","7.03"
"171540","1008","72"
"171540","1003","1.32"
"171541","1003","0.8"
"171541","1004","3.92"
"171541","1005","11.3"
"171541","1008","82"
"171542","1004","1.04"
"171542","1005","0.75"
"171542","1008","31"
"171542","1003","4.42"
"171543","1003","2.37"
"171543","1004","1.55"
"171543","1005","6.07"
"171543","1008","48"
"171544","1004","1.33"
"171544","1005","5.41"
"171544","1008","53"
"171544","1003","5.11"
"171545","1004","1.56"
"171545","1005","11.57"
"171545","1008","68"
"171545","1003","1.84"
"171546","1004","0.73"
"171546","1005","4.68"
"171546","1008","33"
"171546","1003","1.97"
"171547","1003","3.17"
"171547","1004","2.06"
"171547","1005","10.32"
"171547","1008","72"
"171548","1004","0"
"171548","1005","0.32"
"171548","1008","11"
"171548","1003","2.52"
"171549","1004","1.12"
"171549","1005","8.16"
"171549","1008","56"
"171549","1003","3.74"
"171550","1003","2.13"
"171550","1004","1.17"
"171550","1005","8.64"
"171550","1008","53"
"171551","1003","3.06"
"171551","1004","1.42"
"171551","1005","6.68"
"171551","1008","46"
"171552","1004","4.2"
"171552","1005","10.4"
"171552","1008","88"
"171552","1003","2.2"
"171553","1003","1.72"
"171553","1004","3.13"
"171553","1005","3.32"
"171553","1008","48"
"171554","1004","2.23"
"171554","1005","20.18"
"171554","1008","125"
"171554","1003","6.54"
"171555","1003","4.62"
"171555","1004","1.66"
"171555","1005","11.17"
"171555","1008","77"
"171556","1004","1.53"
"171556","1005","5.97"
"171556","1008","47"
"171556","1003","2.37"
"171557","1004","2.12"
"171557","1005","17.08"
"171557","1008","93"
"171557","1003","1.64"
"171558","1003","4.33"
"171558","1004","1.87"
"171558","1005","5.96"
"171558","1008","57"
"171559","1004","0.36"
"171559","1005","7.9"
"171559","1008","39"
"171559","1003","1.14"
"171560","1003","15.97"
"171560","1004","8.89"
"171560","1008","213"
"171560","1005","17.4"
"171561","1004","4"
"171561","1005","16.1"
"171561","1008","170"
"171561","1003","17.3"
"171562","1003","16.66"
"171562","1004","13.88"
"171562","1005","18.01"
"171562","1008","267"
"171563","1004","4.7"
"171563","1005","23.5"
"171563","1008","198"
"171563","1003","14.6"
"171564","1004","2.36"
"171564","1005","4.81"
"171564","1008","53"
"171564","1003","3.75"
"171565","1003","10.74"
"171565","1004","9.61"
"171565","1005","59.38"
"171565","1008","367"
"171566","1003","0.71"
"171566","1004","2.62"
"171566","1005","5.29"
"171566","1008","48"
"171567","1004","9.73"
"171567","1005","62.09"
"171567","1008","381"
"171567","1003","11.27"
"171568","1004","2.1"
"171568","1005","5.1"
"171568","1008","51"
"171568","1003","2.6"
"171569","1003","10.42"
"171569","1004","7.19"
"171569","1005","65.12"
"171569","1008","367"
"171570","1003","13"
"171570","1004","8"
"171570","1005","58"
"171570","1008","344"
"171571","1003","15.42"
"171571","1004","6.51"
"171571","1005","62.32"
"171571","1008","377"
"171572","1003","2.37"
"171572","1004","1.23"
"171572","1005","2.6"
"171572","1008","30"
"171573","1004","3.75"
"171573","1005","3.8"
"171573","1008","54"
"171573","1003","1.8"
"171574","1003","0.92"
"171574","1004","1.02"
"171574","1005","9.6"
"171574","1008","50"
"171575","1003","2.02"
"171575","1004","6.34"
"171575","1005","28.46"
"171575","1008","179"
"171576","1003","2"
"171576","1004","0.71"
"171576","1005","11.2"
"171576","1008","55"
"171577","1004","1.06"
"171577","1005","9.5"
"171577","1008","53"
"171577","1003","2.9"
"171578","1003","1.7"
"171578","1004","0.53"
"171578","1005","8.4"
"171578","1008","40"
"171579","1004","37.6"
"171579","1005","10.09"
"171579","1008","418"
"171579","1003","9.83"
"171580","1003","5"
"171580","1004","42.42"
"171580","1005","6.14"
"171580","1008","426"
"171581","1004","37.6"
"171581","1005","10.09"
"171581","1008","418"
"171581","1003","9.83"
"171582","1003","4.16"
"171582","1004","36.38"
"171582","1005","6.93"
"171582","1008","372"
"171583","1003","0.24"
"171583","1004","0.07"
"171583","1005","0.93"
"171583","1008","5"
"171584","1004","18.33"
"171584","1005","60.52"
"171584","1008","438"
"171584","1003","7.68"
"171585","1003","3.1"
"171585","1004","6.3"
"171585","1005","7.5"
"171585","1008","99"
"171586","1004","2.1"
"171586","1005","18"
"171586","1008","117"
"171586","1003","6.5"
"171587","1004","0.56"
"171587","1005","13.41"
"171587","1008","65"
"171587","1003","1.61"
"171588","1003","8.53"
"171588","1004","11.85"
"171588","1005","59.78"
"171588","1008","380"
"171589","1004","9.48"
"171589","1005","61.1"
"171589","1008","369"
"171589","1003","9.8"
"171590","1003","11.72"
"171590","1004","14.66"
"171590","1005","57.56"
"171590","1008","409"
"171591","1004","0.28"
"171591","1005","6.57"
"171591","1008","30"
"171591","1003","0.79"
"171592","1003","3.2"
"171592","1004","1.09"
"171592","1005","9.88"
"171592","1008","62"
"171593","1004","0.95"
"171593","1005","2.95"
"171593","1008","25"
"171593","1003","1.27"
"171594","1003","1.1"
"171594","1004","0.45"
"171594","1005","6.06"
"171594","1008","33"
"171595","1005","19.79"
"171595","1003","2.5"
"171595","1008","92"
"171595","1004","0.3"
"171596","1005","8.76"
"171596","1003","5.1"
"171596","1004","2"
"171596","1008","69"
"171597","1003","1.41"
"171597","1004","1.48"
"171597","1005","8.06"
"171597","1008","51"
"171598","1005","6.16"
"171598","1008","53"
"171598","1004","2.4"
"171598","1003","3.8"
"171599","1003","1.09"
"171599","1004","1.13"
"171599","1008","39"
"171599","1005","6.24"
"171600","1004","2.73"
"171600","1005","5.87"
"171600","1008","51"
"171600","1003","0.79"
"171601","1004","8.9"
"171601","1005","6.4"
"171601","1008","173"
"171601","1003","15.84"
"171602","1003","1.8"
"171602","1004","1.3"
"171602","1005","9.5"
"171602","1008","58"
"171603","1004","36.35"
"171603","1005","36.52"
"171603","1008","535"
"171603","1003","15.32"
"171604","1003","0.9"
"171604","1004","0.6"
"171604","1005","3.9"
"171604","1008","21"
"171605","1004","0.1"
"171605","1005","5"
"171605","1008","20"
"171605","1003","0.7"
"171606","1004","0.6"
"171606","1005","0.4"
"171606","1008","16"
"171606","1003","2"
"171607","1005","4.53"
"171607","1004","3.7"
"171607","1008","53"
"171607","1003","1"
"171608","1005","76.14"
"171608","1003","9.2"
"171608","1008","343"
"171608","1004","3.1"
"171609","1005","1.2"
"171609","1004","0.6"
"171609","1008","16"
"171609","1003","2"
"171610","1003","0"
"171610","1004","0"
"171610","1005","19.17"
"171610","1008","77"
"171611","1005","9.58"
"171611","1003","4.3"
"171611","1004","2.3"
"171611","1008","69"
"171612","1004","4.6"
"171612","1005","9"
"171612","1008","98"
"171612","1003","5.1"
"171613","1005","64.88"
"171613","1008","438"
"171613","1003","16.7"
"171613","1004","13.89"
"171614","1004","17.73"
"171614","1005","60.34"
"171614","1008","441"
"171614","1003","10.06"
"171615","1003","10.22"
"171615","1004","17.52"
"171615","1005","60.23"
"171615","1008","439"
"171616","1003","14.24"
"171616","1004","18.8"
"171616","1005","2.06"
"171616","1008","238"
"171617","1004","17.2"
"171617","1003","15.27"
"171617","1005","2.59"
"171617","1008","230"
"171618","1005","1.29"
"171618","1008","379"
"171618","1003","14.6"
"171618","1004","34.5"
"171619","1004","25.87"
"171619","1005","2.95"
"171619","1008","301"
"171619","1003","14.03"
"171620","1003","13.72"
"171620","1004","29.18"
"171620","1005","2.85"
"171620","1008","333"
"171621","1005","3.1"
"171621","1008","327"
"171621","1003","14.5"
"171621","1004","28.5"
"171622","1004","27.8"
"171622","1003","14.3"
"171622","1005","2.98"
"171622","1008","323"
"171623","1004","29"
"171623","1003","14.1"
"171623","1008","328"
"171623","1005","1.51"
"171624","1005","2.74"
"171624","1008","223"
"171624","1004","16.19"
"171624","1003","15.51"
"171625","1005","3.81"
"171625","1008","223"
"171625","1003","12.23"
"171625","1004","17.29"
"171626","1008","239"
"171626","1005","0.26"
"171626","1004","18.83"
"171626","1003","16.06"
"171627","1003","16.5"
"171627","1004","16.7"
"171627","1005","0"
"171627","1008","221"
"171628","1005","4"
"171628","1008","241"
"171628","1003","13.6"
"171628","1004","18.7"
"171629","1003","16.18"
"171629","1004","18.53"
"171629","1005","2.28"
"171629","1008","245"
"171630","1008","157"
"171630","1004","10.9"
"171630","1005","0"
"171630","1003","13.83"
"171631","1003","13.9"
"171631","1004","24.26"
"171631","1005","2.97"
"171631","1008","290"
"171632","1004","30.64"
"171632","1003","12.05"
"171632","1005","3.63"
"171632","1008","342"
"171633","1005","4.96"
"171633","1008","298"
"171633","1004","26.28"
"171633","1003","10.31"
"171634","1003","10.67"
"171634","1004","26.43"
"171634","1005","5.24"
"171634","1008","302"
"171635","1003","16.75"
"171635","1004","16.55"
"171635","1005","0.2"
"171635","1008","217"
"171636","1004","20.32"
"171636","1005","0.15"
"171636","1008","267"
"171636","1003","20.94"
"171637","1003","10.34"
"171637","1004","23.77"
"171637","1005","6.31"
"171637","1008","281"
"171638","1005","8.06"
"171638","1004","22.21"
"171638","1008","286"
"171638","1003","14.4"
"171639","1004","25.87"
"171639","1005","4.24"
"171639","1008","368"
"171639","1003","29.5"
"171640","1004","20"
"171640","1005","4.8"
"171640","1008","253"
"171640","1003","13.33"
"171641","1004","4.6"
"171641","1005","80.3"
"171641","1008","389"
"171641","1003","10"
"171642","1004","5.12"
"171642","1005","85.51"
"171642","1008","398"
"171642","1003","4.39"
"171643","1003","4.45"
"171643","1004","4.83"
"171643","1008","397"
"171643","1005","85.93"
"171644","1004","9.23"
"171644","1005","78.65"
"171644","1008","417"
"171644","1003","7.1"
"171645","1005","86.1"
"171645","1008","402"
"171645","1003","4.62"
"171645","1004","4.02"
"171646","1004","24.31"
"171646","1005","53.88"
"171646","1003","13.67"
"171646","1008","489"
"171647","1005","80.49"
"171647","1008","361"
"171647","1004","1.81"
"171647","1003","11.22"
"171648","1005","82"
"171648","1008","376"
"171648","1003","9.4"
"171648","1004","3.7"
"171649","1008","406"
"171649","1004","6.08"
"171649","1003","4.51"
"171649","1005","85.03"
"171650","1004","1.6"
"171650","1005","78.9"
"171650","1008","324"
"171650","1003","7.6"
"171651","1004","0.9"
"171651","1003","7.01"
"171651","1005","87.78"
"171651","1008","383"
"171652","1003","5.5"
"171652","1004","1.7"
"171652","1005","90.1"
"171652","1008","380"
"171653","1004","7.78"
"171653","1005","58.11"
"171653","1003","26.55"
"171653","1008","372"
"171654","1005","79.09"
"171654","1008","370"
"171654","1003","7.65"
"171654","1004","1.75"
"171655","1005","14.76"
"171655","1008","71"
"171655","1004","0.46"
"171655","1003","1.71"
"171656","1005","78.42"
"171656","1008","343"
"171656","1004","2.14"
"171656","1003","7.31"
"171657","1003","1.44"
"171657","1004","0.21"
"171657","1005","10.52"
"171657","1008","50"
"171658","1004","1.41"
"171658","1005","73.19"
"171658","1008","360"
"171658","1003","11.6"
"171659","1003","1.82"
"171659","1004","0.34"
"171659","1005","10.92"
"171659","1008","55"
"171660","1003","10.6"
"171660","1004","1.4"
"171660","1005","75.5"
"171660","1008","366"
"171661","1004","6.9"
"171661","1005","69.52"
"171661","1008","362"
"171661","1003","11.92"
"171662","1004","1.36"
"171662","1005","11.67"
"171662","1008","68"
"171662","1003","2.37"
"171663","1004","4.61"
"171663","1005","76.74"
"171663","1008","366"
"171663","1003","8.62"
"171664","1004","4.84"
"171664","1005","76.08"
"171664","1008","369"
"171664","1003","9.53"
"171665","1003","13.1"
"171665","1004","2.9"
"171665","1005","75.6"
"171665","1008","357"
"171666","1004","0.5"
"171666","1005","11.8"
"171666","1008","56"
"171666","1003","2"
"171667","1003","11.2"
"171667","1004","2"
"171667","1005","75.2"
"171667","1008","342"
"171668","1004","0.4"
"171668","1005","13.7"
"171668","1008","62"
"171668","1003","2"
"171669","1003","16.26"
"171669","1004","2.15"
"171669","1005","76.39"
"171669","1008","366"
"171670","1003","8.8"
"171670","1004","1.2"
"171670","1005","79.6"
"171670","1008","371"
"171671","1005","14.76"
"171671","1008","71"
"171671","1004","0.46"
"171671","1003","1.71"
"171672","1003","1.23"
"171672","1004","0.39"
"171672","1005","13.86"
"171672","1008","65"
"171673","1005","13.86"
"171673","1004","0.39"
"171673","1008","65"
"171673","1003","1.23"
"171674","1004","0.82"
"171674","1005","79.55"
"171674","1008","363"
"171674","1003","10.6"
"171675","1003","2.54"
"171675","1004","1.52"
"171675","1005","12"
"171675","1008","71"
"171676","1004","0.45"
"171676","1005","11.74"
"171676","1008","59"
"171676","1003","2.03"
"171677","1004","0.4"
"171677","1005","13.7"
"171677","1008","62"
"171677","1003","2"
"171678","1004","1.92"
"171678","1005","79.4"
"171678","1008","350"
"171678","1003","8.81"
"171679","1003","6.78"
"171679","1004","4.17"
"171679","1005","84.94"
"171679","1008","396"
"171680","1004","4.88"
"171680","1005","77.26"
"171680","1008","379"
"171680","1003","7.8"
"171681","1004","4.51"
"171681","1005","79.62"
"171681","1008","387"
"171681","1003","8.59"
"171682","1004","4.8"
"171682","1005","75.67"
"171682","1008","366"
"171682","1003","8.79"
"171683","1003","9.81"
"171683","1004","9.8"
"171683","1005","69.47"
"171683","1008","386"
"171684","1004","10.36"
"171684","1005","70.53"
"171684","1008","390"
"171684","1003","8.18"
"171685","1003","11.31"
"171685","1004","4.4"
"171685","1005","72.58"
"171685","1008","353"
"171686","1004","0.3"
"171686","1005","7.69"
"171686","1008","32"
"171686","1003","0.4"
"171687","1008","23"
"171687","1003","0.4"
"171687","1004","0.3"
"171687","1005","4.8"
"171688","1005","13.81"
"171688","1008","52"
"171688","1004","0.17"
"171688","1003","0.26"
"171689","1005","12.76"
"171689","1008","48"
"171689","1003","0.27"
"171689","1004","0.13"
"171690","1004","0.12"
"171690","1005","19.91"
"171690","1008","74"
"171690","1003","0.28"
"171691","1003","0.93"
"171691","1004","0.32"
"171691","1005","65.89"
"171691","1008","243"
"171692","1004","0.07"
"171692","1005","15.32"
"171692","1008","57"
"171692","1003","0.22"
"171693","1003","0.2"
"171693","1004","0.07"
"171693","1005","20.73"
"171693","1008","83"
"171694","1004","0.32"
"171694","1005","12.31"
"171694","1008","48"
"171694","1003","0.28"
"171695","1004","0.1"
"171695","1003","0.17"
"171695","1005","11.27"
"171695","1008","42"
"171696","1003","0.16"
"171696","1004","0.17"
"171696","1005","17.49"
"171696","1008","68"
"171697","1003","1.4"
"171697","1004","0.39"
"171697","1005","11.12"
"171697","1008","48"
"171698","1004","0.16"
"171698","1005","6.39"
"171698","1008","27"
"171698","1003","0.71"
"171699","1003","0.53"
"171699","1004","0.08"
"171699","1005","21.47"
"171699","1008","83"
"171700","1004","0.09"
"171700","1005","21.45"
"171700","1008","83"
"171700","1003","0.51"
"171701","1003","0.55"
"171701","1004","0.04"
"171701","1005","24.85"
"171701","1008","96"
"171702","1004","0.62"
"171702","1005","82.89"
"171702","1008","320"
"171702","1003","4.9"
"171703","1004","0.1"
"171703","1005","25.1"
"171703","1008","98"
"171703","1003","0.7"
"171704","1008","56"
"171704","1004","0.45"
"171704","1005","13.63"
"171704","1003","0.17"
"171705","1003","2"
"171705","1004","14.66"
"171705","1005","8.53"
"171705","1008","160"
"171706","1004","15.41"
"171706","1003","1.96"
"171706","1005","8.64"
"171706","1008","167"
"171707","1004","10.06"
"171707","1003","2.23"
"171707","1005","7.82"
"171707","1008","120"
"171708","1004","0.73"
"171708","1005","80.45"
"171708","1008","333"
"171708","1003","1.25"
"171709","1003","1.31"
"171709","1004","0.14"
"171709","1005","23.1"
"171709","1008","92"
"171710","1004","0.43"
"171710","1005","15.67"
"171710","1008","64"
"171710","1003","1.18"
"171711","1005","14.49"
"171711","1008","57"
"171711","1004","0.33"
"171711","1003","0.74"
"171712","1004","0.12"
"171712","1005","22.31"
"171712","1008","88"
"171712","1003","0.99"
"171713","1003","1.1"
"171713","1004","0.26"
"171713","1005","12.19"
"171713","1008","50"
"171714","1004","0.23"
"171714","1005","27.12"
"171714","1008","103"
"171714","1003","1.07"
"171715","1005","6.73"
"171715","1008","31"
"171715","1004","0.33"
"171715","1003","1.04"
"171716","1004","0.1"
"171716","1005","23.27"
"171716","1008","91"
"171716","1003","0.73"
"171717","1003","0.71"
"171717","1004","0.09"
"171717","1005","29.23"
"171717","1008","114"
"171718","1004","0.44"
"171718","1005","11.02"
"171718","1008","46"
"171718","1003","0.92"
"171719","1005","16.01"
"171719","1008","63"
"171719","1004","0.2"
"171719","1003","1.06"
"171720","1003","0.59"
"171720","1004","0.15"
"171720","1005","26.23"
"171720","1008","102"
"171721","1004","0.3"
"171721","1005","19.95"
"171721","1008","76"
"171721","1003","0.4"
"171722","1008","46"
"171722","1003","0.46"
"171722","1005","11.97"
"171722","1004","0.13"
"171723","1008","308"
"171723","1003","0.17"
"171723","1004","1.09"
"171723","1005","82.8"
"171724","1003","3.43"
"171724","1004","0.22"
"171724","1005","76.98"
"171724","1008","290"
"171725","1004","0.6"
"171725","1005","25.2"
"171725","1008","101"
"171725","1003","1.7"
"171726","1005","75.03"
"171726","1008","282"
"171726","1004","0.39"
"171726","1003","2.45"
"171727","1003","0.66"
"171727","1004","0.5"
"171727","1005","18.4"
"171727","1008","73"
"171728","1003","11.32"
"171728","1004","51.36"
"171728","1005","0.39"
"171728","1008","509"
"171729","1004","57.73"
"171729","1005","1.06"
"171729","1008","562"
"171729","1003","9.58"
"171730","1003","6.54"
"171730","1004","63.27"
"171730","1005","0"
"171730","1008","596"
"171731","1004","63.3"
"171731","1005","0"
"171731","1008","594"
"171731","1003","6"
"171732","1003","19.71"
"171732","1004","14.09"
"171732","1005","0"
"171732","1008","206"
"171733","1004","13.17"
"171733","1005","0.11"
"171733","1008","199"
"171733","1003","19.9"
"171734","1003","21.9"
"171734","1004","3.87"
"171734","1005","0"
"171734","1008","122"
"171735","1004","8.2"
"171735","1005","0"
"171735","1008","160"
"171735","1003","21.47"
"171736","1003","16.92"
"171736","1004","29.15"
"171736","1005","0.13"
"171736","1008","331"
"171737","1004","16.93"
"171737","1005","0"
"171737","1008","234"
"171737","1003","20.35"
"171738","1003","17.61"
"171738","1004","28.61"
"171738","1005","0.46"
"171738","1008","330"
"171739","1004","4.45"
"171739","1005","0.01"
"171739","1008","127"
"171739","1003","21.77"
"171740","1004","27.64"
"171740","1005","0"
"171740","1008","317"
"171740","1003","17.07"
"171741","1003","14.54"
"171741","1004","38.3"
"171741","1005","0.28"
"171741","1008","404"
"171742","1004","19.11"
"171742","1005","0.58"
"171742","1008","248"
"171742","1003","18.5"
"171743","1003","23.49"
"171743","1004","3.34"
"171743","1005","0"
"171743","1008","124"
"171744","1004","3.04"
"171744","1005","0"
"171744","1008","121"
"171744","1003","23.44"
"171745","1003","23.27"
"171745","1004","3.44"
"171745","1005","0"
"171745","1008","124"
"171746","1004","3.74"
"171746","1005","0"
"171746","1008","127"
"171746","1003","23.26"
"171747","1003","23.28"
"171747","1004","3"
"171747","1005","0"
"171747","1008","120"
"171748","1004","7.4"
"171748","1005","0"
"171748","1008","153"
"171748","1003","21.5"
"171749","1003","21.91"
"171749","1004","6.21"
"171749","1005","0"
"171749","1008","144"
"171750","1004","8.17"
"171750","1005","0"
"171750","1008","163"
"171750","1003","22.43"
"171751","1003","22.19"
"171751","1004","9.16"
"171751","1005","0"
"171751","1008","171"
"171752","1004","6.67"
"171752","1005","0"
"171752","1008","151"
"171752","1003","22.79"
"171753","1003","27.26"
"171753","1004","8.82"
"171753","1005","0"
"171753","1008","188"
"171754","1004","7.12"
"171754","1005","0"
"171754","1008","174"
"171754","1003","27.38"
"171755","1005","0"
"171755","1008","160"
"171755","1003","29.9"
"171755","1004","4.49"
"171756","1005","0"
"171756","1004","4.79"
"171756","1008","163"
"171756","1003","30.08"
"171757","1003","23.59"
"171757","1004","2.94"
"171757","1005","0"
"171757","1008","121"
"171758","1004","3.26"
"171758","1005","0"
"171758","1008","124"
"171758","1003","23.59"
"171759","1003","23.59"
"171759","1004","2.45"
"171759","1005","0"
"171759","1008","116"
"171760","1004","2.94"
"171760","1005","0"
"171760","1008","121"
"171760","1003","23.59"
"171761","1003","23.41"
"171761","1004","2.52"
"171761","1005","0"
"171761","1008","116"
"171762","1004","3.04"
"171762","1005","0"
"171762","1008","121"
"171762","1003","23.37"
"171763","1003","23.35"
"171763","1004","3.38"
"171763","1005","0"
"171763","1008","124"
"171764","1004","2.52"
"171764","1005","0"
"171764","1008","116"
"171764","1003","23.41"
"171765","1003","21.94"
"171765","1004","5.74"
"171765","1005","0"
"171765","1008","139"
"171766","1004","4.66"
"171766","1005","0"
"171766","1008","135"
"171766","1003","23.3"
"171767","1003","21.94"
"171767","1004","5.74"
"171767","1005","0"
"171767","1008","139"
"171768","1004","6.16"
"171768","1005","0"
"171768","1008","143"
"171768","1003","21.78"
"171769","1003","22.16"
"171769","1004","5.1"
"171769","1005","0"
"171769","1008","135"
"171770","1003","30.24"
"171770","1004","4.11"
"171770","1005","0.06"
"171770","1008","158"
"171771","1005","0"
"171771","1004","3.37"
"171771","1008","150"
"171771","1003","29.81"
"171772","1004","3.9"
"171772","1005","0"
"171772","1008","155"
"171772","1003","29.85"
"171773","1003","29.94"
"171773","1004","4.26"
"171773","1005","0"
"171773","1008","158"
"171774","1004","11.65"
"171774","1005","0"
"171774","1008","191"
"171774","1003","21.54"
"171775","1003","21.29"
"171775","1004","12.68"
"171775","1005","0"
"171775","1008","199"
"171776","1005","0"
"171776","1003","22.03"
"171776","1004","4.99"
"171776","1008","133"
"171777","1005","0"
"171777","1004","8"
"171777","1008","157"
"171777","1003","21.2"
"171778","1003","27.51"
"171778","1004","6.37"
"171778","1005","0"
"171778","1008","167"
"171779","1004","4.55"
"171779","1005","0"
"171779","1008","130"
"171779","1003","22.37"
"171780","1008","173"
"171780","1004","6.75"
"171780","1005","0"
"171780","1003","26.36"
"171781","1004","5.82"
"171781","1005","0"
"171781","1008","175"
"171781","1003","28.6"
"171782","1008","189"
"171782","1003","29.34"
"171782","1004","7.04"
"171782","1005","0"
"171783","1003","25.73"
"171783","1004","5.72"
"171783","1005","0"
"171783","1008","161"
"171784","1003","27.3"
"171784","1004","8.76"
"171784","1005","0"
"171784","1008","196"
"171785","1003","28.22"
"171785","1004","7.25"
"171785","1005","0"
"171785","1008","186"
"171786","1004","6.14"
"171786","1005","0"
"171786","1003","28.41"
"171786","1008","177"
"171787","1003","26.13"
"171787","1004","12.05"
"171787","1005","0"
"171787","1008","220"
"171788","1004","17.13"
"171788","1005","0"
"171788","1003","23.51"
"171788","1008","255"
"171789","1003","28.29"
"171789","1004","6.8"
"171789","1005","0"
"171789","1008","182"
"171790","1003","21.41"
"171790","1004","5"
"171790","1005","0"
"171790","1008","137"
"171791","1005","0"
"171791","1003","26.29"
"171791","1004","6.8"
"171791","1008","174"
"171792","1008","164"
"171792","1003","25.8"
"171792","1005","0"
"171792","1004","5.94"
"171793","1008","204"
"171793","1005","0"
"171793","1004","10.68"
"171793","1003","25.21"
"171794","1008","230"
"171794","1005","0"
"171794","1003","28.45"
"171794","1004","12.04"
"171795","1008","214"
"171795","1003","26.62"
"171795","1005","0"
"171795","1004","11.1"
"171796","1004","15"
"171796","1003","18.59"
"171796","1005","0"
"171796","1008","215"
"171797","1005","0"
"171797","1003","25.75"
"171797","1004","17.78"
"171797","1008","270"
"171798","1003","24.04"
"171798","1008","246"
"171798","1005","0"
"171798","1004","15.94"
"171799","1008","272"
"171799","1003","27"
"171799","1005","0"
"171799","1004","17.36"
"171800","1008","254"
"171800","1005","0"
"171800","1003","25.25"
"171800","1004","16.17"
"171801","1008","254"
"171801","1003","24.56"
"171801","1005","0"
"171801","1004","16.5"
"171802","1003","22.53"
"171802","1004","4.2"
"171802","1005","0"
"171802","1008","134"
"171803","1004","5.93"
"171803","1005","0"
"171803","1003","22.06"
"171803","1008","148"
"171804","1003","22.27"
"171804","1004","3.54"
"171804","1005","0"
"171804","1008","127"
"171805","1004","5.73"
"171805","1005","0"
"171805","1003","29.44"
"171805","1008","177"
"171806","1003","28.45"
"171806","1004","4.67"
"171806","1005","0"
"171806","1008","164"
"171807","1004","4.11"
"171807","1005","0"
"171807","1003","29.59"
"171807","1008","163"
"171808","1003","31.61"
"171808","1004","4.65"
"171808","1005","0"
"171808","1008","177"
"171809","1003","29.73"
"171809","1004","4.71"
"171809","1005","0"
"171809","1008","169"
"171810","1004","5.04"
"171810","1005","0"
"171810","1003","22.33"
"171810","1008","141"
"171811","1003","29.04"
"171811","1004","8.39"
"171811","1005","0"
"171811","1008","200"
"171812","1003","22.12"
"171812","1004","6.52"
"171812","1005","0"
"171812","1008","153"
"171813","1003","29.3"
"171813","1004","7.09"
"171813","1005","0"
"171813","1008","189"
"171814","1005","0"
"171814","1008","138"
"171814","1004","5.15"
"171814","1003","22.93"
"171815","1003","31.82"
"171815","1004","5.45"
"171815","1005","0"
"171815","1008","185"
"171816","1004","4.09"
"171816","1005","0"
"171816","1003","22.91"
"171816","1008","135"
"171817","1005","0"
"171817","1004","8.37"
"171817","1003","34.72"
"171817","1008","224"
"171818","1005","0"
"171818","1003","33.13"
"171818","1004","6.79"
"171818","1008","203"
"171819","1005","0"
"171819","1004","3.38"
"171819","1003","22.88"
"171819","1008","128"
"171820","1005","0"
"171820","1003","22.69"
"171820","1004","4.78"
"171820","1008","140"
"171821","1003","2.08"
"171821","1004","0.26"
"171821","1005","5.25"
"171821","1008","32"
"171822","1003","10.89"
"171822","1004","2.5"
"171822","1005","70.95"
"171822","1008","350"
"171823","1004","0.13"
"171823","1008","245"
"171823","1003","0.36"
"171823","1005","60.66"
"171824","1003","1.13"
"171824","1004","0.89"
"171824","1005","6.36"
"171824","1008","38"
"171825","1004","0.23"
"171825","1005","22.04"
"171825","1008","95"
"171825","1003","1.25"
"171826","1003","1"
"171826","1004","16.7"
"171826","1005","13.3"
"171826","1008","211"
"171827","1003","0.95"
"171827","1004","0.43"
"171827","1005","46.08"
"171827","1008","192"
"171828","1004","0.67"
"171828","1005","39.95"
"171828","1008","170"
"171828","1003","0.91"
"171829","1003","1"
"171829","1004","0.52"
"171829","1005","37.92"
"171829","1008","160"
"171830","1004","1.41"
"171830","1005","29.45"
"171830","1008","132"
"171830","1003","0.44"
"171831","1003","2.23"
"171831","1004","10.9"
"171831","1005","46.13"
"171831","1008","292"
"171832","1004","3.7"
"171832","1005","15.89"
"171832","1008","119"
"171832","1003","5.44"
"171833","1003","1.09"
"171833","1004","50.89"
"171833","1005","10.05"
"171833","1008","503"
"171834","1004","3.7"
"171834","1005","15.89"
"171834","1008","119"
"171834","1003","5.44"
"171835","1004","25.8"
"171835","1005","64.1"
"171835","1008","489"
"171835","1003","3.5"
"171836","1003","8.1"
"171836","1004","35.3"
"171836","1005","52.9"
"171836","1008","562"
"171837","1004","24.1"
"171837","1005","70.09"
"171837","1008","509"
"171837","1003","3"
"171838","1003","7.1"
"171838","1004","20.4"
"171838","1005","67.6"
"171838","1008","482"
"171839","1004","11.14"
"171839","1003","3.71"
"171839","1005","74.3"
"171839","1008","412"
"171840","1003","2.77"
"171840","1004","9.68"
"171840","1005","61.58"
"171840","1008","345"
"171841","1004","13.24"
"171841","1003","2.94"
"171841","1005","76.17"
"171841","1008","436"
"171842","1003","2.61"
"171842","1004","18.29"
"171842","1005","55.62"
"171842","1008","398"
"171843","1004","31.03"
"171843","1005","50.52"
"171843","1008","523"
"171843","1003","10.34"
"171844","1004","7.45"
"171844","1005","46.36"
"171844","1008","297"
"171844","1003","11.25"
"171845","1003","9.62"
"171845","1004","5.65"
"171845","1005","50.43"
"171845","1008","291"
"171846","1003","7.29"
"171846","1004","17.84"
"171846","1005","68.37"
"171846","1008","463"
"171847","1004","22.55"
"171847","1005","61.22"
"171847","1008","460"
"171847","1003","3.02"
"171848","1004","16.67"
"171848","1005","63.49"
"171848","1008","437"
"171848","1003","8.33"
"171849","1004","5.29"
"171849","1005","44.38"
"171849","1008","253"
"171849","1003","7.05"
"171850","1003","13.16"
"171850","1004","0"
"171850","1005","33.88"
"171850","1008","188"
"171851","1004","0"
"171851","1005","36.82"
"171851","1008","205"
"171851","1003","14.3"
"171852","1003","9.9"
"171852","1004","1.24"
"171852","1005","47.47"
"171852","1008","241"
"171853","1003","10.53"
"171853","1004","1.32"
"171853","1005","74.11"
"171853","1008","350"
"171854","1004","16.13"
"171854","1005","67.66"
"171854","1008","442"
"171854","1003","6.45"
"171855","1003","14.12"
"171855","1004","21.18"
"171855","1005","54.59"
"171855","1008","465"
"171856","1004","7.14"
"171856","1005","72.81"
"171856","1008","384"
"171856","1003","7.14"
"171857","1003","2.19"
"171857","1004","17.89"
"171857","1005","76.03"
"171857","1008","474"
"171858","1004","30.42"
"171858","1005","62.82"
"171858","1008","541"
"171858","1003","4.06"
"171859","1003","0"
"171859","1004","24.18"
"171859","1005","74.39"
"171859","1008","515"
"171860","1004","20.47"
"171860","1005","74.61"
"171860","1008","493"
"171860","1003","2.66"
"171861","1003","7.99"
"171861","1004","6.4"
"171861","1005","55.1"
"171861","1008","310"
"171862","1004","2.65"
"171862","1005","50.47"
"171862","1008","239"
"171862","1003","3.34"
"171863","1003","5.65"
"171863","1004","8.2"
"171863","1005","40.24"
"171863","1008","257"
"171864","1004","11.6"
"171864","1005","44.29"
"171864","1008","329"
"171864","1003","11.8"
"171865","1004","10.04"
"171865","1005","64.62"
"171865","1008","365"
"171865","1003","4.02"
"171866","1003","10"
"171866","1004","22.5"
"171866","1005","51.08"
"171866","1008","447"
"171867","1004","10.58"
"171867","1005","70.54"
"171867","1008","406"
"171867","1003","7.05"
"171868","1003","4.17"
"171868","1004","10.42"
"171868","1005","78.16"
"171868","1008","423"
"171869","1005","8.8"
"171869","1008","34"
"171869","1003","0"
"171869","1004","0"
"171870","1003","0.25"
"171870","1004","0.08"
"171870","1005","0.7"
"171870","1008","5"
"171871","1004","0"
"171871","1005","10.6"
"171871","1008","41"
"171871","1003","0"
"171872","1004","0"
"171872","1005","2.38"
"171872","1003","0.07"
"171872","1008","78"
"171873","1004","1.69"
"171873","1005","17.3"
"171873","1008","101"
"171873","1003","4.22"
"171874","1003","3.32"
"171874","1004","0.97"
"171874","1005","8.81"
"171874","1008","57"
"171875","1004","0.11"
"171875","1003","0"
"171875","1005","4.11"
"171875","1008","17"
"171876","1003","0"
"171876","1004","0"
"171876","1005","0.1"
"171876","1008","0"
"171877","1003","2.14"
"171877","1004","1.07"
"171877","1005","4.27"
"171877","1008","36"
"171878","1003","0"
"171878","1004","0"
"171878","1005","5"
"171878","1008","21"
"171879","1005","11.96"
"171879","1003","3.23"
"171879","1004","3.24"
"171879","1008","85"
"171880","1004","1.38"
"171880","1005","12.6"
"171880","1008","71"
"171880","1003","1.98"
"171881","1003","0.3"
"171881","1004","0"
"171881","1008","2"
"171881","1005","0.17"
"171882","1005","10.95"
"171882","1008","48"
"171882","1004","0.2"
"171882","1003","0.6"
"171883","1008","30"
"171883","1003","0"
"171883","1004","0.18"
"171883","1005","7.16"
"171884","1003","0"
"171884","1004","0"
"171884","1005","12.08"
"171884","1008","46"
"171885","1004","0"
"171885","1003","0"
"171885","1005","0.93"
"171885","1008","4"
"171886","1003","15.49"
"171886","1004","3"
"171886","1005","71.93"
"171886","1008","377"
"171887","1003","3"
"171887","1004","15"
"171887","1005","75"
"171887","1008","400"
"171888","1004","0.22"
"171888","1005","10.8"
"171888","1008","45"
"171888","1003","0"
"171889","1004","0"
"171889","1005","0"
"171889","1008","0"
"171889","1003","0.1"
"171890","1008","1"
"171890","1003","0.12"
"171890","1004","0.02"
"171890","1005","0"
"171891","1004","0.18"
"171891","1003","0.12"
"171891","1005","1.67"
"171891","1008","9"
"171892","1003","0"
"171892","1004","0"
"171892","1005","0.22"
"171892","1008","1"
"171893","1003","12.2"
"171893","1004","0.5"
"171893","1005","75.4"
"171893","1008","353"
"171894","1003","0.12"
"171894","1004","0"
"171894","1005","0.43"
"171894","1008","2"
"171895","1003","0.29"
"171895","1004","0"
"171895","1005","13.68"
"171895","1008","56"
"171896","1004","0"
"171896","1003","0.07"
"171896","1005","0.8"
"171896","1008","4"
"171897","1003","9.3"
"171897","1004","0.2"
"171897","1005","78.9"
"171897","1008","355"
"171898","1004","19.2"
"171898","1003","2.5"
"171898","1005","74.6"
"171898","1008","481"
"171899","1003","0.28"
"171899","1005","11.96"
"171899","1008","49"
"171899","1004","0"
"171900","1003","0.07"
"171900","1004","0"
"171900","1005","11.12"
"171900","1008","45"
"171901","1003","0.21"
"171901","1004","0"
"171901","1005","0.7"
"171901","1008","4"
"171902","1003","0.2"
"171902","1004","0.1"
"171902","1005","14"
"171902","1008","56"
"171903","1003","0"
"171903","1004","0.1"
"171903","1005","13.52"
"171903","1008","54"
"171904","1003","0.02"
"171904","1004","0.01"
"171904","1005","4.6"
"171904","1008","19"
"171905","1004","3.02"
"171905","1005","14.2"
"171905","1008","95"
"171905","1003","2.93"
"171906","1003","0.9"
"171906","1004","0"
"171906","1005","0.27"
"171906","1008","58"
"171907","1004","0"
"171907","1003","0.35"
"171907","1005","0"
"171907","1008","40"
"171908","1003","0.36"
"171908","1004","0"
"171908","1005","3.8"
"171908","1008","83"
"171909","1003","0.07"
"171909","1005","12.56"
"171909","1008","47"
"171909","1004","0.01"
"171910","1003","0"
"171910","1004","0"
"171910","1005","0"
"171910","1008","0"
"171911","1004","0"
"171911","1005","0"
"171911","1008","0"
"171911","1003","0"
"171912","1005","40.2"
"171912","1008","162"
"171912","1003","1.2"
"171912","1004","0.1"
"171913","1004","0.03"
"171913","1005","11.42"
"171913","1008","46"
"171913","1003","0.34"
"171914","1003","0"
"171914","1004","0"
"171914","1005","11.97"
"171914","1008","48"
"171915","1004","0"
"171915","1005","2.5"
"171915","1008","10"
"171915","1003","0"
"171916","1004","0"
"171916","1008","61"
"171916","1003","0"
"171916","1005","15.72"
"171917","1004","0"
"171917","1005","0"
"171917","1008","1"
"171917","1003","0.22"
"171918","1004","0.3"
"171918","1005","97.6"
"171918","1008","385"
"171918","1003","0.6"
"171919","1003","0"
"171919","1004","0"
"171919","1005","0.1"
"171919","1008","250"
"171920","1004","0"
"171920","1005","0"
"171920","1008","263"
"171920","1003","0"
"171921","1003","0"
"171921","1008","42"
"171921","1004","0"
"171921","1005","10.7"
"171922","1004","0"
"171922","1005","0"
"171922","1008","0"
"171922","1003","0"
"171923","1005","0"
"171923","1008","0"
"171923","1003","0"
"171923","1004","0"
"171924","1003","0.22"
"171924","1004","0"
"171924","1005","0"
"171924","1008","1"
"171925","1004","0"
"171925","1005","2.51"
"171925","1003","0.07"
"171925","1008","83"
"171926","1008","1"
"171926","1004","0"
"171926","1003","0"
"171926","1005","0.13"
"171927","1004","0"
"171927","1005","1.26"
"171927","1008","4"
"171927","1003","0"
"171928","1003","0"
"171928","1004","0"
"171928","1005","7.41"
"171928","1008","29"
"171929","1004","0"
"171929","1005","7.82"
"171929","1008","33"
"171929","1003","0"
"171930","1003","0"
"171930","1004","0"
"171930","1005","7.82"
"171930","1008","33"
"171931","1004","0"
"171931","1005","7.41"
"171931","1008","29"
"171931","1003","0"
"171932","1003","0"
"171932","1004","0"
"171932","1005","7.41"
"171932","1008","29"
"171933","1004","0"
"171933","1005","11.38"
"171933","1008","49"
"171933","1003","0.41"
"171934","1003","0.41"
"171934","1004","0"
"171934","1005","11.79"
"171934","1008","49"
"171935","1004","0"
"171935","1005","11.28"
"171935","1008","47"
"171935","1003","0.47"
"171936","1003","0"
"171936","1004","0"
"171936","1005","1.03"
"171936","1008","2"
"171937","1008","58"
"171937","1005","12.7"
"171937","1004","0.22"
"171937","1003","0.34"
"171938","1003","0.25"
"171938","1004","0.08"
"171938","1005","0.7"
"171938","1008","4"
"171939","1003","3.5"
"171939","1004","3.07"
"171939","1005","14.74"
"171939","1008","101"
"171940","1003","0"
"171940","1004","0"
"171940","1005","4.5"
"171940","1008","18"
"171941","1003","0.48"
"171941","1004","0.71"
"171941","1005","11.52"
"171941","1008","54"
"171942","1003","0.28"
"171942","1004","0.97"
"171942","1005","9.17"
"171942","1008","47"
"171943","1005","12.99"
"171943","1008","49"
"171943","1004","0"
"171943","1003","0"
"171944","1004","0.37"
"171944","1005","6.67"
"171944","1008","29"
"171944","1003","0"
"171945","1003","0.13"
"171945","1005","13.16"
"171945","1008","54"
"171945","1004","0"
"171946","1005","0"
"171946","1004","0"
"171946","1008","0"
"171946","1003","0"
"171947","1004","0.11"
"171947","1005","11.35"
"171947","1008","46"
"171947","1003","0.13"
"171948","1004","2.33"
"171948","1005","0"
"171948","1008","97"
"171948","1003","17.73"
"171949","1003","20.04"
"171949","1004","4.24"
"171949","1005","0"
"171949","1008","124"
"171950","1004","0.81"
"171950","1005","0"
"171950","1008","90"
"171950","1003","19.31"
"171951","1003","17.28"
"171951","1004","8.02"
"171951","1005","0"
"171951","1008","146"
"171952","1004","5.6"
"171952","1005","0"
"171952","1008","127"
"171952","1003","17.83"
"171953","1003","18.99"
"171953","1004","1.91"
"171953","1005","0"
"171953","1008","98"
"171954","1004","11.9"
"171954","1005","0"
"171954","1008","177"
"171954","1003","16.36"
"171955","1008","82"
"171955","1003","17.81"
"171955","1004","0.67"
"171955","1005","0"
"171956","1008","105"
"171956","1004","0.86"
"171956","1005","0"
"171956","1003","22.83"
"171957","1003","18.2"
"171957","1004","12.67"
"171957","1005","7.54"
"171957","1008","221"
"171958","1004","0.69"
"171958","1005","0"
"171958","1008","87"
"171958","1003","18.99"
"171959","1003","18.5"
"171959","1004","0.7"
"171959","1005","0"
"171959","1008","85"
"171960","1004","4.93"
"171960","1005","0"
"171960","1008","119"
"171960","1003","17.54"
"171961","1004","1.73"
"171961","1005","7.41"
"171961","1008","84"
"171961","1003","9.07"
"171962","1003","19.38"
"171962","1004","1.02"
"171962","1005","0"
"171962","1008","92"
"171963","1004","1.3"
"171963","1005","0"
"171963","1008","118"
"171963","1003","24.84"
"171964","1004","0.45"
"171964","1008","74"
"171964","1003","16.32"
"171964","1005","0"
"171965","1008","186"
"171965","1004","13.84"
"171965","1005","0"
"171965","1003","14.37"
"171966","1004","0.74"
"171966","1005","0"
"171966","1008","83"
"171966","1003","17.88"
"171967","1004","7.52"
"171967","1005","0.48"
"171967","1008","155"
"171967","1003","20.21"
"171968","1003","17.41"
"171968","1004","0.97"
"171968","1005","0.74"
"171968","1008","86"
"171969","1004","1.18"
"171969","1005","0"
"171969","1008","90"
"171969","1003","18.5"
"171970","1008","242"
"171970","1003","21.39"
"171970","1004","12.28"
"171970","1005","11.47"
"171971","1003","22.78"
"171971","1004","1.7"
"171971","1005","1.52"
"171971","1008","119"
"171972","1003","20.42"
"171972","1004","1.36"
"171972","1005","0"
"171972","1008","100"
"171973","1003","12.39"
"171973","1004","1.47"
"171973","1005","9.13"
"171973","1008","101"
"171974","1003","14.24"
"171974","1004","11.15"
"171974","1005","10.33"
"171974","1008","202"
"171975","1004","1.95"
"171975","1005","5.13"
"171975","1008","148"
"171975","1003","25.55"
"171976","1003","24.25"
"171976","1004","1.59"
"171976","1005","5.9"
"171976","1008","142"
"171977","1004","0.02"
"171977","1005","0.1"
"171977","1008","2"
"171977","1003","0.4"
"171978","1003","5.71"
"171978","1004","1.71"
"171978","1005","2.72"
"171978","1008","51"
"171979","1008","199"
"171979","1004","12.58"
"171979","1005","11.62"
"171979","1003","8.77"
"171980","1004","3.42"
"171980","1005","5.45"
"171980","1008","102"
"171980","1003","11.42"
"171981","1008","68"
"171981","1003","7.06"
"171981","1004","2.47"
"171981","1005","3.91"
"171982","1004","7.48"
"171982","1005","7.79"
"171982","1008","175"
"171982","1003","17.94"
"171983","1003","23.84"
"171983","1004","0.4"
"171983","1005","7.76"
"171983","1008","137"
"171984","1004","0.8"
"171984","1005","15.52"
"171984","1008","275"
"171984","1003","47.68"
"171985","1003","18.28"
"171985","1004","4.32"
"171985","1005","0"
"171985","1008","117"
"171986","1003","25.51"
"171986","1004","0.82"
"171986","1008","116"
"171986","1005","0"
"171987","1008","186"
"171987","1003","26.53"
"171987","1004","8.08"
"171987","1005","0"
"171988","1004","2.97"
"171988","1005","0"
"171988","1008","128"
"171988","1003","23.62"
"171989","1004","4.73"
"171989","1005","0"
"171989","1008","146"
"171989","1003","24.18"
"171990","1004","0.5"
"171990","1005","0"
"171990","1008","85"
"171990","1003","18.73"
"171991","1003","24.35"
"171991","1004","0.88"
"171991","1005","0"
"171991","1008","112"
"171992","1004","0.9"
"171992","1005","0"
"171992","1008","109"
"171992","1003","23.72"
"171993","1003","22.49"
"171993","1004","6.32"
"171993","1005","0"
"171993","1008","153"
"171994","1003","25.73"
"171994","1004","10.12"
"171994","1005","0"
"171994","1008","201"
"171995","1004","8.63"
"171995","1005","0"
"171995","1008","190"
"171995","1003","26.32"
"171996","1003","18.56"
"171996","1004","1.95"
"171996","1005","0"
"171996","1008","97"
"171997","1004","1.56"
"171997","1005","0"
"171997","1008","119"
"171997","1003","24.54"
"171998","1003","25.44"
"171998","1004","8.13"
"171998","1005","0"
"171998","1008","182"
"171999","1004","13.38"
"171999","1005","0"
"171999","1008","231"
"171999","1003","25.72"
"172000","1003","25.82"
"172000","1004","4.83"
"172000","1005","0"
"172000","1008","154"
"172001","1003","24.58"
"172001","1004","5.28"
"172001","1005","0"
"172001","1008","153"
"172002","1004","2.97"
"172002","1005","0"
"172002","1008","119"
"172002","1003","21.49"
"172003","1003","24.87"
"172003","1004","0.9"
"172003","1005","0"
"172003","1008","114"
"172004","1004","8.47"
"172004","1005","0"
"172004","1008","190"
"172004","1003","26.63"
"172005","1003","28.21"
"172005","1004","1.29"
"172005","1005","0"
"172005","1008","132"
"172006","1003","29.15"
"172006","1004","0.59"
"172006","1005","0"
"172006","1008","130"
"172007","1004","1.24"
"172007","1005","0.95"
"172007","1008","110"
"172007","1003","22.32"
"172008","1003","23.72"
"172008","1004","1.51"
"172008","1005","0"
"172008","1008","115"
"172009","1004","1.94"
"172009","1005","3.12"
"172009","1008","143"
"172009","1003","26.41"
"172010","1003","32.48"
"172010","1004","1.4"
"172010","1005","1.64"
"172010","1008","158"
"172011","1003","14"
"172011","1004","22.53"
"172011","1005","3.76"
"172011","1008","277"
"172012","1003","10.91"
"172012","1004","26.13"
"172012","1005","4.29"
"172012","1008","299"
"172013","1003","15.2"
"172013","1004","24.59"
"172013","1005","5.49"
"172013","1008","308"
"172014","1003","5.8"
"172014","1004","0.93"
"172014","1005","30.59"
"172014","1008","157"
"172015","1003","7.11"
"172015","1004","1.75"
"172015","1005","79.45"
"172015","1008","370"
"172016","1005","77.32"
"172016","1008","367"
"172016","1003","8.89"
"172016","1004","1.43"
"172017","1005","77.32"
"172017","1008","367"
"172017","1004","1.43"
"172017","1003","8.89"
"172018","1005","76.22"
"172018","1008","366"
"172018","1003","9.71"
"172018","1004","1.48"
"172019","1005","76.22"
"172019","1008","366"
"172019","1004","1.48"
"172019","1003","9.71"
"172020","1004","1.38"
"172020","1005","72.2"
"172020","1008","362"
"172020","1003","13.07"
"172021","1005","69.88"
"172021","1008","362"
"172021","1003","15.33"
"172021","1004","1.41"
"172022","1005","69.88"
"172022","1008","362"
"172022","1004","1.41"
"172022","1003","15.33"
"172023","1003","10.75"
"172023","1004","4.25"
"172023","1005","75.12"
"172023","1008","382"
"172024","1004","1.48"
"172024","1005","30.87"
"172024","1008","156"
"172024","1003","5.67"
"172025","1003","13.2"
"172025","1004","2.55"
"172025","1005","73.3"
"172025","1008","361"
"172026","1004","1.67"
"172026","1005","32.2"
"172026","1008","138"
"172026","1003","3.46"
"172027","1003","3.23"
"172027","1004","2.07"
"172027","1005","31.11"
"172027","1008","152"
"172028","1005","21.05"
"172028","1008","312"
"172028","1004","20.77"
"172028","1003","11.13"
"172029","1005","24.44"
"172029","1008","301"
"172029","1003","12.01"
"172029","1004","17.48"
"172030","1008","342"
"172030","1003","11.85"
"172030","1004","16.3"
"172030","1005","38.75"
"172031","1005","29.99"
"172031","1008","371"
"172031","1004","24.42"
"172031","1003","9.67"
"172032","1005","25.28"
"172032","1008","338"
"172032","1003","13.28"
"172032","1004","20.67"
"172033","1003","13.64"
"172033","1004","9.66"
"172033","1005","21.67"
"172033","1008","228"
"172034","1005","17.44"
"172034","1008","286"
"172034","1003","13.38"
"172034","1004","18.1"
"172035","1004","17.74"
"172035","1003","6"
"172035","1005","41.21"
"172035","1008","340"
"172036","1003","4.09"
"172036","1004","5.13"
"172036","1005","29.18"
"172036","1008","175"
"172037","1003","7.84"
"172037","1004","18.9"
"172037","1005","27.99"
"172037","1008","308"
"172038","1003","6.48"
"172038","1004","6.22"
"172038","1005","32.92"
"172038","1008","206"
"172039","1004","6.05"
"172039","1005","31.23"
"172039","1008","205"
"172039","1003","7.35"
"172040","1003","11.93"
"172040","1004","10.89"
"172040","1005","31.22"
"172040","1008","271"
"172041","1004","12.56"
"172041","1005","29.93"
"172041","1008","280"
"172041","1003","11.73"
"172042","1003","15.29"
"172042","1004","14.1"
"172042","1005","28.64"
"172042","1008","303"
"172043","1004","15.1"
"172043","1005","28.18"
"172043","1008","298"
"172043","1003","12.33"
"172044","1003","11.25"
"172044","1004","11.18"
"172044","1005","31.86"
"172044","1008","273"
"172045","1004","12.1"
"172045","1005","31.89"
"172045","1008","283"
"172045","1003","11.52"
"172046","1004","11.1"
"172046","1003","10.33"
"172046","1005","25.72"
"172046","1008","244"
"172047","1003","13.39"
"172047","1004","9.54"
"172047","1005","31.5"
"172047","1008","265"
"172048","1004","10.5"
"172048","1005","31.01"
"172048","1008","273"
"172048","1003","13.59"
"172049","1003","12.12"
"172049","1008","243"
"172049","1004","11.35"
"172049","1005","23.1"
"172050","1004","10.22"
"172050","1005","30.1"
"172050","1008","263"
"172050","1003","12.63"
"172051","1003","13.37"
"172051","1004","12.8"
"172051","1005","34.22"
"172051","1008","306"
"172052","1004","12.63"
"172052","1005","32.11"
"172052","1008","291"
"172052","1003","12.23"
"172053","1003","11.47"
"172053","1004","13.07"
"172053","1005","31.79"
"172053","1008","291"
"172054","1004","10.95"
"172054","1005","26.01"
"172054","1008","248"
"172054","1003","11.34"
"172055","1004","10.9"
"172055","1003","11.02"
"172055","1005","25.38"
"172055","1008","244"
"172056","1003","10.77"
"172056","1004","17.73"
"172056","1005","22.04"
"172056","1008","291"
"172057","1008","318"
"172057","1003","8.41"
"172057","1005","31.25"
"172057","1004","17.76"
"172058","1003","12.03"
"172058","1004","13.19"
"172058","1005","26.19"
"172058","1008","272"
"172059","1003","8.41"
"172059","1004","17.76"
"172059","1005","31.25"
"172059","1008","312"
"172060","1004","17.73"
"172060","1005","22.04"
"172060","1008","283"
"172060","1003","10.77"
"172061","1003","4.24"
"172061","1004","4.86"
"172061","1005","26.36"
"172061","1008","162"
"172062","1004","3.95"
"172062","1005","28.09"
"172062","1003","3.19"
"172062","1008","158"
"172063","1003","11.1"
"172063","1004","15.63"
"172063","1005","22.97"
"172063","1008","277"
"172064","1003","10.16"
"172064","1004","19.37"
"172064","1005","17.5"
"172064","1008","285"
"172065","1003","15.5"
"172065","1004","16.09"
"172065","1005","18.79"
"172065","1008","282"
"172066","1004","16.22"
"172066","1005","14.43"
"172066","1008","262"
"172066","1003","16.96"
"172067","1003","12.79"
"172067","1004","11.57"
"172067","1005","21.01"
"172067","1008","234"
"172068","1003","12.59"
"172068","1004","17.83"
"172068","1005","17.28"
"172068","1008","274"
"172069","1004","18.77"
"172069","1005","22.26"
"172069","1008","304"
"172069","1003","13.45"
"172070","1003","9.62"
"172070","1004","25.4"
"172070","1005","27.2"
"172070","1008","376"
"172071","1004","22.26"
"172071","1005","19.28"
"172071","1008","311"
"172071","1003","11.27"
"172072","1008","122"
"172072","1003","8.82"
"172072","1004","6.3"
"172072","1005","6.08"
"172073","1005","4.2"
"172073","1008","61"
"172073","1003","4.14"
"172073","1004","3.64"
"172074","1003","1.03"
"172074","1004","0.19"
"172074","1005","4.3"
"172074","1008","20"
"172075","1004","1.3"
"172075","1005","20.72"
"172075","1008","105"
"172075","1003","2.73"
"172076","1003","10.35"
"172076","1004","15.78"
"172076","1005","24.79"
"172076","1008","283"
"172077","1004","17.74"
"172077","1005","41.21"
"172077","1008","349"
"172077","1003","6"
"172078","1004","19.3"
"172078","1005","29.37"
"172078","1008","302"
"172078","1003","2.8"
"172079","1005","53.38"
"172079","1008","403"
"172079","1004","17.95"
"172079","1003","7.02"
"172080","1004","15.66"
"172080","1003","13.94"
"172080","1005","13.74"
"172080","1008","252"
"172081","1004","15.8"
"172081","1005","17.73"
"172081","1008","268"
"172081","1003","13.69"
"172082","1003","15.21"
"172082","1004","14.4"
"172082","1005","19.72"
"172082","1008","269"
"172083","1004","15.63"
"172083","1003","15.5"
"172083","1005","12.62"
"172083","1008","253"
"172084","1003","11.94"
"172084","1004","14.1"
"172084","1005","21.53"
"172084","1008","261"
"172085","1003","3.97"
"172085","1004","5.66"
"172085","1005","25.55"
"172085","1008","169"
"172086","1003","6"
"172086","1004","23.71"
"172086","1005","40.95"
"172086","1008","401"
"172087","1003","0.98"
"172087","1004","11.18"
"172087","1005","14.12"
"172087","1008","161"
"172088","1004","13.01"
"172088","1005","19.31"
"172088","1008","271"
"172088","1003","19.2"
"172089","1008","90"
"172089","1003","5.05"
"172089","1004","1.01"
"172089","1005","15.24"
"172090","1003","5.89"
"172090","1004","1.96"
"172090","1005","17.99"
"172090","1008","113"
"172091","1005","12.7"
"172091","1003","4.37"
"172091","1004","2.38"
"172091","1008","90"
"172092","1003","6.5"
"172092","1004","8.8"
"172092","1005","17.7"
"172092","1008","176"
"172093","1003","7.25"
"172093","1008","220"
"172093","1004","11.39"
"172093","1005","22.05"
"172094","1003","13.5"
"172094","1004","7.23"
"172094","1005","47"
"172094","1008","307"
"172095","1003","11.76"
"172095","1004","11.52"
"172095","1005","30.76"
"172095","1008","274"
"172096","1004","13.13"
"172096","1005","24.69"
"172096","1008","274"
"172096","1003","14.38"
"172097","1003","5.8"
"172097","1004","3.47"
"172097","1005","13.1"
"172097","1008","107"
"172098","1004","7.1"
"172098","1005","6.1"
"172098","1008","118"
"172098","1003","7.53"
"172099","1003","4.37"
"172099","1004","4.11"
"172099","1005","11.45"
"172099","1008","100"
"172100","1003","2.22"
"172100","1004","0.71"
"172100","1005","13.94"
"172100","1008","71"
"172101","1003","6.81"
"172101","1004","2.23"
"172101","1005","13.5"
"172101","1008","101"
"172102","1004","11.94"
"172102","1003","8.73"
"172102","1005","38.95"
"172102","1008","298"
"172103","1003","9.94"
"172103","1004","8.18"
"172103","1005","28.49"
"172103","1008","227"
"172104","1004","4.51"
"172104","1003","10.44"
"172104","1005","28.54"
"172104","1008","197"
"172105","1004","6.97"
"172105","1005","31.77"
"172105","1008","214"
"172105","1003","5.95"
"172106","1004","6.04"
"172106","1003","6.87"
"172106","1005","14.18"
"172106","1008","139"
"172107","1003","9.32"
"172107","1004","10.23"
"172107","1005","30.68"
"172107","1008","252"
"172108","1004","6.53"
"172108","1005","32.52"
"172108","1008","230"
"172108","1003","10.28"
"172109","1003","10.49"
"172109","1004","7.7"
"172109","1005","32.28"
"172109","1008","240"
"172110","1004","3.68"
"172110","1005","10.88"
"172110","1008","100"
"172110","1003","5.85"
"172111","1004","17.31"
"172111","1005","16.09"
"172111","1008","268"
"172111","1003","12.02"
"172112","1004","15.42"
"172112","1005","16.24"
"172112","1008","261"
"172112","1003","14.36"
"172113","1003","4.52"
"172113","1004","2.61"
"172113","1005","17.31"
"172113","1008","111"
"172114","1003","7.28"
"172114","1004","4.92"
"172114","1005","15.36"
"172114","1008","135"
"172115","1003","25.4"
"172115","1004","18.57"
"172115","1008","276"
"172115","1005","0"
"172116","1004","13.27"
"172116","1008","208"
"172116","1003","20.69"
"172116","1005","0"
"172117","1003","26.21"
"172117","1004","16.75"
"172117","1008","263"
"172117","1005","0"
"172118","1008","223"
"172118","1004","15.18"
"172118","1003","20.11"
"172118","1005","0"
"172119","1004","5.71"
"172119","1003","28.79"
"172119","1005","0"
"172119","1008","174"
"172120","1003","21.96"
"172120","1004","3.24"
"172120","1008","123"
"172120","1005","0"
"172121","1004","3.91"
"172121","1003","29.24"
"172121","1005","0"
"172121","1008","160"
"172122","1003","20.51"
"172122","1004","6.36"
"172122","1005","0"
"172122","1008","145"
"172123","1004","5.51"
"172123","1003","21.13"
"172123","1005","0"
"172123","1008","140"
"172124","1003","26.66"
"172124","1004","6.94"
"172124","1005","0"
"172124","1008","176"
"172125","1004","11.33"
"172125","1003","18.75"
"172125","1005","0"
"172125","1008","182"
"172126","1003","24.7"
"172126","1004","13.59"
"172126","1005","0"
"172126","1008","228"
"172127","1003","26.61"
"172127","1004","5.32"
"172127","1005","0"
"172127","1008","162"
"172128","1004","6.59"
"172128","1003","21.24"
"172128","1005","0"
"172128","1008","150"
"172129","1003","27.22"
"172129","1004","8.3"
"172129","1005","0"
"172129","1008","191"
"172130","1004","3.83"
"172130","1003","22.15"
"172130","1005","0"
"172130","1008","129"
"172131","1003","29.08"
"172131","1004","4.84"
"172131","1005","0"
"172131","1008","168"
"172132","1004","5.88"
"172132","1003","20.67"
"172132","1008","141"
"172132","1005","0"
"172133","1003","26.3"
"172133","1004","7.66"
"172133","1008","182"
"172133","1005","0.12"
"172134","1004","10.52"
"172134","1005","0"
"172134","1008","176"
"172134","1003","18.99"
"172135","1003","27.52"
"172135","1004","7.1"
"172135","1005","0"
"172135","1008","182"
"172136","1004","6.43"
"172136","1008","172"
"172136","1003","26.45"
"172136","1005","0.33"
"172137","1003","20.89"
"172137","1004","9.76"
"172137","1005","0"
"172137","1008","171"
"172138","1004","11.16"
"172138","1005","0"
"172138","1008","223"
"172138","1003","30.64"
"172139","1003","21.61"
"172139","1004","7.41"
"172139","1005","0"
"172139","1008","153"
"172140","1004","19.01"
"172140","1005","0"
"172140","1008","282"
"172140","1003","27.68"
"172141","1003","19.14"
"172141","1004","13.44"
"172141","1005","0.23"
"172141","1008","198"
"172142","1004","10.37"
"172142","1005","0"
"172142","1008","206"
"172142","1003","28.11"
"172143","1003","21.85"
"172143","1004","7.41"
"172143","1005","0"
"172143","1008","154"
"172144","1004","11.75"
"172144","1005","0"
"172144","1008","215"
"172144","1003","27.39"
"172145","1003","19.11"
"172145","1004","17.91"
"172145","1005","0.46"
"172145","1008","239"
"172146","1004","21.72"
"172146","1005","0"
"172146","1008","306"
"172146","1003","27.75"
"172147","1003","18.72"
"172147","1004","19.36"
"172147","1005","0.64"
"172147","1008","252"
"172148","1004","18.84"
"172148","1005","0"
"172148","1008","287"
"172148","1003","29.28"
"172149","1004","21.85"
"172149","1005","0"
"172149","1008","290"
"172149","1003","23.36"
"172150","1003","23.47"
"172150","1004","22.91"
"172150","1005","0"
"172150","1008","300"
"172151","1004","20.31"
"172151","1005","0"
"172151","1008","255"
"172151","1003","18.13"
"172152","1003","17.92"
"172152","1004","20.96"
"172152","1005","0"
"172152","1008","260"
"172153","1004","21.66"
"172153","1005","0"
"172153","1008","292"
"172153","1003","24.3"
"172154","1003","23.92"
"172154","1004","22.98"
"172154","1005","0"
"172154","1008","303"
"172155","1004","19.68"
"172155","1005","0"
"172155","1008","277"
"172155","1003","24.85"
"172156","1003","18.85"
"172156","1004","18.73"
"172156","1005","0"
"172156","1008","244"
"172157","1004","12.54"
"172157","1005","0"
"172157","1008","233"
"172157","1003","30.06"
"172158","1003","20.38"
"172158","1004","11.71"
"172158","1005","0"
"172158","1008","187"
"172159","1004","12.78"
"172159","1005","0"
"172159","1008","195"
"172159","1003","20.06"
"172160","1003","20.87"
"172160","1004","10.11"
"172160","1005","0"
"172160","1008","174"
"172161","1004","14.53"
"172161","1005","0.62"
"172161","1003","25.07"
"172161","1008","240"
"172162","1004","18.44"
"172162","1005","0.35"
"172162","1008","238"
"172162","1003","17.69"
"172163","1003","18.43"
"172163","1004","16.31"
"172163","1005","0.36"
"172163","1008","222"
"172164","1004","19.02"
"172164","1005","0"
"172164","1008","271"
"172164","1003","24.85"
"172165","1003","23.89"
"172165","1004","21.1"
"172165","1005","0"
"172165","1008","285"
"172166","1004","29.21"
"172166","1005","0"
"172166","1008","360"
"172166","1003","24.23"
"172167","1003","23.34"
"172167","1004","30.95"
"172167","1005","0"
"172167","1008","372"
"172168","1004","26.59"
"172168","1005","0"
"172168","1008","341"
"172168","1003","25.56"
"172169","1003","16.15"
"172169","1004","28.42"
"172169","1005","0.78"
"172169","1008","324"
"172170","1003","28.26"
"172170","1004","7.23"
"172170","1005","0.73"
"172170","1008","181"
"172171","1004","7.96"
"172171","1005","1.07"
"172171","1008","189"
"172171","1003","28.19"
"172172","1003","28.36"
"172172","1004","6.14"
"172172","1005","0.22"
"172172","1008","170"
"172173","1005","0"
"172173","1008","134"
"172173","1004","5.36"
"172173","1003","21.38"
"172174","1005","0"
"172174","1003","21.34"
"172174","1004","5.82"
"172174","1008","138"
"172175","1008","353"
"172175","1003","21.4"
"172175","1004","28.74"
"172175","1005","2.34"
"172176","1008","371"
"172176","1004","29.68"
"172176","1005","2.79"
"172176","1003","23.24"
"172177","1008","334"
"172177","1003","20.75"
"172177","1004","27.68"
"172177","1005","0.45"
"172178","1008","300"
"172178","1004","24.26"
"172178","1005","0.46"
"172178","1003","19.8"
"172179","1005","3.38"
"172179","1008","98"
"172179","1003","11.12"
"172179","1004","4.3"
"172180","1004","3.85"
"172180","1005","4.61"
"172180","1003","10.69"
"172180","1008","97"
"172181","1004","0.29"
"172181","1005","6.66"
"172181","1008","72"
"172181","1003","10.34"
"172182","1004","2.27"
"172182","1005","4.76"
"172182","1008","81"
"172182","1003","10.45"
"172183","1003","10.9"
"172183","1004","0.17"
"172183","1008","52"
"172183","1005","0.73"
"172184","1004","26.54"
"172184","1003","15.86"
"172184","1005","3.59"
"172184","1008","322"
"172185","1003","10.57"
"172185","1004","11.66"
"172185","1005","0.64"
"172185","1008","154"
"172186","1008","143"
"172186","1004","9.47"
"172186","1005","0.71"
"172186","1003","12.51"
"172187","1003","9.99"
"172187","1004","10.98"
"172187","1005","1.61"
"172187","1008","149"
"172188","1003","48.05"
"172188","1004","43.9"
"172188","1005","1.13"
"172188","1008","592"
"172189","1003","12.81"
"172189","1004","13.77"
"172189","1005","1.45"
"172189","1008","185"
"172190","1004","13.27"
"172190","1005","1.35"
"172190","1008","185"
"172190","1003","13.87"
"172191","1003","13.05"
"172191","1004","11.09"
"172191","1005","0.41"
"172191","1008","158"
"172192","1004","11.88"
"172192","1005","1.15"
"172192","1008","171"
"172192","1003","13.68"
"172193","1004","1.98"
"172193","1005","5.49"
"172193","1008","56"
"172193","1003","3.95"
"172194","1008","134"
"172194","1003","6.81"
"172194","1004","7.56"
"172194","1005","10.04"
"172195","1004","0.77"
"172195","1005","51.98"
"172195","1008","362"
"172195","1003","36.16"
"172196","1008","358"
"172196","1003","35.1"
"172196","1004","0.72"
"172196","1005","52.19"
"172197","1004","35.59"
"172197","1005","2.17"
"172197","1008","452"
"172197","1003","30.52"
"172198","1003","11.47"
"172198","1004","12.22"
"172198","1005","23.67"
"172198","1008","248"
"172199","1004","1.69"
"172199","1005","11.84"
"172199","1008","93"
"172199","1003","7.64"
"172200","1008","197"
"172200","1004","14.92"
"172200","1005","5.48"
"172200","1003","10.33"
"172201","1008","373"
"172201","1003","21.44"
"172201","1004","29.98"
"172201","1005","4.63"
"172202","1003","12.33"
"172202","1004","9.95"
"172202","1005","1.01"
"172202","1008","147"
"172203","1004","0"
"172203","1005","1.04"
"172203","1008","48"
"172203","1003","10.2"
"172204","1003","81.1"
"172204","1004","0"
"172204","1005","7.8"
"172204","1008","382"
"172205","1005","4.8"
"172205","1008","50"
"172205","1004","1.98"
"172205","1003","3.3"
"172206","1004","5"
"172206","1005","40"
"172206","1008","370"
"172206","1003","40"
"172207","1003","15.69"
"172207","1004","1"
"172207","1005","7.66"
"172207","1008","105"
"172208","1008","112"
"172208","1003","3.53"
"172208","1004","0"
"172208","1005","23.53"
"172209","1004","21"
"172209","1005","9.2"
"172209","1008","276"
"172209","1003","12"
"172210","1003","4.5"
"172210","1004","12"
"172210","1005","6.5"
"172210","1008","152"
"172211","1004","1.3"
"172211","1005","15.1"
"172211","1008","91"
"172211","1003","4.7"
"172212","1003","2.6"
"172212","1004","1.4"
"172212","1005","9"
"172212","1008","59"
"172213","1004","5"
"172213","1005","25"
"172213","1008","149"
"172213","1003","3"
"172214","1003","0.68"
"172214","1004","21.47"
"172214","1005","75.42"
"172214","1008","482"
"172215","1004","17.6"
"172215","1005","3.5"
"172215","1003","24.7"
"172215","1008","274"
"172216","1005","3.41"
"172216","1003","24.69"
"172216","1004","19.4"
"172216","1008","282"
"172217","1005","4.78"
"172217","1008","61"
"172217","1004","3.27"
"172217","1003","3.15"
"172218","1003","4.86"
"172218","1004","1.41"
"172218","1005","18.6"
"172218","1008","105"
"172219","1008","85"
"172219","1004","1.25"
"172219","1005","13.8"
"172219","1003","4.93"
"172220","1004","0.18"
"172220","1005","7.5"
"172220","1003","3.86"
"172220","1008","43"
"172221","1008","112"
"172221","1004","0"
"172221","1005","23.53"
"172221","1003","3.53"
"172222","1003","24.51"
"172222","1004","24.35"
"172222","1005","2.04"
"172222","1008","325"
"172223","1004","23.82"
"172223","1005","2.98"
"172223","1008","299"
"172223","1003","18.09"
"172224","1003","20.38"
"172224","1004","24.31"
"172224","1005","2.53"
"172224","1008","310"
"172225","1003","3.21"
"172225","1004","3.31"
"172225","1005","4.88"
"172225","1008","62"
"172226","1004","8.57"
"172226","1005","37.14"
"172226","1008","237"
"172226","1003","4.29"
"172227","1003","3.7"
"172227","1004","7.4"
"172227","1005","39.6"
"172227","1008","240"
"172228","1004","21.88"
"172228","1005","34.38"
"172228","1008","354"
"172228","1003","5.21"
"172229","1003","4.29"
"172229","1004","3.04"
"172229","1005","39.64"
"172229","1008","186"
"172230","1004","2.86"
"172230","1005","42.86"
"172230","1008","200"
"172230","1003","5.71"
"172231","1004","3.25"
"172231","1005","67.14"
"172231","1008","312"
"172231","1003","9.68"
"172232","1004","0.64"
"172232","1005","2.65"
"172232","1008","23"
"172232","1003","3.15"
"172233","1004","1.12"
"172233","1005","7.02"
"172233","1008","43"
"172233","1003","3.46"
"172234","1003","3.74"
"172234","1004","3.34"
"172234","1005","5.83"
"172234","1008","60"
"172235","1003","0.05"
"172235","1004","0"
"172235","1005","2.41"
"172235","1008","237"
"172236","1004","0"
"172236","1005","14.4"
"172236","1008","56"
"172236","1003","0.03"
"172237","1004","0"
"172237","1003","0"
"172237","1005","0.04"
"172237","1008","18"
"172238","1004","0.86"
"172238","1005","4.89"
"172238","1003","2.36"
"172238","1008","23"
"172239","1003","19.93"
"172239","1004","6.03"
"172239","1005","52.04"
"172239","1008","285"
"172240","1004","0"
"172240","1005","0.27"
"172240","1008","19"
"172240","1003","0.04"
"172241","1003","0.49"
"172241","1004","0"
"172241","1005","17.03"
"172241","1008","88"
"172242","1003","0"
"172242","1004","0"
"172242","1005","0"
"172242","1008","0"
"172243","1004","0"
"172243","1005","58"
"172243","1008","322"
"172243","1003","4.5"
"172244","1003","12.03"
"172244","1004","2.52"
"172244","1005","2.43"
"172244","1008","81"
"172245","1004","2.45"
"172245","1005","1.51"
"172245","1008","81"
"172245","1003","13.12"
"172246","1008","124"
"172246","1005","0"
"172246","1003","14"
"172246","1004","7.1"
"172247","1003","11.3"
"172247","1004","3.8"
"172247","1005","3.7"
"172247","1008","97"
"172248","1005","0"
"172248","1008","146"
"172248","1003","14"
"172248","1004","9.6"
"172249","1004","14.4"
"172249","1005","1.5"
"172249","1008","188"
"172249","1003","14.6"
"172250","1003","11.5"
"172250","1004","6.2"
"172250","1005","1.4"
"172250","1008","111"
"172251","1004","6.2"
"172251","1005","1.4"
"172251","1008","111"
"172251","1003","11.5"
"172252","1008","344"
"172252","1003","6.19"
"172252","1004","2.3"
"172252","1005","85.79"
"172253","1004","0"
"172253","1005","0"
"172253","1008","0"
"172253","1003","0"
"172254","1008","48"
"172254","1003","0.47"
"172254","1004","0"
"172254","1005","12.88"
"172255","1008","46"
"172255","1004","0.14"
"172255","1005","12.22"
"172255","1003","0.31"
"172256","1004","0.9"
"172256","1005","7.7"
"172256","1008","48"
"172256","1003","2"
"172257","1003","3.6"
"172257","1004","2.2"
"172257","1005","16.3"
"172257","1008","99"
"172258","1004","2.26"
"172258","1005","8.18"
"172258","1008","63"
"172258","1003","2.44"
"172259","1003","3.5"
"172259","1004","2.6"
"172259","1005","11.2"
"172259","1008","82"
"172260","1004","2.9"
"172260","1005","8.8"
"172260","1008","82"
"172260","1003","5"
"172261","1003","2.03"
"172261","1004","6.93"
"172261","1005","6.36"
"172261","1008","96"
"172262","1004","1.7"
"172262","1005","7.1"
"172262","1008","51"
"172262","1003","2.1"
"172263","1003","3.53"
"172263","1004","3.22"
"172263","1005","7.81"
"172263","1008","74"
"172264","1003","3.53"
"172264","1004","3.23"
"172264","1005","7.8"
"172264","1008","74"
"172265","1004","2.2"
"172265","1005","9.1"
"172265","1008","64"
"172265","1003","1.7"
"172266","1004","2.1"
"172266","1005","8.4"
"172266","1008","60"
"172266","1003","1.7"
"172267","1003","1.2"
"172267","1004","1.2"
"172267","1005","6.8"
"172267","1008","44"
"172268","1004","1.5"
"172268","1005","7.6"
"172268","1008","52"
"172268","1003","1.8"
"172269","1004","1.24"
"172269","1005","7.94"
"172269","1008","52"
"172269","1003","2.27"
"172270","1003","2.6"
"172270","1004","2"
"172270","1005","8.2"
"172270","1008","61"
"172271","1004","0.17"
"172271","1005","6.29"
"172271","1008","27"
"172271","1003","1.2"
"172272","1005","5.8"
"172272","1008","24"
"172272","1003","1.2"
"172272","1004","0.1"
"172273","1004","0.2"
"172273","1005","5.7"
"172273","1003","1.2"
"172273","1008","29"
"172274","1004","0.2"
"172274","1005","5.73"
"172274","1008","28"
"172274","1003","0.81"
"172275","1003","0.81"
"172275","1004","0.2"
"172275","1005","5.73"
"172275","1008","24"
"172276","1008","57"
"172276","1003","1.1"
"172276","1004","0.1"
"172276","1005","13.2"
"172277","1005","14"
"172277","1008","60"
"172277","1004","0.1"
"172277","1003","1.1"
"172278","1004","0"
"172278","1005","10.3"
"172278","1008","37"
"172278","1003","0"
"172279","1008","60"
"172279","1003","0.3"
"172279","1004","0"
"172279","1005","16.3"
"172280","1004","0.4"
"172280","1005","14.1"
"172280","1008","57"
"172280","1003","1.4"
"172281","1004","0.11"
"172281","1005","7.88"
"172281","1008","34"
"172281","1003","1.01"
"172282","1004","0.2"
"172282","1005","17.8"
"172282","1008","67"
"172282","1003","0.4"
"172283","1008","36"
"172283","1003","1.4"
"172283","1004","0.4"
"172283","1005","8.2"
"172284","1008","32"
"172284","1004","0.2"
"172284","1005","6.8"
"172284","1003","2.3"
"172285","1004","0.3"
"172285","1005","12.7"
"172285","1008","57"
"172285","1003","1.1"
"172286","1003","3.8"
"172286","1004","1.6"
"172286","1005","7.5"
"172286","1008","60"
"172287","1008","65"
"172287","1004","1.38"
"172287","1003","2.16"
"172287","1005","10.88"
"172288","1004","2.48"
"172288","1005","6.34"
"172288","1008","62"
"172288","1003","3.59"
"172289","1003","2.8"
"172289","1004","3.9"
"172289","1005","8.66"
"172289","1008","81"
"172290","1004","4.8"
"172290","1005","11.13"
"172290","1008","101"
"172290","1003","3.2"
"172291","1003","11.7"
"172291","1004","27"
"172291","1005","55.8"
"172291","1008","513"
"172292","1004","27"
"172292","1005","55.9"
"172292","1008","513"
"172292","1003","11.7"
"172293","1003","2.2"
"172293","1004","4.4"
"172293","1005","5.95"
"172293","1008","72"
"172294","1003","13.9"
"172294","1004","26"
"172294","1005","55.68"
"172294","1008","512"
"172295","1005","7.6"
"172295","1008","68"
"172295","1004","3.5"
"172295","1003","1.51"
"172296","1004","3.26"
"172296","1005","9.94"
"172296","1008","84"
"172296","1003","3.73"
"172297","1004","3.46"
"172297","1005","10"
"172297","1008","86"
"172297","1003","3.82"
"172298","1003","5"
"172298","1004","3.9"
"172298","1005","15.3"
"172298","1008","115"
"172299","1003","3.45"
"172299","1004","3.38"
"172299","1005","10.31"
"172299","1008","85"
"172300","1004","3.3"
"172300","1005","17.1"
"172300","1008","115"
"172300","1003","3.9"
"172301","1003","10.8"
"172301","1004","27"
"172301","1005","56.2"
"172301","1008","520"
"172302","1004","27"
"172302","1005","56.2"
"172302","1008","511"
"172302","1003","10.8"
"172303","1003","1.31"
"172303","1004","3.5"
"172303","1005","7.86"
"172303","1008","68"
"172304","1003","1.38"
"172304","1004","3.5"
"172304","1005","7.1"
"172304","1008","64"
"172305","1003","1.38"
"172305","1004","3.5"
"172305","1008","64"
"172305","1005","7.18"
"172306","1004","3.5"
"172306","1005","7.86"
"172306","1008","68"
"172306","1003","1.31"
"172307","1003","11.4"
"172307","1004","28.71"
"172307","1005","54.94"
"172307","1008","524"
"172308","1003","14.1"
"172308","1004","27"
"172308","1005","53.6"
"172308","1008","514"
"172309","1004","3.5"
"172309","1003","1.83"
"172309","1005","7.21"
"172309","1008","68"
"172310","1003","1.8"
"172310","1004","3.63"
"172310","1005","6.77"
"172310","1008","66"
"172311","1004","26"
"172311","1005","53.8"
"172311","1008","505"
"172311","1003","13.9"
"172312","1008","127"
"172312","1004","6.89"
"172312","1003","2.64"
"172312","1005","13.76"
"172313","1003","2.86"
"172313","1004","4.77"
"172313","1008","99"
"172313","1005","11.15"
"172314","1004","21"
"172314","1005","57.1"
"172314","1008","480"
"172314","1003","15.6"
"172315","1005","8.09"
"172315","1008","67"
"172315","1003","2.14"
"172315","1004","2.91"
"172316","1003","12.5"
"172316","1004","25.6"
"172316","1005","55.6"
"172316","1008","503"
"172317","1004","0.28"
"172317","1005","15.23"
"172317","1008","68"
"172317","1003","1.26"
"172318","1004","3.63"
"172318","1003","1.8"
"172318","1005","6.77"
"172318","1008","67"
"172319","1003","1.4"
"172319","1004","3.5"
"172319","1005","6.39"
"172319","1008","63"
"172320","1008","130"
"172320","1004","7"
"172320","1003","2.9"
"172320","1005","13.9"
"172321","1004","3.3"
"172321","1005","8.73"
"172321","1008","71"
"172321","1003","1.64"
"172322","1003","12.4"
"172322","1004","25"
"172322","1005","57.4"
"172322","1008","504"
"172323","1004","3.77"
"172323","1003","1.92"
"172323","1008","69"
"172323","1005","6.94"
"172324","1003","14.42"
"172324","1004","28.33"
"172324","1005","51.75"
"172324","1008","520"
"172325","1004","3.74"
"172325","1003","1.48"
"172325","1005","7.4"
"172325","1008","68"
"172326","1004","6.89"
"172326","1005","13.52"
"172326","1008","127"
"172326","1003","2.64"
"172327","1003","0"
"172327","1004","100"
"172327","1005","0"
"172327","1008","900"
"172328","1004","100"
"172328","1005","0"
"172328","1008","884"
"172328","1003","0"
"172329","1003","0"
"172329","1004","100"
"172329","1005","0"
"172329","1008","884"
"172330","1005","0"
"172330","1008","884"
"172330","1003","0"
"172330","1004","100"
"172331","1003","0"
"172331","1004","100"
"172331","1005","0"
"172331","1008","884"
"172332","1004","100"
"172332","1005","0"
"172332","1008","884"
"172332","1003","0"
"172333","1003","0"
"172333","1005","0"
"172333","1008","884"
"172333","1004","100"
"172334","1004","100"
"172334","1005","0"
"172334","1008","884"
"172334","1003","0"
"172335","1003","0"
"172335","1004","100"
"172335","1005","0"
"172335","1008","884"
"172336","1004","100"
"172336","1003","0"
"172336","1005","0"
"172336","1008","884"
"172337","1003","0"
"172337","1004","100"
"172337","1005","0"
"172337","1008","884"
"172338","1004","100"
"172338","1005","0"
"172338","1008","884"
"172338","1003","0"
"172339","1005","0.77"
"172339","1004","80.32"
"172339","1003","0.31"
"172339","1008","727"
"172340","1003","0"
"172340","1004","100"
"172340","1005","0"
"172340","1008","902"
"172341","1004","100"
"172341","1005","0"
"172341","1008","902"
"172341","1003","0"
"172342","1003","0"
"172342","1004","100"
"172342","1005","0"
"172342","1008","902"
"172343","1004","100"
"172343","1005","0"
"172343","1008","902"
"172343","1003","0"
"172344","1003","3.3"
"172344","1004","55.1"
"172344","1005","0"
"172344","1008","499"
"172345","1004","99.5"
"172345","1005","0"
"172345","1008","897"
"172345","1003","0"
"172346","1004","80.71"
"172346","1003","0.16"
"172346","1005","0.7"
"172346","1008","717"
"172347","1003","0.22"
"172347","1004","80.17"
"172347","1005","0.75"
"172347","1008","713"
"172348","1004","60.39"
"172348","1005","0.69"
"172348","1003","0.12"
"172348","1008","537"
"172349","1004","80.17"
"172349","1005","0.75"
"172349","1008","713"
"172349","1003","0.22"
"172350","1003","0.17"
"172350","1004","59.81"
"172350","1005","0.86"
"172350","1008","533"
"172351","1004","3"
"172351","1005","2.5"
"172351","1008","43"
"172351","1003","1.5"
"172352","1003","0.3"
"172352","1004","70"
"172352","1005","0.5"
"172352","1008","630"
"172353","1003","0.1"
"172353","1004","3.04"
"172353","1005","4.34"
"172353","1008","44"
"172354","1005","0.4"
"172354","1003","0"
"172354","1004","19.5"
"172354","1008","175"
"172355","1004","19.5"
"172355","1005","0.4"
"172355","1008","175"
"172355","1003","0"
"172356","1004","1.45"
"172356","1005","29.27"
"172356","1008","132"
"172356","1003","0.55"
"172357","1003","0"
"172357","1004","100"
"172357","1005","0"
"172357","1008","884"
"172358","1004","100"
"172358","1005","0"
"172358","1003","0"
"172358","1008","884"
"172359","1003","0"
"172359","1004","100"
"172359","1008","884"
"172359","1005","0"
"172360","1004","100"
"172360","1003","0"
"172360","1005","0"
"172360","1008","884"
"172361","1003","0"
"172361","1004","100"
"172361","1005","0"
"172361","1008","884"
"172362","1004","100"
"172362","1005","0"
"172362","1003","0"
"172362","1008","884"
"172363","1003","0"
"172363","1004","100"
"172363","1005","0"
"172363","1008","884"
"172364","1004","100"
"172364","1005","0"
"172364","1008","884"
"172364","1003","0"
"172365","1003","0"
"172365","1004","100"
"172365","1005","0"
"172365","1008","884"
"172366","1004","100"
"172366","1005","0"
"172366","1008","884"
"172366","1003","0"
"172367","1003","0"
"172367","1004","99.5"
"172367","1005","0"
"172367","1008","880"
"172368","1004","99.5"
"172368","1005","0"
"172368","1008","880"
"172368","1003","0"
"172369","1003","0.18"
"172369","1005","0.71"
"172369","1004","80"
"172369","1008","714"
"172370","1003","0"
"172370","1004","100"
"172370","1005","0"
"172370","1008","884"
"172371","1003","0.14"
"172371","1004","64.63"
"172371","1005","0.14"
"172371","1008","583"
"172372","1004","36.41"
"172372","1005","1.98"
"172372","1008","337"
"172372","1003","0.02"
"172373","1004","9.2"
"172373","1008","161"
"172373","1003","18.08"
"172373","1005","0.11"
"172374","1004","15.75"
"172374","1005","8.28"
"172374","1008","268"
"172374","1003","21.95"
"172375","1004","8.08"
"172375","1005","0"
"172375","1008","195"
"172375","1003","28.62"
"172376","1003","24.24"
"172376","1004","5.7"
"172376","1008","155"
"172376","1005","0"
"172377","1004","5.71"
"172377","1005","0"
"172377","1008","169"
"172377","1003","27.5"
"172378","1003","16.37"
"172378","1004","15.95"
"172378","1005","0.17"
"172378","1008","214"
"172379","1003","28.38"
"172379","1004","9.32"
"172379","1005","0.65"
"172379","1008","208"
"172380","1004","7.8"
"172380","1005","0"
"172380","1008","174"
"172380","1003","24.22"
"172381","1003","26.26"
"172381","1004","8.06"
"172381","1005","0"
"172381","1008","185"
"172382","1004","26.24"
"172382","1005","0"
"172382","1008","297"
"172382","1003","14.07"
"172383","1003","26.87"
"172383","1004","11.88"
"172383","1005","1.77"
"172383","1008","229"
"172384","1004","8.18"
"172384","1005","0"
"172384","1008","179"
"172384","1003","24.56"
"172385","1008","221"
"172385","1003","16.52"
"172385","1004","16.61"
"172385","1005","0.25"
"172386","1003","21.61"
"172386","1004","16.53"
"172386","1005","9.08"
"172386","1008","277"
"172387","1003","28.18"
"172387","1004","10.3"
"172387","1005","1.18"
"172387","1008","218"
"172388","1003","24.76"
"172388","1004","8.15"
"172388","1008","179"
"172388","1005","0"
"172389","1003","25"
"172389","1004","9.79"
"172389","1005","0"
"172389","1008","195"
"172390","1003","17.52"
"172390","1008","191"
"172390","1005","0"
"172390","1004","12.85"
"172391","1004","9.15"
"172391","1005","0"
"172391","1008","211"
"172391","1003","30.15"
"172392","1003","30.46"
"172392","1004","8.13"
"172392","1005","0"
"172392","1008","203"
"172393","1008","181"
"172393","1004","7.18"
"172393","1005","0"
"172393","1003","27.18"
"172394","1003","17.09"
"172394","1004","15.46"
"172394","1005","0.09"
"172394","1008","213"
"172395","1003","25.01"
"172395","1004","6.63"
"172395","1005","0"
"172395","1008","167"
"172396","1004","5.04"
"172396","1005","1.14"
"172396","1008","127"
"172396","1003","18.14"
"172397","1003","26.77"
"172397","1004","5.22"
"172397","1005","0.86"
"172397","1008","165"
"172398","1004","1.63"
"172398","1005","0"
"172398","1008","109"
"172398","1003","22.2"
"172399","1005","0"
"172399","1008","214"
"172399","1003","24.88"
"172399","1004","11.91"
"172400","1003","17.55"
"172400","1004","20.33"
"172400","1005","0"
"172400","1008","258"
"172401","1004","18.87"
"172401","1005","0"
"172401","1008","285"
"172401","1003","26.88"
"172402","1003","21.26"
"172402","1004","6.32"
"172402","1005","0"
"172402","1008","148"
"172403","1004","11.89"
"172403","1005","0"
"172403","1008","237"
"172403","1003","30.42"
"172404","1003","19.7"
"172404","1004","8.12"
"172404","1005","0"
"172404","1008","157"
"172405","1004","15.28"
"172405","1005","0"
"172405","1008","258"
"172405","1003","28.14"
"172406","1003","18.51"
"172406","1004","16.9"
"172406","1005","0.08"
"172406","1008","232"
"172407","1004","11.67"
"172407","1005","0.04"
"172407","1008","226"
"172407","1003","28.35"
"172408","1003","11.49"
"172408","1004","39.34"
"172408","1005","0"
"172408","1008","404"
"172409","1004","28.35"
"172409","1005","0"
"172409","1008","337"
"172409","1003","18.99"
"172410","1005","0.94"
"172410","1008","135"
"172410","1003","18.28"
"172410","1004","5.95"
"172411","1004","11.2"
"172411","1005","0"
"172411","1008","201"
"172411","1003","23.48"
"172412","1003","25.16"
"172412","1004","21.92"
"172412","1005","0"
"172412","1008","305"
"172413","1004","7.13"
"172413","1005","0"
"172413","1008","161"
"172413","1003","22.75"
"172414","1003","28.97"
"172414","1004","12.67"
"172414","1005","0"
"172414","1008","238"
"172415","1004","4.28"
"172415","1005","6.32"
"172415","1008","133"
"172415","1003","16.37"
"172416","1003","23.4"
"172416","1004","6.45"
"172416","1005","0"
"172416","1008","158"
"172417","1004","4.3"
"172417","1005","0"
"172417","1008","134"
"172417","1003","22.2"
"172418","1003","19.63"
"172418","1004","12.05"
"172418","1005","0"
"172418","1008","192"
"172419","1004","4.53"
"172419","1005","0"
"172419","1008","134"
"172419","1003","21.76"
"172420","1004","1.06"
"172420","1003","24.63"
"172420","1005","63.35"
"172420","1008","352"
"172421","1005","20.13"
"172421","1008","116"
"172421","1003","9.02"
"172421","1004","0.38"
"172422","1004","0.38"
"172422","1005","23.31"
"172422","1008","126"
"172422","1003","8.04"
"172423","1005","40.37"
"172423","1003","36.17"
"172423","1004","9.74"
"172423","1008","371"
"172424","1008","119"
"172424","1004","2.92"
"172424","1005","9.88"
"172424","1003","15.57"
"172425","1003","22.94"
"172425","1004","1.61"
"172425","1005","61.52"
"172425","1008","343"
"172426","1004","0.55"
"172426","1005","20.96"
"172426","1008","117"
"172426","1003","7.81"
"172427","1005","18.34"
"172427","1008","105"
"172427","1003","7.54"
"172427","1004","0.55"
"172428","1003","23.12"
"172428","1004","3.89"
"172428","1005","61.63"
"172428","1008","364"
"172429","1005","21.1"
"172429","1008","118"
"172429","1003","8.34"
"172429","1004","0.39"
"172430","1003","25.8"
"172430","1004","49.24"
"172430","1005","16.13"
"172430","1008","567"
"172431","1004","49.04"
"172431","1005","17.45"
"172431","1008","579"
"172431","1003","28.01"
"172432","1003","25.09"
"172432","1004","47.58"
"172432","1005","20.91"
"172432","1008","570"
"172433","1004","51.24"
"172433","1005","16.3"
"172433","1008","589"
"172433","1003","27.04"
"172434","1003","25.19"
"172434","1004","48.75"
"172434","1005","16.54"
"172434","1008","563"
"172435","1005","31.27"
"172435","1008","428"
"172435","1004","21.9"
"172435","1003","33.8"
"172436","1003","21.7"
"172436","1004","1.49"
"172436","1005","62.78"
"172436","1008","343"
"172437","1004","0.38"
"172437","1005","23.25"
"172437","1008","121"
"172437","1003","6.76"
"172438","1004","2.01"
"172438","1005","13.55"
"172438","1008","90"
"172438","1003","4.98"
"172439","1003","11.69"
"172439","1005","5.31"
"172439","1008","309"
"172439","1004","29.52"
"172440","1003","38.55"
"172440","1005","30.22"
"172440","1008","469"
"172440","1004","25.4"
"172441","1005","28.98"
"172441","1008","449"
"172441","1003","43.32"
"172441","1004","21.62"
"172442","1003","12.79"
"172442","1005","25.37"
"172442","1008","198"
"172442","1004","6.01"
"172443","1005","12.68"
"172443","1008","211"
"172443","1003","19.4"
"172443","1004","11"
"172444","1004","8.9"
"172444","1003","49.81"
"172444","1005","30.63"
"172444","1008","372"
"172445","1005","35.89"
"172445","1008","337"
"172445","1003","49.2"
"172445","1004","2.39"
"172446","1004","1.75"
"172446","1005","6.28"
"172446","1008","54"
"172446","1003","3.27"
"172447","1003","63.63"
"172447","1005","25.41"
"172447","1008","328"
"172447","1004","0.46"
"172448","1003","9.04"
"172448","1005","2.85"
"172448","1008","78"
"172448","1004","4.17"
"172449","1008","61"
"172449","1005","1.18"
"172449","1003","7.17"
"172449","1004","3.69"
"172450","1003","52.47"
"172450","1005","10.03"
"172450","1008","477"
"172450","1004","30.34"
"172451","1005","8.86"
"172451","1008","270"
"172451","1003","18.82"
"172451","1004","20.18"
"172452","1003","3.52"
"172452","1005","12.23"
"172452","1008","76"
"172452","1004","1.73"
"172453","1004","5.84"
"172453","1005","14.94"
"172453","1008","147"
"172453","1003","10.62"
"172454","1004","8.59"
"172454","1003","4.86"
"172454","1005","20.12"
"172454","1008","177"
"172455","1003","13.31"
"172455","1004","17.8"
"172455","1005","31.84"
"172455","1008","333"
"172456","1003","2.6"
"172456","1004","1.47"
"172456","1005","4.92"
"172456","1008","43"
"172457","1005","14.23"
"172457","1008","650"
"172457","1003","24.8"
"172457","1004","54.89"
"172458","1004","34"
"172458","1005","35.65"
"172458","1008","520"
"172458","1003","25.9"
"172459","1003","25.72"
"172459","1004","50.81"
"172459","1005","18.75"
"172459","1008","591"
"172460","1004","51.47"
"172460","1003","26.06"
"172460","1005","17.69"
"172460","1008","593"
"172461","1003","6.9"
"172461","1004","2.7"
"172461","1005","2.4"
"172461","1008","62"
"172462","1004","1.9"
"172462","1005","2"
"172462","1008","55"
"172462","1003","7.4"
"172463","1003","6.3"
"172463","1004","0.8"
"172463","1005","1.1"
"172463","1008","37"
"172464","1004","0.7"
"172464","1005","1"
"172464","1008","38"
"172464","1003","7"
"172465","1003","5.34"
"172465","1004","0.45"
"172465","1005","13.5"
"172465","1008","79"
"172466","1005","15.47"
"172466","1008","144"
"172466","1004","6.93"
"172466","1003","5"
"172467","1003","19.91"
"172467","1005","7.62"
"172467","1008","195"
"172467","1004","11.38"
"172468","1003","8.3"
"172468","1004","1.7"
"172468","1008","54"
"172468","1005","1.3"
"172469","1003","24.06"
"172469","1004","49.94"
"172469","1005","21.57"
"172469","1008","589"
"172470","1003","22.21"
"172470","1004","51.36"
"172470","1005","22.31"
"172470","1008","598"
"172471","1003","24.47"
"172471","1004","54.17"
"172471","1005","17"
"172471","1008","608"
"172472","1003","6.76"
"172472","1004","0.38"
"172472","1005","23.25"
"172472","1008","121"
"172473","1003","9.05"
"172473","1004","0.3"
"172473","1005","5.59"
"172473","1008","57"
"172474","1004","0.31"
"172474","1005","14.44"
"172474","1008","90"
"172474","1003","8.19"
"172475","1005","2.78"
"172475","1008","144"
"172475","1003","17.27"
"172475","1004","8.72"
"172476","1005","1.87"
"172476","1004","4.78"
"172476","1008","76"
"172476","1003","8.08"
"172477","1003","10.62"
"172477","1004","5.84"
"172477","1005","14.94"
"172477","1008","147"
"172478","1004","4.63"
"172478","1005","1.4"
"172478","1008","134"
"172478","1003","21.7"
"172479","1003","16.88"
"172479","1004","21.59"
"172479","1005","0"
"172479","1008","267"
"172480","1004","20.94"
"172480","1005","0"
"172480","1008","294"
"172480","1003","24.52"
"172481","1003","18.91"
"172481","1004","13.38"
"172481","1005","0"
"172481","1008","201"
"172482","1004","13.46"
"172482","1005","0"
"172482","1008","243"
"172482","1003","28.37"
"172483","1003","21.08"
"172483","1004","3.29"
"172483","1005","0"
"172483","1008","120"
"172484","1004","6.02"
"172484","1005","0"
"172484","1008","187"
"172484","1003","31.01"
"172485","1004","12.45"
"172485","1005","0"
"172485","1008","225"
"172485","1003","26.41"
"172486","1003","20.52"
"172486","1004","4.19"
"172486","1005","0"
"172486","1008","125"
"172487","1004","6.67"
"172487","1005","0"
"172487","1008","180"
"172487","1003","28.17"
"172488","1003","16.94"
"172488","1004","22.11"
"172488","1005","0"
"172488","1008","272"
"172489","1004","23.08"
"172489","1005","0"
"172489","1008","316"
"172489","1003","25.17"
"172490","1003","22.55"
"172490","1004","23.59"
"172490","1005","0"
"172490","1008","309"
"172491","1004","5.94"
"172491","1005","0"
"172491","1008","143"
"172491","1003","20.88"
"172492","1003","29.99"
"172492","1004","9.73"
"172492","1005","0"
"172492","1008","216"
"172493","1004","9.23"
"172493","1005","0"
"172493","1008","169"
"172493","1003","19.98"
"172494","1003","27.74"
"172494","1004","12.95"
"172494","1005","0"
"172494","1008","235"
"172495","1004","13.31"
"172495","1005","0"
"172495","1008","232"
"172495","1003","26.16"
"172496","1003","16.58"
"172496","1004","21.45"
"172496","1005","0"
"172496","1008","264"
"172497","1004","24.55"
"172497","1005","0"
"172497","1008","344"
"172497","1003","28.68"
"172498","1003","27.12"
"172498","1004","10.5"
"172498","1005","0"
"172498","1008","210"
"172499","1004","10.77"
"172499","1005","0"
"172499","1008","204"
"172499","1003","24.94"
"172500","1003","16.79"
"172500","1004","20.9"
"172500","1005","0"
"172500","1008","260"
"172501","1004","24"
"172501","1005","0"
"172501","1008","346"
"172501","1003","30.39"
"172502","1003","27.71"
"172502","1004","9.02"
"172502","1005","0"
"172502","1008","200"
"172503","1004","9.26"
"172503","1005","0"
"172503","1008","192"
"172503","1003","25.46"
"172504","1003","16.63"
"172504","1004","20.86"
"172504","1005","0"
"172504","1008","259"
"172505","1004","24.73"
"172505","1005","0"
"172505","1008","345"
"172505","1003","28.51"
"172506","1003","25.48"
"172506","1004","11.32"
"172506","1005","0"
"172506","1008","211"
"172507","1004","11.57"
"172507","1005","0"
"172507","1008","209"
"172507","1003","24.61"
"172508","1003","20.21"
"172508","1004","5.28"
"172508","1005","0"
"172508","1008","134"
"172509","1004","8.8"
"172509","1005","0"
"172509","1008","223"
"172509","1003","33.69"
"172510","1003","28.08"
"172510","1004","7.33"
"172510","1005","0"
"172510","1008","186"
"172511","1004","67.63"
"172511","1005","0"
"172511","1008","640"
"172511","1003","6.92"
"172512","1003","9.72"
"172512","1004","60.39"
"172512","1005","0"
"172512","1008","586"
"172513","1004","11.38"
"172513","1005","0.09"
"172513","1008","183"
"172513","1003","20.09"
"172514","1004","14.99"
"172514","1005","0.03"
"172514","1008","256"
"172514","1003","30.35"
"172515","1003","21.1"
"172515","1004","4.64"
"172515","1008","126"
"172515","1005","0"
"172516","1004","7.01"
"172516","1005","0"
"172516","1008","181"
"172516","1003","27.68"
"172517","1004","26.19"
"172517","1005","0.22"
"172517","1008","298"
"172517","1003","15.4"
"172518","1003","20.76"
"172518","1004","8.1"
"172518","1005","0"
"172518","1008","162"
"172519","1004","11.74"
"172519","1005","0"
"172519","1008","234"
"172519","1003","30.09"
"172520","1003","30.2"
"172520","1004","10.2"
"172520","1005","0"
"172520","1008","221"
"172521","1004","5.55"
"172521","1005","0"
"172521","1008","136"
"172521","1003","20.05"
"172522","1003","29.06"
"172522","1004","8.05"
"172522","1005","0"
"172522","1008","197"
"172523","1004","3.21"
"172523","1005","0"
"172523","1008","120"
"172523","1003","21.23"
"172524","1004","4.69"
"172524","1003","30.77"
"172524","1005","0"
"172524","1008","173"
"172525","1004","8.58"
"172525","1005","0"
"172525","1008","122"
"172525","1003","10.4"
"172526","1003","12.55"
"172526","1004","10.17"
"172526","1005","0"
"172526","1008","145"
"172527","1004","5.68"
"172527","1005","0.21"
"172527","1008","122"
"172527","1003","16.47"
"172528","1003","24.97"
"172528","1004","7.91"
"172528","1005","1.93"
"172528","1008","185"
"172529","1004","3.98"
"172529","1005","0.08"
"172529","1008","110"
"172529","1003","17.18"
"172530","1003","29.12"
"172530","1004","6.75"
"172530","1005","0.13"
"172530","1008","186"
"172531","1004","5.02"
"172531","1005","1.78"
"172531","1008","139"
"172531","1003","20.38"
"172532","1003","30.57"
"172532","1004","8.81"
"172532","1005","2.53"
"172532","1008","220"
"172533","1004","12.65"
"172533","1005","3.78"
"172533","1008","238"
"172533","1003","25.53"
"172534","1004","4.85"
"172534","1003","19.93"
"172534","1005","2.91"
"172534","1008","140"
"172535","1003","28.42"
"172535","1004","6.26"
"172535","1005","3.77"
"172535","1008","192"
"172536","1004","2.64"
"172536","1005","0"
"172536","1008","104"
"172536","1003","18.74"
"172537","1003","14.97"
"172537","1004","23.54"
"172537","1005","0"
"172537","1008","276"
"172538","1004","9.82"
"172538","1005","0"
"172538","1008","152"
"172538","1003","14.84"
"172539","1003","22.83"
"172539","1004","15.12"
"172539","1005","0"
"172539","1008","234"
"172540","1004","2.2"
"172540","1005","0"
"172540","1008","98"
"172540","1003","18.3"
"172541","1003","24.08"
"172541","1004","2.89"
"172541","1005","0"
"172541","1008","129"
"172542","1003","17.21"
"172542","1004","3.07"
"172542","1008","101"
"172542","1005","0"
"172543","1004","3.11"
"172543","1003","22.67"
"172543","1005","0"
"172543","1008","125"
"172544","1003","24.75"
"172544","1004","19.65"
"172544","1005","0"
"172544","1008","283"
"172545","1003","17.54"
"172545","1004","18.66"
"172545","1005","0"
"172545","1008","243"
"172546","1004","18.01"
"172546","1005","0"
"172546","1008","271"
"172546","1003","25.51"
"172547","1003","18.91"
"172547","1004","13.38"
"172547","1005","0"
"172547","1008","201"
"172548","1004","11.4"
"172548","1005","0"
"172548","1008","217"
"172548","1003","26.73"
"172549","1003","17.21"
"172549","1004","20.8"
"172549","1005","0"
"172549","1008","261"
"172550","1004","19.67"
"172550","1005","0"
"172550","1008","284"
"172550","1003","24.95"
"172551","1003","17.18"
"172551","1004","22.75"
"172551","1005","0"
"172551","1008","279"
"172552","1004","27.53"
"172552","1005","0"
"172552","1008","341"
"172552","1003","21.82"
"172553","1003","17.07"
"172553","1004","18.96"
"172553","1005","0"
"172553","1008","244"
"172554","1004","23.57"
"172554","1005","0"
"172554","1008","338"
"172554","1003","29.46"
"172555","1003","23.84"
"172555","1004","18.39"
"172555","1005","0"
"172555","1008","268"
"172556","1003","17.01"
"172556","1004","18.97"
"172556","1005","0"
"172556","1008","244"
"172557","1004","23.88"
"172557","1005","0"
"172557","1008","339"
"172557","1003","28.92"
"172558","1003","23.48"
"172558","1004","18.5"
"172558","1005","0"
"172558","1008","267"
"172559","1004","19.19"
"172559","1005","0"
"172559","1008","270"
"172559","1003","22.62"
"172560","1003","18.76"
"172560","1004","13.37"
"172560","1005","0"
"172560","1008","201"
"172561","1004","13.95"
"172561","1005","0"
"172561","1008","234"
"172561","1003","25.34"
"172562","1003","17.18"
"172562","1004","22.1"
"172562","1005","0"
"172562","1008","273"
"172563","1004","21.28"
"172563","1005","0"
"172563","1008","296"
"172563","1003","24.41"
"172564","1003","21.4"
"172564","1008","113"
"172564","1004","2.4"
"172564","1005","0"
"172565","1004","2.4"
"172565","1008","116"
"172565","1003","22.1"
"172565","1005","0"
"172566","1003","21.1"
"172566","1008","109"
"172566","1004","2.1"
"172566","1005","0"
"172567","1004","53.35"
"172567","1005","0"
"172567","1008","521"
"172567","1003","9.4"
"172568","1008","113"
"172568","1004","3.48"
"172568","1005","0"
"172568","1003","19.15"
"172569","1003","31.54"
"172569","1004","6.2"
"172569","1005","0"
"172569","1008","191"
"172570","1003","19.28"
"172570","1004","2.83"
"172570","1005","0"
"172570","1008","108"
"172571","1004","4.33"
"172571","1005","0"
"172571","1008","177"
"172571","1003","32.22"
"172572","1005","0"
"172572","1003","6.27"
"172572","1008","648"
"172572","1004","68.87"
"172573","1005","0"
"172573","1004","66.4"
"172573","1008","639"
"172573","1003","9.42"
"172574","1005","0"
"172574","1003","18.85"
"172574","1004","12.68"
"172574","1008","195"
"172575","1005","0"
"172575","1008","236"
"172575","1004","14.44"
"172575","1003","24.78"
"172576","1008","135"
"172576","1003","20.46"
"172576","1004","5.23"
"172576","1005","0"
"172577","1004","8.1"
"172577","1005","0"
"172577","1008","190"
"172577","1003","27.31"
"172578","1005","0"
"172578","1003","18.59"
"172578","1004","13.48"
"172578","1008","201"
"172579","1005","0"
"172579","1004","13.69"
"172579","1008","231"
"172579","1003","25.25"
"172580","1003","20.45"
"172580","1004","5.1"
"172580","1005","0"
"172580","1008","133"
"172581","1008","215"
"172581","1004","10.65"
"172581","1005","0"
"172581","1003","27.75"
"172582","1005","0"
"172582","1003","18.33"
"172582","1004","14.38"
"172582","1008","208"
"172583","1005","0"
"172583","1004","13.83"
"172583","1008","235"
"172583","1003","25.75"
"172584","1008","132"
"172584","1005","0"
"172584","1003","20.43"
"172584","1004","4.91"
"172585","1005","0"
"172585","1004","7.68"
"172585","1008","183"
"172585","1003","26.75"
"172586","1005","0"
"172586","1003","19.32"
"172586","1004","13.38"
"172586","1008","203"
"172587","1005","0"
"172587","1004","12.25"
"172587","1008","219"
"172587","1003","25.49"
"172588","1003","21"
"172588","1004","6.24"
"172588","1005","0"
"172588","1008","146"
"172589","1005","0"
"172589","1003","32.16"
"172589","1004","11.68"
"172589","1008","234"
"172590","1005","0"
"172590","1008","256"
"172590","1004","20.47"
"172590","1003","16.68"
"172591","1005","0"
"172591","1003","23.58"
"172591","1004","21.65"
"172591","1008","296"
"172592","1005","0"
"172592","1008","155"
"172592","1004","8.01"
"172592","1003","19.36"
"172593","1005","0"
"172593","1003","26.18"
"172593","1004","13.44"
"172593","1008","233"
"172594","1005","0"
"172594","1004","21.28"
"172594","1008","262"
"172594","1003","16.48"
"172595","1005","0"
"172595","1003","21.71"
"172595","1004","22.03"
"172595","1008","291"
"172596","1008","164"
"172596","1004","9.09"
"172596","1005","0"
"172596","1003","19.1"
"172597","1008","231"
"172597","1003","23.83"
"172597","1004","14.38"
"172597","1005","0"
"172598","1008","119"
"172598","1003","21.12"
"172598","1004","3.15"
"172598","1005","0"
"172599","1008","177"
"172599","1004","5.67"
"172599","1005","0"
"172599","1003","29.45"
"172600","1005","0"
"172600","1004","4.96"
"172600","1008","174"
"172600","1003","30.18"
"172601","1005","0"
"172601","1008","122"
"172601","1004","2.43"
"172601","1003","23.32"
"172602","1004","7.13"
"172602","1003","21.78"
"172602","1008","157"
"172602","1005","0"
"172603","1003","26.45"
"172603","1004","8.22"
"172603","1008","187"
"172603","1005","0"
"172604","1004","2.38"
"172604","1003","30.2"
"172604","1008","150"
"172604","1005","0"
"172605","1008","191"
"172605","1003","36.28"
"172605","1004","3.95"
"172605","1005","0"
"172606","1003","20.37"
"172606","1004","4.47"
"172606","1005","0"
"172606","1008","122"
"172607","1004","7.2"
"172607","1005","0"
"172607","1008","144"
"172607","1003","19.78"
"172608","1003","17.14"
"172608","1004","20.71"
"172608","1005","0"
"172608","1008","255"
"172609","1004","62.44"
"172609","1005","0"
"172609","1008","596"
"172609","1003","8.53"
"172610","1003","28.16"
"172610","1004","17.53"
"172610","1005","0"
"172610","1008","270"
"172611","1004","7.98"
"172611","1005","1.02"
"172611","1008","149"
"172611","1003","18.31"
"172612","1003","23.69"
"172612","1004","5.27"
"172612","1005","0"
"172612","1008","142"
"172613","1004","72.28"
"172613","1005","0.62"
"172613","1008","674"
"172613","1003","5.24"
"172614","1003","25.8"
"172614","1004","6.56"
"172614","1005","1.48"
"172614","1008","168"
"172615","1004","4.92"
"172615","1005","2.22"
"172615","1008","136"
"172615","1003","20.7"
"172616","1003","22.6"
"172616","1004","11.34"
"172616","1005","0"
"172616","1008","192"
"172617","1004","12.41"
"172617","1005","0"
"172617","1008","193"
"172617","1003","20.33"
"172618","1003","21.01"
"172618","1004","4.56"
"172618","1005","0"
"172618","1008","125"
"172619","1004","2.38"
"172619","1005","0.14"
"172619","1008","68"
"172619","1003","11.4"
"172620","1003","17.51"
"172620","1004","22.04"
"172620","1005","0.86"
"172620","1008","272"
"172621","1004","18.61"
"172621","1005","0"
"172621","1008","225"
"172621","1003","14.27"
"172622","1003","27.94"
"172622","1004","4.81"
"172622","1005","0"
"172622","1008","155"
"172623","1004","3.81"
"172623","1005","0"
"172623","1008","116"
"172623","1003","20.53"
"172624","1004","6.7"
"172624","1005","0"
"172624","1008","162"
"172624","1003","25.53"
"172625","1003","20.86"
"172625","1004","5.32"
"172625","1005","0"
"172625","1008","131"
"172626","1003","31.4"
"172626","1004","15.36"
"172626","1005","0"
"172626","1008","264"
"172627","1004","10.91"
"172627","1005","0"
"172627","1008","199"
"172627","1003","25.14"
"172628","1003","20.2"
"172628","1004","6.88"
"172628","1005","0"
"172628","1008","143"
"172629","1004","8.38"
"172629","1005","0"
"172629","1008","173"
"172629","1003","24.39"
"172630","1003","20.48"
"172630","1004","32.63"
"172630","1005","0.14"
"172630","1008","376"
"172631","1004","30.14"
"172631","1005","0.27"
"172631","1008","337"
"172631","1003","16.17"
"172632","1003","29.59"
"172632","1004","14.22"
"172632","1005","0.04"
"172632","1008","247"
"172633","1004","12.12"
"172633","1005","0.73"
"172633","1008","186"
"172633","1003","18.39"
"172634","1003","28.96"
"172634","1004","4.57"
"172634","1005","0"
"172634","1008","157"
"172635","1004","3.99"
"172635","1005","0"
"172635","1008","122"
"172635","1003","21.44"
"172636","1003","28.53"
"172636","1004","21.43"
"172636","1005","0.03"
"172636","1008","307"
"172637","1004","17.9"
"172637","1005","0.14"
"172637","1008","231"
"172637","1003","17.43"
"172638","1003","21.45"
"172638","1004","22.33"
"172638","1005","0.05"
"172638","1008","287"
"172639","1004","5"
"172639","1005","0"
"172639","1008","157"
"172639","1003","27.87"
"172640","1003","23.56"
"172640","1004","11.2"
"172640","1005","0.01"
"172640","1008","195"
"172641","1004","9.96"
"172641","1005","0.05"
"172641","1008","169"
"172641","1003","19.88"
"172642","1003","23.41"
"172642","1004","12.68"
"172642","1005","0.03"
"172642","1008","208"
"172643","1004","2.07"
"172643","1005","0"
"172643","1008","107"
"172643","1003","22.07"
"172644","1003","29.75"
"172644","1004","4.44"
"172644","1005","0.07"
"172644","1008","159"
"172645","1004","1.64"
"172645","1005","0"
"172645","1008","94"
"172645","1003","19.77"
"172646","1003","29.12"
"172646","1004","4.51"
"172646","1005","0"
"172646","1008","157"
"172647","1003","11.16"
"172647","1004","50.17"
"172647","1005","2.11"
"172647","1008","505"
"172648","1005","0"
"172648","1008","107"
"172648","1003","19.28"
"172648","1004","3.3"
"172649","1005","0.11"
"172649","1008","182"
"172649","1004","7.77"
"172649","1003","27.94"
"172650","1005","0.16"
"172650","1008","198"
"172650","1003","28.04"
"172650","1004","9.48"
"172651","1005","0.15"
"172651","1008","199"
"172651","1004","10.57"
"172651","1003","25.72"
"172652","1003","23.42"
"172652","1004","4.73"
"172652","1005","0"
"172652","1008","136"
"172653","1004","5.24"
"172653","1005","0"
"172653","1008","136"
"172653","1003","22.28"
"172654","1003","32.08"
"172654","1004","9.59"
"172654","1005","0"
"172654","1008","215"
"172655","1004","4.33"
"172655","1005","0"
"172655","1008","131"
"172655","1003","23.11"
"172656","1003","13.81"
"172656","1004","54.72"
"172656","1005","1.55"
"172656","1008","554"
"172657","1004","44.01"
"172657","1005","0"
"172657","1008","459"
"172657","1003","15.65"
"172658","1003","27.54"
"172658","1004","12.04"
"172658","1005","0"
"172658","1008","219"
"172659","1004","11.43"
"172659","1005","0"
"172659","1008","187"
"172659","1003","20.97"
"172660","1004","5.52"
"172660","1005","0"
"172660","1008","143"
"172660","1003","23.23"
"172661","1003","33.17"
"172661","1004","11.5"
"172661","1005","0"
"172661","1008","236"
"172662","1004","9.91"
"172662","1005","0"
"172662","1008","193"
"172662","1003","25.95"
"172663","1003","25.96"
"172663","1004","20.77"
"172663","1005","0"
"172663","1008","291"
"172664","1008","274"
"172664","1004","1.7"
"172664","1005","55.2"
"172664","1003","9.8"
"172665","1003","10.6"
"172665","1004","1.8"
"172665","1005","59.3"
"172665","1008","294"
"172666","1004","1.2"
"172666","1005","53.3"
"172666","1008","255"
"172666","1003","10.7"
"172667","1004","11.03"
"172667","1005","53.87"
"172667","1008","338"
"172667","1003","6.2"
"172668","1004","10.58"
"172668","1005","46.32"
"172668","1008","307"
"172668","1003","6.66"
"172669","1004","11.22"
"172669","1005","49.05"
"172669","1008","324"
"172669","1003","6.79"
"172670","1008","353"
"172670","1004","16.3"
"172670","1005","44.6"
"172670","1003","7"
"172671","1003","6.1"
"172671","1004","5.6"
"172671","1005","47.4"
"172671","1008","263"
"172672","1004","3.9"
"172672","1005","49.5"
"172672","1008","260"
"172672","1003","8.7"
"172673","1008","287"
"172673","1003","9.5"
"172673","1004","6"
"172673","1005","47.8"
"172674","1004","6.6"
"172674","1005","52.6"
"172674","1008","315"
"172674","1003","10.5"
"172675","1003","10.75"
"172675","1004","2.42"
"172675","1005","51.88"
"172675","1008","272"
"172676","1004","4.4"
"172676","1005","39.8"
"172676","1008","236"
"172676","1003","10.4"
"172677","1003","11.4"
"172677","1004","4.8"
"172677","1005","43.7"
"172677","1008","259"
"172678","1004","4.4"
"172678","1005","48.5"
"172678","1008","269"
"172678","1003","8.4"
"172679","1003","9.2"
"172679","1004","4.8"
"172679","1005","52.7"
"172679","1008","292"
"172680","1004","4.4"
"172680","1005","52.3"
"172680","1008","274"
"172680","1003","7.9"
"172681","1003","8.6"
"172681","1004","4.8"
"172681","1005","56.9"
"172681","1008","297"
"172682","1004","3.2"
"172682","1005","41.3"
"172682","1008","201"
"172682","1003","8"
"172683","1003","9.5"
"172683","1004","3.8"
"172683","1005","49.2"
"172683","1008","239"
"172684","1008","259"
"172684","1003","8.5"
"172684","1004","3.3"
"172684","1005","48.3"
"172685","1004","3.6"
"172685","1005","53.1"
"172685","1008","284"
"172685","1003","9.4"
"172686","1003","10.67"
"172686","1004","4.53"
"172686","1005","47.54"
"172686","1008","274"
"172687","1004","4.27"
"172687","1005","55.77"
"172687","1008","313"
"172687","1003","12.96"
"172688","1004","3.5"
"172688","1005","42.71"
"172688","1008","252"
"172688","1003","12.45"
"172689","1003","16.27"
"172689","1004","4.07"
"172689","1005","51.16"
"172689","1008","306"
"172690","1003","8.4"
"172690","1004","5.4"
"172690","1005","51.4"
"172690","1008","278"
"172691","1004","5.9"
"172691","1005","56.4"
"172691","1008","305"
"172691","1003","9.2"
"172692","1003","10"
"172692","1004","4.2"
"172692","1005","76.7"
"172692","1008","389"
"172693","1004","8.8"
"172693","1005","21.9"
"172693","1008","179"
"172693","1003","2.9"
"172694","1003","5.9"
"172694","1004","0.8"
"172694","1005","57.8"
"172694","1008","258"
"172695","1004","0.3"
"172695","1005","58.7"
"172695","1008","257"
"172695","1003","6.1"
"172696","1003","2.4"
"172696","1004","8.5"
"172696","1005","42.9"
"172696","1008","252"
"172697","1004","15.1"
"172697","1005","53.4"
"172697","1003","5.3"
"172697","1008","371"
"172698","1003","4.4"
"172698","1004","10.3"
"172698","1005","63.2"
"172698","1008","356"
"172699","1004","15.2"
"172699","1005","44.3"
"172699","1008","339"
"172699","1003","7"
"172700","1003","6.8"
"172700","1004","23.3"
"172700","1005","46.7"
"172700","1008","418"
"172701","1004","13.8"
"172701","1005","74.6"
"172701","1008","437"
"172701","1003","4.4"
"172702","1003","3.9"
"172702","1004","16.4"
"172702","1005","49.2"
"172702","1008","356"
"172703","1004","12.1"
"172703","1005","50.5"
"172703","1008","319"
"172703","1003","3.5"
"172704","1004","13.96"
"172704","1005","53.64"
"172704","1008","353"
"172704","1003","5"
"172705","1003","3"
"172705","1004","8.4"
"172705","1005","79.6"
"172705","1008","397"
"172706","1005","61"
"172706","1008","290"
"172706","1004","2.7"
"172706","1003","5.4"
"172707","1003","7.3"
"172707","1004","4.3"
"172707","1005","57.7"
"172707","1008","297"
"172708","1005","80.9"
"172708","1008","423"
"172708","1004","9.5"
"172708","1003","3.9"
"172709","1003","5.4"
"172709","1004","12.4"
"172709","1005","57.2"
"172709","1008","357"
"172710","1003","5.3"
"172710","1004","14.6"
"172710","1005","53"
"172710","1008","361"
"172711","1004","22.5"
"172711","1005","25.5"
"172711","1008","321"
"172711","1003","5.5"
"172712","1003","5.5"
"172712","1008","274"
"172712","1004","12.7"
"172712","1005","35.5"
"172713","1004","16.3"
"172713","1005","63.9"
"172713","1008","405"
"172713","1003","4.8"
"172714","1005","72.7"
"172714","1003","6.6"
"172714","1004","14.2"
"172714","1008","433"
"172715","1004","17.91"
"172715","1003","5.97"
"172715","1005","67.49"
"172715","1008","451"
"172716","1003","5.1"
"172716","1004","24.72"
"172716","1005","65.36"
"172716","1008","492"
"172717","1004","19.77"
"172717","1005","65.75"
"172717","1008","444"
"172717","1003","3.63"
"172718","1005","71"
"172718","1003","5.21"
"172718","1008","464"
"172718","1004","19.14"
"172719","1005","66.4"
"172719","1008","481"
"172719","1004","26.4"
"172719","1003","3.6"
"172720","1004","24.52"
"172720","1005","68.2"
"172720","1008","497"
"172720","1003","4.33"
"172721","1003","3.7"
"172721","1004","7.3"
"172721","1005","70.9"
"172721","1008","348"
"172722","1004","2.7"
"172722","1005","84"
"172722","1008","378"
"172722","1003","4.2"
"172723","1003","4"
"172723","1004","16.9"
"172723","1005","67.7"
"172723","1008","421"
"172724","1004","12.8"
"172724","1005","73.8"
"172724","1008","430"
"172724","1003","5.6"
"172725","1003","6.2"
"172725","1004","18.1"
"172725","1005","68.7"
"172725","1008","450"
"172726","1004","14.7"
"172726","1005","65.7"
"172726","1008","409"
"172726","1003","6.1"
"172727","1003","8.92"
"172727","1004","23.82"
"172727","1005","58.15"
"172727","1008","473"
"172728","1004","24.4"
"172728","1005","57.7"
"172728","1008","457"
"172728","1003","5.3"
"172729","1003","8.2"
"172729","1004","25"
"172729","1005","52.1"
"172729","1008","458"
"172730","1004","27.5"
"172730","1005","57.3"
"172730","1008","503"
"172730","1003","9.1"
"172731","1003","2.9"
"172731","1004","12.5"
"172731","1005","80.4"
"172731","1008","426"
"172732","1004","16.8"
"172732","1005","73.4"
"172732","1008","450"
"172732","1003","3.9"
"172733","1005","68"
"172733","1003","4.5"
"172733","1008","461"
"172733","1004","22.1"
"172734","1004","18"
"172734","1005","69.9"
"172734","1008","449"
"172734","1003","4.8"
"172735","1008","489"
"172735","1003","4.7"
"172735","1004","23.1"
"172735","1005","65.6"
"172736","1003","3.84"
"172736","1004","23.24"
"172736","1005","70.64"
"172736","1008","502"
"172737","1004","20"
"172737","1005","72.1"
"172737","1008","483"
"172737","1003","4.5"
"172738","1003","7.4"
"172738","1004","38.5"
"172738","1005","45.7"
"172738","1008","558"
"172739","1004","1.3"
"172739","1005","82.2"
"172739","1008","366"
"172739","1003","7.9"
"172740","1003","10"
"172740","1004","1.4"
"172740","1005","83.7"
"172740","1008","395"
"172741","1004","2.1"
"172741","1005","78.6"
"172741","1008","391"
"172741","1003","12.3"
"172742","1003","13.1"
"172742","1004","1.5"
"172742","1005","78.9"
"172742","1008","351"
"172743","1003","9.2"
"172743","1004","22.3"
"172743","1005","60.8"
"172743","1008","481"
"172744","1004","0.9"
"172744","1005","80.4"
"172744","1008","334"
"172744","1003","9.6"
"172745","1003","9"
"172745","1004","9.2"
"172745","1005","73.8"
"172745","1008","381"
"172746","1005","74.05"
"172746","1008","418"
"172746","1003","9.46"
"172746","1004","8.64"
"172747","1003","9.8"
"172747","1004","25"
"172747","1005","58.2"
"172747","1008","497"
"172748","1004","26.7"
"172748","1005","53.8"
"172748","1008","495"
"172748","1003","13.5"
"172749","1003","10.58"
"172749","1004","14.13"
"172749","1005","69.55"
"172749","1008","427"
"172750","1003","9.3"
"172750","1004","1.7"
"172750","1005","80.9"
"172750","1008","383"
"172751","1004","6.6"
"172751","1005","73.5"
"172751","1008","407"
"172751","1003","11.9"
"172752","1003","10.8"
"172752","1004","18.3"
"172752","1005","63.5"
"172752","1008","465"
"172753","1004","22.4"
"172753","1005","44.6"
"172753","1008","403"
"172753","1003","7"
"172754","1003","8"
"172754","1004","21.9"
"172754","1005","37.2"
"172754","1008","374"
"172755","1004","18.5"
"172755","1005","47.8"
"172755","1008","371"
"172755","1003","5.4"
"172756","1003","3.1"
"172756","1004","18.3"
"172756","1005","59.5"
"172756","1008","412"
"172757","1004","24.5"
"172757","1005","30"
"172757","1008","361"
"172757","1003","6.4"
"172758","1003","6.14"
"172758","1004","22.7"
"172758","1005","47.93"
"172758","1008","421"
"172759","1003","5.9"
"172759","1004","18.7"
"172759","1005","39"
"172759","1008","340"
"172760","1003","8.87"
"172760","1004","2.21"
"172760","1005","55.04"
"172760","1008","276"
"172761","1003","8.7"
"172761","1004","2"
"172761","1005","44.8"
"172761","1008","223"
"172762","1004","2.1"
"172762","1005","40.4"
"172762","1008","203"
"172762","1003","8.8"
"172763","1003","7.4"
"172763","1004","6.1"
"172763","1005","32.1"
"172763","1008","213"
"172764","1004","11.4"
"172764","1005","41.4"
"172764","1008","296"
"172764","1003","6.9"
"172765","1003","4.49"
"172765","1004","16.07"
"172765","1005","53"
"172765","1008","375"
"172766","1004","3.25"
"172766","1005","61"
"172766","1008","293"
"172766","1003","3.48"
"172767","1004","9.5"
"172767","1005","53.3"
"172767","1008","313"
"172767","1003","4.6"
"172768","1003","6.5"
"172768","1004","10.8"
"172768","1005","40.7"
"172768","1008","285"
"172769","1004","7.4"
"172769","1005","48.3"
"172769","1008","270"
"172769","1003","7"
"172770","1003","7.1"
"172770","1004","12"
"172770","1005","73"
"172770","1008","396"
"172771","1003","5.23"
"172771","1004","6.83"
"172771","1005","37.75"
"172771","1008","233"
"172772","1004","3.1"
"172772","1005","73.65"
"172772","1008","368"
"172772","1003","9.77"
"172773","1004","9.2"
"172773","1005","29"
"172773","1008","222"
"172773","1003","6.1"
"172774","1003","10.9"
"172774","1004","2.7"
"172774","1005","71.3"
"172774","1008","340"
"172775","1004","1.4"
"172775","1005","73.9"
"172775","1008","349"
"172775","1003","8.9"
"172776","1003","12.8"
"172776","1004","1.5"
"172776","1005","71"
"172776","1008","344"
"172777","1004","13.6"
"172777","1005","32.9"
"172777","1008","269"
"172777","1003","4.4"
"172778","1003","1.8"
"172778","1004","10"
"172778","1005","34.9"
"172778","1008","232"
"172779","1004","11.9"
"172779","1005","33.5"
"172779","1008","245"
"172779","1003","2.7"
"172780","1003","2"
"172780","1004","11"
"172780","1005","39.8"
"172780","1008","260"
"172781","1004","12.2"
"172781","1005","38.5"
"172781","1008","270"
"172781","1003","2.8"
"172782","1003","5.9"
"172782","1004","13.2"
"172782","1005","30.2"
"172782","1008","260"
"172783","1004","11.6"
"172783","1005","20.8"
"172783","1008","210"
"172783","1003","5.5"
"172784","1003","3"
"172784","1004","16.1"
"172784","1005","42.6"
"172784","1008","316"
"172785","1004","8.7"
"172785","1005","47.2"
"172785","1008","268"
"172785","1003","1.5"
"172786","1004","22.2"
"172786","1005","52.2"
"172786","1008","412"
"172786","1003","4.9"
"172787","1004","9.75"
"172787","1005","34.83"
"172787","1008","243"
"172787","1003","3.9"
"172788","1003","4.5"
"172788","1004","9.3"
"172788","1005","26.4"
"172788","1008","204"
"172789","1004","14.4"
"172789","1005","32.6"
"172789","1008","278"
"172789","1003","4.8"
"172790","1004","38.1"
"172790","1005","45.1"
"172790","1008","551"
"172790","1003","7.3"
"172791","1003","7.1"
"172791","1004","6"
"172791","1005","52.6"
"172791","1008","299"
"172792","1004","4.3"
"172792","1005","71"
"172792","1008","371"
"172792","1003","10.4"
"172793","1004","6.47"
"172793","1005","52.04"
"172793","1008","310"
"172793","1003","10.86"
"172794","1003","8.7"
"172794","1004","4.7"
"172794","1005","51.1"
"172794","1008","266"
"172795","1004","4.3"
"172795","1005","50.2"
"172795","1008","277"
"172795","1003","8.6"
"172796","1003","9.77"
"172796","1004","3.91"
"172796","1005","50.12"
"172796","1008","279"
"172797","1003","9.6"
"172797","1005","44.6"
"172797","1008","263"
"172797","1004","6"
"172798","1004","12.2"
"172798","1005","51.6"
"172798","1008","333"
"172798","1003","5"
"172799","1003","5.4"
"172799","1004","13.2"
"172799","1005","56.1"
"172799","1008","362"
"172800","1004","21.79"
"172800","1005","63.49"
"172800","1008","476"
"172800","1003","6.41"
"172801","1004","7.98"
"172801","1005","72.64"
"172801","1008","370"
"172801","1003","4.06"
"172802","1004","1.5"
"172802","1005","57.9"
"172802","1008","291"
"172802","1003","9.8"
"172803","1003","0"
"172803","1004","0"
"172803","1005","27.7"
"172803","1008","53"
"172804","1004","0"
"172804","1005","24.1"
"172804","1008","51"
"172804","1003","0.1"
"172805","1003","0.1"
"172805","1004","0.4"
"172805","1005","46.9"
"172805","1008","97"
"172806","1004","5.48"
"172806","1005","68.49"
"172806","1008","383"
"172806","1003","14.13"
"172807","1004","17.9"
"172807","1005","66.4"
"172807","1008","447"
"172807","1003","6.8"
"172808","1003","5.7"
"172808","1004","28.4"
"172808","1005","58.2"
"172808","1008","488"
"172809","1004","2.4"
"172809","1005","48.1"
"172809","1008","270"
"172809","1003","13.2"
"172810","1003","8.5"
"172810","1004","7.3"
"172810","1005","53.4"
"172810","1008","316"
"172811","1004","24.4"
"172811","1005","63.9"
"172811","1008","484"
"172811","1003","4.1"
"172812","1003","10"
"172812","1004","3.9"
"172812","1005","77.1"
"172812","1008","391"
"172813","1004","36.2"
"172813","1005","50.2"
"172813","1008","531"
"172813","1003","3.7"
"172814","1003","5.7"
"172814","1004","30.8"
"172814","1005","42.3"
"172814","1008","469"
"172815","1003","7"
"172815","1004","12.2"
"172815","1005","69.5"
"172815","1008","418"
"172816","1004","1.2"
"172816","1005","55.7"
"172816","1008","275"
"172816","1003","9.1"
"172817","1003","7.9"
"172817","1004","4.4"
"172817","1005","52.3"
"172817","1008","274"
"172818","1005","49.6"
"172818","1008","267"
"172818","1004","3.6"
"172818","1003","8.2"
"172819","1003","6.1"
"172819","1004","18.8"
"172819","1005","68.9"
"172819","1008","467"
"172820","1004","22.6"
"172820","1005","66.8"
"172820","1008","481"
"172820","1003","5.4"
"172821","1008","363"
"172821","1003","10.6"
"172821","1004","9.1"
"172821","1005","59.7"
"172822","1004","3.2"
"172822","1005","76.6"
"172822","1008","390"
"172822","1003","12.1"
"172823","1004","17.2"
"172823","1005","68.6"
"172823","1008","443"
"172823","1003","8.8"
"172824","1003","7"
"172824","1004","22.4"
"172824","1005","44.6"
"172824","1008","403"
"172825","1004","18.5"
"172825","1005","47.8"
"172825","1008","371"
"172825","1003","5.4"
"172826","1003","9"
"172826","1004","4"
"172826","1005","54.4"
"172826","1008","293"
"172827","1004","18.5"
"172827","1005","47.8"
"172827","1008","371"
"172827","1003","5.4"
"172828","1003","7.7"
"172828","1004","1.8"
"172828","1005","46"
"172828","1008","235"
"172829","1003","22.59"
"172829","1004","2.99"
"172829","1005","0"
"172829","1008","123"
"172830","1004","18.04"
"172830","1008","257"
"172830","1003","23.42"
"172830","1005","0.6"
"172831","1004","0.88"
"172831","1005","0"
"172831","1008","112"
"172831","1003","25.94"
"172832","1008","134"
"172832","1003","22.77"
"172832","1004","4.03"
"172832","1005","0"
"172833","1008","163"
"172833","1004","4.65"
"172833","1005","0"
"172833","1003","28.43"
"172834","1008","168"
"172834","1004","2.68"
"172834","1005","0"
"172834","1003","33.67"
"172835","1008","108"
"172835","1003","22.22"
"172835","1004","1.49"
"172835","1005","0"
"172836","1008","156"
"172836","1004","2.01"
"172836","1005","0"
"172836","1003","32.38"
"172837","1008","103"
"172837","1003","23.08"
"172837","1004","0.48"
"172837","1005","0"
"172838","1008","141"
"172838","1004","4.86"
"172838","1005","0"
"172838","1003","22.81"
"172839","1008","111"
"172839","1004","1.72"
"172839","1005","0"
"172839","1003","22.39"
"172840","1008","141"
"172840","1003","29.01"
"172840","1004","1.94"
"172840","1005","0"
"172841","1008","127"
"172841","1004","2.87"
"172841","1005","0"
"172841","1003","23.69"
"172842","1008","164"
"172842","1003","29.37"
"172842","1004","4.26"
"172842","1005","0"
"172843","1008","159"
"172843","1004","3.97"
"172843","1005","0"
"172843","1003","28.81"
"172844","1008","116"
"172844","1003","21.99"
"172844","1004","2.4"
"172844","1005","0"
"172845","1008","123"
"172845","1004","3.19"
"172845","1005","0"
"172845","1003","22.07"
"172846","1008","114"
"172846","1003","21.85"
"172846","1004","2.3"
"172846","1005","0"
"172847","1004","1.95"
"172847","1003","23.57"
"172847","1005","0"
"172847","1008","112"
"172848","1003","31.69"
"172848","1004","2.71"
"172848","1005","0"
"172848","1008","151"
"172849","1004","2.48"
"172849","1003","28.99"
"172849","1005","0"
"172849","1008","138"
"172850","1003","18.73"
"172850","1004","8.34"
"172850","1005","0"
"172850","1008","150"
"172851","1004","11.6"
"172851","1003","27.1"
"172851","1005","0"
"172851","1008","213"
"172852","1003","23.93"
"172852","1004","5.95"
"172852","1005","0"
"172852","1008","149"
"172853","1004","8.63"
"172853","1005","0"
"172853","1008","176"
"172853","1003","24.55"
"172854","1003","14.61"
"172854","1004","42.76"
"172854","1005","0"
"172854","1008","443"
"172855","1004","44.23"
"172855","1005","0.79"
"172855","1008","440"
"172855","1003","9.58"
"172856","1003","25.34"
"172856","1004","5"
"172856","1008","146"
"172856","1005","0"
"172857","1004","6.33"
"172857","1005","0"
"172857","1008","149"
"172857","1003","22.99"
"172858","1003","23"
"172858","1004","7.96"
"172858","1005","0"
"172858","1008","164"
"172859","1004","3.69"
"172859","1008","110"
"172859","1003","19.11"
"172859","1005","0"
"172860","1004","8.24"
"172860","1008","146"
"172860","1003","18.03"
"172860","1005","0"
"172861","1003","24.72"
"172861","1004","9"
"172861","1005","0.05"
"172861","1008","180"
"172862","1004","14.62"
"172862","1005","0.21"
"172862","1008","215"
"172862","1003","20.7"
"172863","1004","14.58"
"172863","1008","197"
"172863","1003","16.56"
"172863","1005","0"
"172864","1004","1.66"
"172864","1005","0"
"172864","1008","101"
"172864","1003","21.54"
"172865","1003","26.97"
"172865","1004","2.08"
"172865","1005","0"
"172865","1008","127"
"172866","1004","36.8"
"172866","1005","0.21"
"172866","1008","381"
"172866","1003","12.29"
"172867","1003","22.15"
"172867","1004","40.31"
"172867","1005","0"
"172867","1008","451"
"172868","1008","106"
"172868","1005","0.14"
"172868","1004","2.39"
"172868","1003","20.87"
"172869","1003","26.61"
"172869","1004","3.7"
"172869","1005","0"
"172869","1008","140"
"172870","1008","159"
"172870","1005","0.15"
"172870","1004","9.1"
"172870","1003","19.03"
"172871","1003","26.09"
"172871","1004","8.01"
"172871","1005","0"
"172871","1008","176"
"172872","1003","30.17"
"172872","1004","5.51"
"172872","1005","0"
"172872","1008","170"
"172873","1004","35.83"
"172873","1005","0"
"172873","1008","380"
"172873","1003","14.35"
"172874","1003","24.58"
"172874","1004","35.03"
"172874","1005","0"
"172874","1008","414"
"172875","1004","3.97"
"172875","1005","0"
"172875","1008","118"
"172875","1003","20.52"
"172876","1003","21.54"
"172876","1004","1.66"
"172876","1005","0.14"
"172876","1008","102"
"172877","1004","6.25"
"172877","1005","0.46"
"172877","1008","159"
"172877","1003","25.14"
"172878","1003","28.61"
"172878","1004","6.52"
"172878","1005","0"
"172878","1008","173"
"172879","1003","0.89"
"172879","1004","1.04"
"172879","1005","42.81"
"172879","1008","184"
"172880","1004","1.15"
"172880","1003","2.18"
"172880","1008","54"
"172880","1005","8.66"
"172881","1004","1.95"
"172881","1005","18.47"
"172881","1008","96"
"172881","1003","1.76"
"172882","1004","0.44"
"172882","1005","15.22"
"172882","1008","66"
"172882","1003","1.46"
"172883","1003","1.97"
"172883","1004","0.09"
"172883","1005","1.2"
"172883","1008","13"
"172884","1004","1.2"
"172884","1005","3.53"
"172884","1008","36"
"172884","1003","2.52"
"172885","1003","2.26"
"172885","1004","0.81"
"172885","1005","0"
"172885","1008","16"
"172886","1004","3.39"
"172886","1005","44.08"
"172886","1008","220"
"172886","1003","3.31"
"172887","1003","1.21"
"172887","1004","1.69"
"172887","1005","8.1"
"172887","1008","52"
"172888","1004","0"
"172888","1005","0.38"
"172888","1008","7"
"172888","1003","1.36"
"172889","1004","0.07"
"172889","1005","0.2"
"172889","1008","6"
"172889","1003","1.14"
"172890","1004","0.02"
"172890","1005","15.58"
"172890","1008","89"
"172890","1003","5.93"
"172891","1003","2.55"
"172891","1004","3.3"
"172891","1005","6.61"
"172891","1008","65"
"172892","1003","1.16"
"172892","1004","4.46"
"172892","1005","5.2"
"172892","1008","65"
"172893","1004","3.91"
"172893","1005","5.86"
"172893","1008","66"
"172893","1003","2.29"
"172894","1003","3.77"
"172894","1004","5.8"
"172894","1005","6.47"
"172894","1008","92"
"172895","1004","3.24"
"172895","1005","3.99"
"172895","1008","55"
"172895","1003","2.51"
"172896","1003","4.97"
"172896","1004","2.77"
"172896","1005","12.69"
"172896","1008","94"
"172897","1004","2.6"
"172897","1005","6.92"
"172897","1008","60"
"172897","1003","2.33"
"172898","1004","3.23"
"172898","1005","5.64"
"172898","1008","61"
"172898","1003","2.78"
"172899","1003","2.53"
"172899","1004","0.55"
"172899","1005","5.71"
"172899","1008","37"
"172900","1004","0.21"
"172900","1005","10.04"
"172900","1008","51"
"172900","1003","2.13"
"172901","1008","81"
"172901","1003","1.29"
"172901","1004","5.5"
"172901","1005","6.59"
"172902","1003","2.51"
"172902","1004","2.63"
"172902","1005","11.73"
"172902","1008","79"
"172903","1003","2.42"
"172903","1004","0.66"
"172903","1005","7.71"
"172903","1008","46"
"172904","1004","2.16"
"172904","1005","8.31"
"172904","1008","63"
"172904","1003","2.88"
"172905","1003","3.99"
"172905","1004","2.79"
"172905","1005","8.8"
"172905","1008","75"
"172906","1004","1.23"
"172906","1005","3.58"
"172906","1008","34"
"172906","1003","1.93"
"172907","1004","2.29"
"172907","1005","3.62"
"172907","1008","37"
"172907","1003","0.68"
"172908","1004","0.59"
"172908","1005","3.43"
"172908","1008","23"
"172908","1003","1.08"
"172909","1004","0.76"
"172909","1005","2.97"
"172909","1008","24"
"172909","1003","1.16"
"172910","1003","1.45"
"172910","1004","0.78"
"172910","1005","2.92"
"172910","1008","24"
"172911","1004","1.24"
"172911","1005","9.23"
"172911","1008","57"
"172911","1003","2.49"
"172912","1004","1.23"
"172912","1005","6.24"
"172912","1008","49"
"172912","1003","3.16"
"172913","1004","1.04"
"172913","1005","4.66"
"172913","1008","34"
"172913","1003","1.77"
"172914","1003","0.77"
"172914","1004","0.93"
"172914","1005","4.8"
"172914","1008","30"
"172915","1004","2.59"
"172915","1005","3.33"
"172915","1008","39"
"172915","1003","0.66"
"172916","1003","4.08"
"172916","1004","1.74"
"172916","1005","11.05"
"172916","1008","75"
"172917","1004","0.97"
"172917","1005","4.7"
"172917","1008","30"
"172917","1003","0.72"
"172918","1003","1.11"
"172918","1004","2.07"
"172918","1005","3.27"
"172918","1008","36"
"172919","1004","1.71"
"172919","1005","8.44"
"172919","1008","56"
"172919","1003","1.78"
"172920","1003","0.82"
"172920","1004","1.06"
"172920","1005","8.54"
"172920","1008","47"
"172921","1004","0.78"
"172921","1005","5.35"
"172921","1008","33"
"172921","1003","1.21"
"172922","1003","0.21"
"172922","1004","0.08"
"172922","1005","0.25"
"172922","1008","3"
"172923","1004","0.08"
"172923","1005","0.25"
"172923","1008","3"
"172923","1003","0.21"
"172924","1003","0.28"
"172924","1004","0.23"
"172924","1005","0.3"
"172924","1008","4"
"172925","1003","0.84"
"172925","1004","0.55"
"172925","1005","3.67"
"172925","1008","23"
"172926","1005","9.2"
"172926","1008","235"
"172926","1003","11.8"
"172926","1004","16.5"
"172927","1004","6.21"
"172927","1003","16.3"
"172927","1005","3.34"
"172927","1008","139"
"172928","1004","13.1"
"172928","1005","6.55"
"172928","1008","201"
"172928","1003","13.45"
"172929","1003","11.4"
"172929","1004","43.84"
"172929","1005","4.67"
"172929","1008","462"
"172930","1004","28"
"172930","1005","1.5"
"172930","1008","319"
"172930","1003","14.2"
"172931","1004","4.8"
"172931","1005","4.9"
"172931","1008","141"
"172931","1003","18.4"
"172932","1003","12.07"
"172932","1004","22.3"
"172932","1005","7.53"
"172932","1008","282"
"172933","1004","16.64"
"172933","1005","4.76"
"172933","1008","232"
"172933","1003","14.92"
"172934","1005","0.93"
"172934","1008","288"
"172934","1004","24.8"
"172934","1003","15.39"
"172935","1003","12.6"
"172935","1004","22.2"
"172935","1005","1.9"
"172935","1008","261"
"172936","1005","2.4"
"172936","1008","336"
"172936","1003","21.85"
"172936","1004","25.9"
"172937","1005","1.55"
"172937","1008","172"
"172937","1003","19.2"
"172937","1004","9.21"
"172938","1003","22.58"
"172938","1004","33.72"
"172938","1005","1.6"
"172938","1008","407"
"172939","1003","13.28"
"172939","1004","27.61"
"172939","1005","1.92"
"172939","1008","313"
"172940","1005","3.33"
"172940","1008","362"
"172940","1003","17.45"
"172940","1004","30.43"
"172941","1004","3.77"
"172941","1005","2.2"
"172941","1008","106"
"172941","1003","14.81"
"172942","1005","2.6"
"172942","1008","230"
"172942","1004","19.4"
"172942","1003","10.5"
"172943","1003","18.58"
"172943","1004","10.5"
"172943","1005","2.18"
"172943","1008","182"
"172944","1003","14.25"
"172944","1004","29.35"
"172944","1008","331"
"172944","1005","2.6"
"172945","1003","19.85"
"172945","1004","1.5"
"172945","1005","4.3"
"172945","1008","109"
"172946","1003","16.3"
"172946","1004","11.15"
"172946","1005","3.65"
"172946","1008","180"
"172947","1003","25.9"
"172947","1004","28.7"
"172947","1005","1.6"
"172947","1008","368"
"172948","1003","8"
"172948","1004","2.5"
"172948","1005","11.54"
"172948","1008","101"
"172949","1005","11.21"
"172949","1008","109"
"172949","1003","12.5"
"172949","1004","1.59"
"172950","1005","3.4"
"172950","1008","293"
"172950","1004","25.1"
"172950","1003","12.5"
"172951","1005","4.6"
"172951","1008","315"
"172951","1003","13.4"
"172951","1004","26.6"
"172952","1004","8.42"
"172952","1005","2.1"
"172952","1008","149"
"172952","1003","16.13"
"172953","1003","17.6"
"172953","1004","19.4"
"172953","1005","3.6"
"172953","1008","259"
"172954","1003","12.07"
"172954","1004","26.56"
"172954","1005","1.98"
"172954","1008","301"
"172955","1004","25.84"
"172955","1003","12.89"
"172955","1008","296"
"172955","1005","2.13"
"172956","1003","12.2"
"172956","1004","26.34"
"172956","1005","2"
"172956","1008","297"
"172957","1003","19.44"
"172957","1004","10.35"
"172957","1005","0"
"172957","1008","176"
"172958","1004","13.53"
"172958","1003","14.45"
"172958","1005","1.62"
"172958","1008","186"
"172959","1003","19.6"
"172959","1004","1.16"
"172959","1005","1.54"
"172959","1008","95"
"172960","1004","22.6"
"172960","1005","1.4"
"172960","1008","268"
"172960","1003","14.8"
"172961","1004","22.53"
"172961","1003","14"
"172961","1005","4.27"
"172961","1008","276"
"172962","1003","16.8"
"172962","1004","0.39"
"172962","1005","2.25"
"172962","1008","80"
"172963","1004","0.39"
"172963","1005","2.17"
"172963","1008","79"
"172963","1003","16.79"
"172964","1004","23.68"
"172964","1005","0.28"
"172964","1008","269"
"172964","1003","12.81"
"172965","1003","11.76"
"172965","1004","14.96"
"172965","1005","11.63"
"172965","1008","228"
"172966","1004","26.4"
"172966","1005","6.4"
"172966","1008","350"
"172966","1003","21.8"
"172967","1003","11.2"
"172967","1004","28.5"
"172967","1005","6.3"
"172967","1008","327"
"172968","1004","25.76"
"172968","1003","10.26"
"172968","1005","4.17"
"172968","1008","290"
"172969","1004","13.87"
"172969","1003","8.06"
"172969","1005","14.06"
"172969","1008","213"
"172970","1003","9.88"
"172970","1004","26.18"
"172970","1005","5.65"
"172970","1008","298"
"172971","1003","15.12"
"172971","1004","41.66"
"172971","1005","0.62"
"172971","1008","438"
"172972","1003","12.64"
"172972","1004","2.73"
"172972","1005","72.62"
"172972","1008","334"
"172973","1003","3.34"
"172973","1004","3.5"
"172973","1005","87.2"
"172973","1008","405"
"172974","1005","74.9"
"172974","1008","372"
"172974","1004","5.11"
"172974","1003","12.38"
"172975","1004","10.38"
"172975","1005","74.67"
"172975","1008","412"
"172975","1003","9.66"
"172976","1003","8.42"
"172976","1004","5.52"
"172976","1005","80.57"
"172976","1008","388"
"172977","1004","5.64"
"172977","1005","74.83"
"172977","1008","369"
"172977","1003","8.12"
"172978","1008","43"
"172978","1004","0.95"
"172978","1005","7.49"
"172978","1003","2.03"
"172979","1004","0.47"
"172979","1005","13.49"
"172979","1008","61"
"172979","1003","2.08"
"172980","1003","2.07"
"172980","1004","0.47"
"172980","1005","13.47"
"172980","1008","61"
"172981","1003","14.44"
"172981","1004","1.41"
"172981","1005","78.15"
"172981","1008","353"
"172982","1004","4.17"
"172982","1005","86.55"
"172982","1008","396"
"172982","1003","4.19"
"172983","1005","86.4"
"172983","1003","6.07"
"172983","1008","346"
"172983","1004","1.12"
"172984","1003","4.69"
"172984","1004","3.2"
"172984","1005","85.94"
"172984","1008","391"
"172985","1003","7.62"
"172985","1004","7.33"
"172985","1005","79.68"
"172985","1008","407"
"172986","1004","5.04"
"172986","1005","75.41"
"172986","1008","372"
"172986","1003","11.45"
"172987","1004","2.01"
"172987","1005","81.01"
"172987","1008","348"
"172987","1003","11.24"
"172988","1003","31.43"
"172988","1004","9.56"
"172988","1005","49.38"
"172988","1008","366"
"172989","1003","13.7"
"172989","1004","6.87"
"172989","1005","68.18"
"172989","1008","371"
"172990","1004","0.87"
"172990","1005","90.2"
"172990","1008","389"
"172990","1003","4.25"
"172991","1008","360"
"172991","1004","4"
"172991","1005","75.68"
"172991","1003","9.11"
"172992","1003","9.83"
"172992","1004","1.58"
"172992","1005","75.86"
"172992","1008","342"
"172993","1003","8.8"
"172993","1005","74.18"
"172993","1008","360"
"172993","1004","4.67"
"172994","1004","4.68"
"172994","1005","71.08"
"172994","1008","355"
"172994","1003","10.73"
"172995","1004","9.97"
"172995","1005","74.68"
"172995","1008","398"
"172995","1003","4.46"
"172996","1003","7.63"
"172996","1004","1.87"
"172996","1005","80.37"
"172996","1008","342"
"172997","1008","443"
"172997","1004","11.48"
"172997","1005","79.91"
"172997","1003","4.9"
"172998","1003","10.48"
"172998","1004","0.49"
"172998","1005","77.2"
"172998","1008","365"
"172999","1004","0.47"
"172999","1005","80.52"
"172999","1008","368"
"172999","1003","8.82"
"173000","1004","1.94"
"173000","1005","81.81"
"173000","1008","354"
"173000","1003","9.09"
"173001","1003","3.9"
"173001","1004","3.15"
"173001","1005","90.1"
"173001","1008","404"
"173002","1004","3.36"
"173002","1003","10.21"
"173002","1005","79.77"
"173002","1008","390"
"173003","1003","5.83"
"173003","1004","1.05"
"173003","1005","85.79"
"173003","1008","376"
"173004","1004","0.1"
"173004","1008","47"
"173004","1003","1.37"
"173004","1005","9.22"
"173005","1004","5.9"
"173005","1005","76.6"
"173005","1008","384"
"173005","1003","8.9"
"173006","1004","9.09"
"173006","1005","72.73"
"173006","1008","409"
"173006","1003","9.09"
"173007","1004","4.14"
"173007","1005","78.56"
"173007","1008","373"
"173007","1003","9.33"
"173008","1004","0.2"
"173008","1005","11.74"
"173008","1008","56"
"173008","1003","1.44"
"173009","1003","1.88"
"173009","1004","0.37"
"173009","1005","10.1"
"173009","1008","52"
"173010","1004","1.47"
"173010","1005","72.63"
"173010","1008","359"
"173010","1003","11.77"
"173011","1003","1.65"
"173011","1004","0.42"
"173011","1005","11.16"
"173011","1008","56"
"173012","1004","0.37"
"173012","1005","10.67"
"173012","1008","55"
"173012","1003","1.95"
"173013","1004","3.99"
"173013","1005","87.1"
"173013","1008","395"
"173013","1003","4.6"
"173014","1008","380"
"173014","1004","4.83"
"173014","1005","78.04"
"173014","1003","11.3"
"173015","1003","7.9"
"173015","1004","5.1"
"173015","1005","81.8"
"173015","1008","394"
"173016","1003","11.26"
"173016","1004","6.11"
"173016","1005","69.45"
"173016","1008","358"
"173017","1003","11.91"
"173017","1004","5.46"
"173017","1005","75.27"
"173017","1008","350"
"173018","1003","7.41"
"173018","1004","3.7"
"173018","1005","84"
"173018","1008","333"
"173019","1004","4.9"
"173019","1005","83.3"
"173019","1008","399"
"173019","1003","6.7"
"173020","1003","7.1"
"173020","1004","5"
"173020","1005","82.8"
"173020","1008","400"
"173021","1004","0.3"
"173021","1005","19.18"
"173021","1008","74"
"173021","1003","0.75"
"173022","1003","0.4"
"173022","1004","0.1"
"173022","1005","13.99"
"173022","1008","53"
"173023","1004","0.1"
"173023","1005","17.95"
"173023","1008","69"
"173023","1003","0.39"
"173024","1003","0.38"
"173024","1005","22.9"
"173024","1008","88"
"173024","1004","0.1"
"173025","1004","0.1"
"173025","1005","27.86"
"173025","1008","107"
"173025","1003","0.38"
"173026","1004","0.07"
"173026","1005","11.63"
"173026","1008","45"
"173026","1003","0.4"
"173027","1003","0.4"
"173027","1004","0.07"
"173027","1005","14.93"
"173027","1008","57"
"173028","1004","0.07"
"173028","1005","18.91"
"173028","1008","73"
"173028","1003","0.39"
"173029","1003","0.39"
"173029","1004","0.07"
"173029","1005","22.89"
"173029","1008","88"
"173030","1004","0.58"
"173030","1005","10.18"
"173030","1008","44"
"173030","1003","0.88"
"173031","1003","0.65"
"173031","1004","0.2"
"173031","1005","18.75"
"173031","1008","73"
"173032","1003","14.26"
"173032","1004","0.39"
"173032","1005","77.06"
"173032","1008","349"
"173033","1004","0.1"
"173033","1005","8.08"
"173033","1008","32"
"173033","1003","0.63"
"173034","1003","0.63"
"173034","1004","0.1"
"173034","1005","8.19"
"173034","1008","32"
"173035","1004","0.1"
"173035","1005","9.15"
"173035","1008","36"
"173035","1003","0.58"
"173036","1003","0.7"
"173036","1004","0.09"
"173036","1005","9.21"
"173036","1008","37"
"173037","1004","0.1"
"173037","1005","15.44"
"173037","1008","60"
"173037","1003","0.56"
"173038","1004","0.68"
"173038","1005","7.74"
"173038","1008","39"
"173038","1003","0.51"
"173039","1004","0.1"
"173039","1005","9.2"
"173039","1008","39"
"173039","1003","0.5"
"173040","1004","0.47"
"173040","1005","13.93"
"173040","1003","0.81"
"173040","1008","57"
"173041","1004","0.13"
"173041","1005","14.77"
"173041","1008","60"
"173041","1003","0.37"
"173042","1003","0.37"
"173042","1004","0.13"
"173042","1005","14.77"
"173042","1008","60"
"173043","1004","0.7"
"173043","1005","11.2"
"173043","1008","53"
"173043","1003","1.9"
"173044","1005","14.32"
"173044","1008","68"
"173044","1003","2.55"
"173044","1004","0.95"
"173045","1003","0.58"
"173045","1004","0.6"
"173045","1005","17.36"
"173045","1008","69"
"173046","1004","8.76"
"173046","1005","0.82"
"173046","1008","195"
"173046","1003","28.33"
"173047","1003","28.24"
"173047","1004","9.97"
"173047","1005","0.88"
"173047","1008","206"
"173048","1004","6.95"
"173048","1005","0.74"
"173048","1008","179"
"173048","1003","28.48"
"173049","1003","22.61"
"173049","1004","5.84"
"173049","1005","0"
"173049","1008","143"
"173050","1004","4.68"
"173050","1005","0"
"173050","1008","165"
"173050","1003","30.78"
"173051","1005","0"
"173051","1003","29.12"
"173051","1008","170"
"173051","1004","5.92"
"173052","1004","5.25"
"173052","1005","0"
"173052","1008","165"
"173052","1003","29.35"
"173053","1005","0"
"173053","1003","23.04"
"173053","1004","3.98"
"173053","1008","128"
"173054","1004","15.7"
"173054","1005","1.53"
"173054","1008","246"
"173054","1003","24.66"
"173055","1003","24.24"
"173055","1004","17.21"
"173055","1005","1.81"
"173055","1008","259"
"173056","1004","13.43"
"173056","1005","1.1"
"173056","1008","226"
"173056","1003","25.28"
"173057","1003","19.7"
"173057","1004","10.6"
"173057","1005","1.51"
"173057","1008","180"
"173058","1005","0"
"173058","1003","28.15"
"173058","1008","178"
"173058","1004","7.31"
"173059","1005","0"
"173059","1008","188"
"173059","1004","8.42"
"173059","1003","28"
"173060","1003","28.37"
"173060","1004","5.65"
"173060","1005","0"
"173060","1008","164"
"173061","1004","15"
"173061","1005","0.8"
"173061","1008","242"
"173061","1003","26"
"173062","1005","0"
"173062","1003","20.1"
"173062","1008","179"
"173062","1004","10.9"
"173063","1004","14.1"
"173063","1005","0.6"
"173063","1008","239"
"173063","1003","27.4"
"173064","1003","26.8"
"173064","1004","15.9"
"173064","1005","0.6"
"173064","1008","253"
"173065","1004","11.6"
"173065","1005","0.4"
"173065","1008","219"
"173065","1003","28.3"
"173066","1003","20.8"
"173066","1004","12.6"
"173066","1005","0.6"
"173066","1008","199"
"173067","1004","9.3"
"173067","1005","0"
"173067","1008","170"
"173067","1003","21.6"
"173068","1004","18.12"
"173068","1005","0"
"173068","1003","17.72"
"173068","1008","239"
"173069","1003","28.66"
"173069","1004","10.34"
"173069","1005","0"
"173069","1008","208"
"173070","1004","7.26"
"173070","1005","0"
"173070","1008","184"
"173070","1003","29.67"
"173071","1003","29.06"
"173071","1004","9.11"
"173071","1005","0"
"173071","1008","198"
"173072","1004","13.36"
"173072","1005","0"
"173072","1008","205"
"173072","1003","21.13"
"173073","1004","7.05"
"173073","1005","0"
"173073","1008","202"
"173073","1003","34.51"
"173074","1003","20.92"
"173074","1004","4.62"
"173074","1005","0"
"173074","1008","125"
"173075","1005","0"
"173075","1003","20.46"
"173075","1008","131"
"173075","1004","5.41"
"173076","1003","32.08"
"173076","1004","8.89"
"173076","1005","0"
"173076","1008","208"
"173077","1004","7.92"
"173077","1005","0"
"173077","1008","194"
"173077","1003","30.75"
"173078","1003","20.53"
"173078","1004","6.67"
"173078","1005","0"
"173078","1008","142"
"173079","1004","10.3"
"173079","1005","0"
"173079","1008","226"
"173079","1003","33.22"
"173080","1003","21.3"
"173080","1004","7.69"
"173080","1005","0"
"173080","1008","154"
"173081","1004","6"
"173081","1005","0"
"173081","1008","179"
"173081","1003","31.29"
"173082","1003","7.9"
"173082","1004","57.22"
"173082","1005","3.39"
"173082","1008","560"
"173083","1004","63.78"
"173083","1005","0.01"
"173083","1008","602"
"173083","1003","6.97"
"173084","1003","27.28"
"173084","1004","5.27"
"173084","1005","0"
"173084","1008","157"
"173085","1004","7.58"
"173085","1005","0"
"173085","1008","178"
"173085","1003","27.51"
"173086","1003","21.23"
"173086","1004","3.68"
"173086","1005","0.23"
"173086","1008","119"
"173087","1004","8.46"
"173087","1005","0"
"173087","1008","196"
"173087","1003","29.87"
"173088","1003","21.83"
"173088","1004","7.56"
"173088","1005","0"
"173088","1008","155"
"173089","1004","9.74"
"173089","1005","0.09"
"173089","1008","197"
"173089","1003","27.23"
"173090","1003","6.5"
"173090","1004","78.3"
"173090","1005","0"
"173090","1008","731"
"173091","1004","72.38"
"173091","1005","0"
"173091","1008","685"
"173091","1003","8.5"
"173092","1003","12.53"
"173092","1004","29.79"
"173092","1005","0"
"173092","1008","318"
"173093","1004","28.6"
"173093","1005","0"
"173093","1008","303"
"173093","1003","11.51"
"173094","1003","29.37"
"173094","1004","9.01"
"173094","1005","0.27"
"173094","1008","200"
"173095","1003","19"
"173095","1004","2.98"
"173095","1005","0"
"173095","1008","103"
"173096","1004","1.98"
"173096","1005","0"
"173096","1008","77"
"173096","1003","14.86"
"173097","1003","31.3"
"173097","1004","11.37"
"173097","1005","0"
"173097","1008","228"
"173098","1004","8.22"
"173098","1005","0"
"173098","1008","159"
"173098","1003","21.29"
"173099","1003","29.92"
"173099","1004","14.74"
"173099","1005","0"
"173099","1008","252"
"173100","1004","11.45"
"173100","1005","0"
"173100","1008","181"
"173100","1003","19.38"
"173101","1003","27.79"
"173101","1004","19.45"
"173101","1005","0.03"
"173101","1008","286"
"173102","1004","16.31"
"173102","1008","225"
"173102","1003","18.22"
"173102","1005","1.26"
"173103","1004","10.55"
"173103","1005","0"
"173103","1008","177"
"173103","1003","20.57"
"173104","1003","29.82"
"173104","1004","8.5"
"173104","1005","0.07"
"173104","1008","196"
"173105","1005","0"
"173105","1008","147"
"173105","1004","7.2"
"173105","1003","20.61"
"173106","1003","29.79"
"173106","1004","8.68"
"173106","1005","0"
"173106","1008","197"
"173107","1004","19.53"
"173107","1005","0.6"
"173107","1008","252"
"173107","1003","18.49"
"173108","1003","29.26"
"173108","1004","9.35"
"173108","1005","0.27"
"173108","1008","202"
"173109","1004","6.88"
"173109","1005","0"
"173109","1008","146"
"173109","1003","21.04"
"173110","1004","7"
"173110","1005","0"
"173110","1003","20.85"
"173110","1008","152"
"173111","1003","21.98"
"173111","1004","3"
"173111","1005","0"
"173111","1008","121"
"173112","1004","4.46"
"173112","1003","26.36"
"173112","1005","0"
"173112","1008","153"
"173113","1003","26.03"
"173113","1004","3.65"
"173113","1005","0"
"173113","1008","144"
"173114","1004","4.06"
"173114","1003","27.58"
"173114","1005","0"
"173114","1008","154"
"173115","1005","0"
"173115","1004","9.02"
"173115","1003","34.22"
"173115","1008","228"
"173116","1005","0"
"173116","1003","22.78"
"173116","1004","6.43"
"173116","1008","155"
"173117","1005","0"
"173117","1003","29.01"
"173117","1004","9.1"
"173117","1008","206"
"173118","1005","0"
"173118","1003","29.51"
"173118","1004","6.72"
"173118","1008","187"
"173119","1005","0"
"173119","1004","8.45"
"173119","1003","29.16"
"173119","1008","201"
"173120","1005","0"
"173120","1003","22.31"
"173120","1004","2.62"
"173120","1008","119"
"173121","1005","0"
"173121","1004","3.37"
"173121","1003","23.13"
"173121","1008","129"
"173122","1005","0"
"173122","1003","22.18"
"173122","1004","3.66"
"173122","1008","128"
"173123","1005","0"
"173123","1004","7.63"
"173123","1003","29.58"
"173123","1008","195"
"173124","1004","4.21"
"173124","1005","0"
"173124","1003","21.34"
"173124","1008","129"
"173125","1003","21.07"
"173125","1004","3.95"
"173125","1005","0"
"173125","1008","126"
"173126","1004","4.55"
"173126","1005","0"
"173126","1003","20.76"
"173126","1008","130"
"173127","1003","21.38"
"173127","1004","3.35"
"173127","1005","0"
"173127","1008","122"
"173128","1004","22.15"
"173128","1003","18.12"
"173128","1005","0.12"
"173128","1008","278"
"173129","1003","17.77"
"173129","1004","22.21"
"173129","1005","0"
"173129","1008","276"
"173130","1004","19.47"
"173130","1005","0"
"173130","1003","28.66"
"173130","1008","298"
"173131","1004","6.1"
"173131","1005","76.04"
"173131","1008","402"
"173131","1003","10.72"
"173132","1003","22.35"
"173132","1004","8.99"
"173132","1005","51.66"
"173132","1008","377"
"173133","1004","20.78"
"173133","1003","5.88"
"173133","1005","64.69"
"173133","1008","463"
"173134","1003","22.5"
"173134","1005","55.13"
"173134","1008","381"
"173134","1004","7.87"
"173135","1004","11.95"
"173135","1005","73.01"
"173135","1003","3.78"
"173135","1008","415"
"173136","1008","386"
"173136","1004","10.79"
"173136","1005","50.3"
"173136","1003","21.91"
"173137","1005","69.63"
"173137","1008","363"
"173137","1003","14.15"
"173137","1004","3.11"
"173138","1004","9.27"
"173138","1003","6.21"
"173138","1005","57.87"
"173138","1008","325"
"173139","1003","16.19"
"173139","1004","8.92"
"173139","1005","60.21"
"173139","1008","386"
"173140","1005","53.15"
"173140","1008","385"
"173140","1004","7.35"
"173140","1003","26.5"
"173141","1003","8.38"
"173141","1004","30.22"
"173141","1005","57.26"
"173141","1008","535"
"173142","1004","29.59"
"173142","1005","63.84"
"173142","1008","531"
"173142","1003","2.28"
"173143","1003","6.62"
"173143","1004","22.33"
"173143","1005","67.38"
"173143","1008","497"
"173144","1004","9.23"
"173144","1005","59.58"
"173144","1008","393"
"173144","1003","17.88"
"173145","1004","12.5"
"173145","1005","69.4"
"173145","1008","412"
"173145","1003","5.55"
"173146","1003","7.17"
"173146","1004","17.5"
"173146","1005","66.27"
"173146","1008","451"
"173147","1003","11.79"
"173147","1004","15.2"
"173147","1005","68.26"
"173147","1008","457"
"173148","1003","8.6"
"173148","1004","20"
"173148","1005","60.13"
"173148","1008","455"
"173149","1004","10"
"173149","1003","5"
"173149","1005","69.82"
"173149","1008","389"
"173150","1003","12.34"
"173150","1004","15.14"
"173150","1005","66.36"
"173150","1008","451"
"173151","1003","9.38"
"173151","1004","10.93"
"173151","1005","66.72"
"173151","1008","403"
"173152","1004","25.91"
"173152","1003","1.34"
"173152","1005","69.23"
"173152","1008","515"
"173153","1004","11.43"
"173153","1005","72.27"
"173153","1003","5.71"
"173153","1008","415"
"173154","1004","20.42"
"173154","1005","64.96"
"173154","1008","480"
"173154","1003","7.52"
"173155","1003","8.2"
"173155","1004","2.8"
"173155","1005","81.5"
"173155","1008","384"
"173156","1004","17.64"
"173156","1005","70.07"
"173156","1008","467"
"173156","1003","7.05"
"173157","1008","432"
"173157","1003","14.11"
"173157","1004","14.11"
"173157","1005","62.2"
"173158","1008","412"
"173158","1003","30.34"
"173158","1004","15.17"
"173158","1005","38.4"
"173159","1005","48.73"
"173159","1008","415"
"173159","1004","12"
"173159","1003","28"
"173160","1004","17.86"
"173160","1005","59.09"
"173160","1008","426"
"173160","1003","7.14"
"173161","1003","10"
"173161","1005","82.64"
"173161","1008","416"
"173161","1004","5"
"173162","1003","0"
"173162","1004","0"
"173162","1005","1.38"
"173162","1008","5"
"173163","1004","0.1"
"173163","1005","97.3"
"173163","1008","383"
"173163","1003","0.6"
"173164","1003","0.1"
"173164","1004","0.02"
"173164","1005","15.85"
"173164","1008","164"
"173165","1003","0"
"173165","1004","0"
"173165","1005","11.25"
"173165","1008","44"
"173166","1004","0"
"173166","1005","1.25"
"173166","1008","5"
"173166","1003","0"
"173167","1003","66.67"
"173167","1004","5.13"
"173167","1005","17.95"
"173167","1008","385"
"173168","1003","0"
"173168","1004","0.3"
"173168","1005","41.6"
"173168","1008","371"
"173169","1003","5.38"
"173169","1004","5.38"
"173169","1005","17.29"
"173169","1008","138"
"173170","1003","6.59"
"173170","1004","3.38"
"173170","1005","0.85"
"173170","1008","61"
"173171","1003","3.32"
"173171","1004","1.93"
"173171","1005","7.74"
"173171","1008","57"
"173172","1004","13.34"
"173172","1003","8.13"
"173172","1005","73.92"
"173172","1008","448"
"173173","1004","0.06"
"173173","1005","9.2"
"173173","1008","38"
"173173","1003","0.68"
"173174","1003","27.87"
"173174","1005","50"
"173174","1004","13.46"
"173174","1008","433"
"173175","1003","0.83"
"173175","1004","0.83"
"173175","1005","12.83"
"173175","1008","62"
"173176","1004","0"
"173176","1003","0.2"
"173176","1005","13.69"
"173176","1008","160"
"173177","1004","1.16"
"173177","1005","29.07"
"173177","1008","359"
"173177","1003","58.14"
"173178","1003","0.21"
"173178","1004","0"
"173178","1005","5.42"
"173178","1008","21"
"173179","1004","0"
"173179","1005","12.5"
"173179","1008","45"
"173179","1003","0"
"173180","1003","78.13"
"173180","1004","1.56"
"173180","1005","6.25"
"173180","1008","352"
"173181","1004","5.56"
"173181","1005","28.89"
"173181","1008","388"
"173181","1003","55.56"
"173182","1004","0"
"173182","1003","0"
"173182","1005","92.96"
"173182","1008","372"
"173183","1004","0"
"173183","1005","0"
"173183","1008","0"
"173183","1003","0"
"173184","1003","3.25"
"173184","1004","0.17"
"173184","1005","8.64"
"173184","1008","49"
"173185","1004","0"
"173185","1005","2.72"
"173185","1008","83"
"173185","1003","0.07"
"173186","1004","0"
"173186","1005","7.76"
"173186","1008","37"
"173186","1003","1.22"
"173187","1004","1.46"
"173187","1005","1.25"
"173187","1008","21"
"173187","1003","0.83"
"173188","1005","0"
"173188","1008","0"
"173188","1003","0"
"173188","1004","0"
"173189","1004","0"
"173189","1005","13.75"
"173189","1008","50"
"173189","1003","0"
"173190","1004","0"
"173190","1005","2.61"
"173190","1008","85"
"173190","1003","0.07"
"173191","1004","0"
"173191","1005","2.79"
"173191","1003","0.07"
"173191","1008","85"
"173192","1004","0"
"173192","1005","2.86"
"173192","1003","0.07"
"173192","1008","88"
"173193","1004","0"
"173193","1005","2.68"
"173193","1003","0.07"
"173193","1008","85"
"173194","1004","0"
"173194","1005","3.01"
"173194","1003","0.07"
"173194","1008","83"
"173195","1004","0"
"173195","1005","3.31"
"173195","1003","0.07"
"173195","1008","80"
"173196","1004","0"
"173196","1005","2.27"
"173196","1003","0.07"
"173196","1008","82"
"173197","1003","0.04"
"173197","1004","0.01"
"173197","1005","7.47"
"173197","1008","29"
"173198","1004","0"
"173198","1005","3.48"
"173198","1003","0.07"
"173198","1008","76"
"173199","1003","0"
"173199","1004","0"
"173199","1005","13.3"
"173199","1008","51"
"173200","1004","0"
"173200","1005","3.74"
"173200","1003","0.07"
"173200","1008","80"
"173201","1004","0"
"173201","1005","2.05"
"173201","1003","0.07"
"173201","1008","81"
"173202","1004","0"
"173202","1005","13.39"
"173202","1003","0.07"
"173202","1008","112"
"173203","1003","0"
"173203","1004","0"
"173203","1005","11.2"
"173203","1008","43"
"173204","1004","0"
"173204","1005","0"
"173204","1008","0"
"173204","1003","0.1"
"173205","1004","0"
"173205","1005","10.42"
"173205","1008","41"
"173205","1003","0.09"
"173206","1003","0.05"
"173206","1004","0.02"
"173206","1005","10.14"
"173206","1008","40"
"173207","1004","0"
"173207","1005","0"
"173207","1008","0"
"173207","1003","0.1"
"173208","1004","0"
"173208","1005","3.69"
"173208","1003","0.07"
"173208","1008","86"
"173209","1004","0.1"
"173209","1005","10.4"
"173209","1008","41"
"173209","1003","0"
"173210","1003","0.46"
"173210","1004","0"
"173210","1005","10.23"
"173210","1008","43"
"173211","1004","0"
"173211","1005","0.83"
"173211","1008","0"
"173211","1003","0"
"173212","1003","0"
"173212","1004","0"
"173212","1005","8.75"
"173212","1008","38"
"173213","1003","0"
"173213","1004","0"
"173213","1005","14.55"
"173213","1008","57"
"173214","1004","0.34"
"173214","1005","12.25"
"173214","1008","52"
"173214","1003","0"
"173215","1003","0.1"
"173215","1004","0"
"173215","1005","0.1"
"173215","1008","2"
"173216","1004","0.7"
"173216","1005","49.89"
"173216","1008","196"
"173216","1003","0.22"
"173217","1003","0.07"
"173217","1004","0.04"
"173217","1005","10.42"
"173217","1008","40"
"173218","1004","0"
"173218","1005","0.1"
"173218","1008","2"
"173218","1003","0.1"
"173219","1003","3.67"
"173219","1004","3.21"
"173219","1005","10.67"
"173219","1008","86"
"173220","1004","9.52"
"173220","1005","71.21"
"173220","1008","428"
"173220","1003","14.29"
"173221","1003","3.86"
"173221","1004","3.62"
"173221","1005","10.23"
"173221","1008","88"
"173222","1004","0"
"173222","1005","92.96"
"173222","1008","372"
"173222","1003","0"
"173223","1004","0.1"
"173223","1005","12.7"
"173223","1008","51"
"173223","1003","0.3"
"173224","1003","0.2"
"173224","1004","0.1"
"173224","1005","11.6"
"173224","1008","47"
"173225","1004","0"
"173225","1005","11.8"
"173225","1008","50"
"173225","1003","1.3"
"173226","1003","3.37"
"173226","1004","6.52"
"173226","1005","19.59"
"173226","1008","148"
"173227","1003","0"
"173227","1004","0"
"173227","1005","0.3"
"173227","1008","1"
"173228","1004","0.6"
"173228","1003","3.3"
"173228","1005","85.4"
"173228","1008","338"
"173229","1004","0.73"
"173229","1005","98.55"
"173229","1003","0.12"
"173229","1008","401"
"173230","1004","0"
"173230","1005","58.66"
"173230","1008","315"
"173230","1003","20.21"
"173231","1003","0.02"
"173231","1004","0"
"173231","1005","0.44"
"173231","1008","2"
"173232","1003","0"
"173232","1004","0"
"173232","1005","0.2"
"173232","1008","1"
"173233","1004","0"
"173233","1005","0"
"173233","1008","0"
"173233","1003","0"
"173234","1003","0"
"173234","1004","0"
"173234","1005","0"
"173234","1008","0"
"173235","1004","0"
"173235","1003","0"
"173235","1005","98.94"
"173235","1008","386"
"173236","1004","0"
"173236","1005","12.65"
"173236","1008","49"
"173236","1003","0"
"173237","1003","3.6"
"173237","1004","0"
"173237","1005","85.9"
"173237","1008","217"
"173238","1004","1.8"
"173238","1005","46"
"173238","1008","235"
"173238","1003","7.7"
"173239","1003","1.9"
"173239","1004","11"
"173239","1005","34"
"173239","1008","237"
"173240","1004","16.1"
"173240","1005","42.6"
"173240","1008","316"
"173240","1003","3"
"173241","1003","5.7"
"173241","1004","2.5"
"173241","1005","46.6"
"173241","1008","222"
"173242","1004","7.1"
"173242","1005","55.6"
"173242","1008","325"
"173242","1003","8.7"
"173243","1003","5.4"
"173243","1004","1.2"
"173243","1005","61"
"173243","1008","283"
"173244","1004","5.5"
"173244","1005","84.1"
"173244","1008","404"
"173244","1003","4.7"
"173245","1003","3.02"
"173245","1004","22.55"
"173245","1005","61.23"
"173245","1008","460"
"173246","1004","12.05"
"173246","1005","68.16"
"173246","1008","400"
"173246","1003","4.67"
"173247","1003","4.5"
"173247","1004","14.99"
"173247","1005","69.44"
"173247","1008","431"
"173248","1004","17.11"
"173248","1005","64.78"
"173248","1008","430"
"173248","1003","4.41"
"173249","1004","14.43"
"173249","1005","69.12"
"173249","1008","420"
"173249","1003","3.5"
"173250","1003","4.27"
"173250","1004","11.83"
"173250","1005","70.55"
"173250","1008","406"
"173251","1004","17.55"
"173251","1005","72.23"
"173251","1008","468"
"173251","1003","5.17"
"173252","1003","9"
"173252","1004","24.28"
"173252","1005","58.48"
"173252","1008","480"
"173253","1003","4.35"
"173253","1004","13.26"
"173253","1005","65.92"
"173253","1008","400"
"173254","1003","13.3"
"173254","1004","5.1"
"173254","1005","72.7"
"173254","1008","390"
"173255","1004","16.6"
"173255","1005","71.8"
"173255","1008","465"
"173255","1003","7.1"
"173256","1004","10.3"
"173256","1005","75.6"
"173256","1008","418"
"173256","1003","5.6"
"173257","1004","32.8"
"173257","1005","55.2"
"173257","1008","548"
"173257","1003","8"
"173258","1004","23.21"
"173258","1005","63.51"
"173258","1008","492"
"173258","1003","7.23"
"173259","1003","6.4"
"173259","1004","2.79"
"173259","1005","47.07"
"173259","1008","236"
"173260","1004","21.26"
"173260","1005","60.75"
"173260","1008","450"
"173260","1003","3.82"
"173261","1003","8.59"
"173261","1004","2.88"
"173261","1005","46.35"
"173261","1008","243"
"173262","1003","9.53"
"173262","1004","1.24"
"173262","1005","76.85"
"173262","1008","357"
"173263","1004","0.85"
"173263","1005","31.33"
"173263","1003","3.09"
"173263","1008","147"
"173264","1004","1.7"
"173264","1005","40.75"
"173264","1008","200"
"173264","1003","4.21"
"173265","1003","3.2"
"173265","1004","1"
"173265","1005","38.05"
"173265","1008","179"
"173266","1008","305"
"173266","1003","11.33"
"173266","1004","20.73"
"173266","1005","19.06"
"173267","1005","16.37"
"173267","1008","233"
"173267","1004","14.08"
"173267","1003","10.64"
"173268","1003","11.93"
"173268","1004","14.93"
"173268","1005","30.56"
"173268","1008","300"
"173269","1003","12.92"
"173269","1004","16.4"
"173269","1005","22.5"
"173269","1008","289"
"173270","1004","14.95"
"173270","1005","18.98"
"173270","1008","261"
"173270","1003","12.45"
"173271","1003","12.09"
"173271","1004","21.78"
"173271","1005","15.9"
"173271","1008","308"
"173272","1008","212"
"173272","1004","16.18"
"173272","1005","2.08"
"173272","1003","13.84"
"173273","1003","2.58"
"173273","1004","17.04"
"173273","1005","28.88"
"173273","1008","272"
"173274","1003","4.24"
"173274","1004","4.86"
"173274","1005","26.36"
"173274","1008","163"
"173275","1003","4.71"
"173275","1004","5.98"
"173275","1005","31.81"
"173275","1008","196"
"173276","1004","5.46"
"173276","1005","30.17"
"173276","1008","180"
"173276","1003","3.57"
"173277","1003","11.52"
"173277","1004","7.47"
"173277","1005","19.52"
"173277","1008","191"
"173278","1004","6.8"
"173278","1005","23.37"
"173278","1008","180"
"173278","1003","7.03"
"173279","1004","11.38"
"173279","1005","31.55"
"173279","1008","280"
"173279","1003","12.86"
"173280","1003","11.97"
"173280","1004","14.21"
"173280","1005","30.49"
"173280","1008","298"
"173281","1004","10.72"
"173281","1005","25.62"
"173281","1008","243"
"173281","1003","10.9"
"173282","1004","8.97"
"173282","1005","33.24"
"173282","1003","10.8"
"173282","1008","257"
"173283","1003","10.76"
"173283","1004","9.83"
"173283","1005","33.48"
"173283","1008","265"
"173284","1003","11.53"
"173284","1004","9.25"
"173284","1005","32.74"
"173284","1008","260"
"173285","1004","11.86"
"173285","1003","11.97"
"173285","1005","30.04"
"173285","1008","275"
"173286","1003","10.27"
"173286","1004","10.21"
"173286","1005","26.69"
"173286","1008","240"
"173287","1004","15.66"
"173287","1003","12.29"
"173287","1005","26.26"
"173287","1008","295"
"173288","1003","12.93"
"173288","1004","10.81"
"173288","1005","29.03"
"173288","1008","265"
"173289","1004","16.99"
"173289","1005","22.85"
"173289","1008","309"
"173289","1003","16.23"
"173290","1003","11.98"
"173290","1004","10.42"
"173290","1005","33.42"
"173290","1008","275"
"173291","1005","32.85"
"173291","1008","276"
"173291","1004","11.25"
"173291","1003","10.85"
"173292","1004","9.69"
"173292","1005","33.33"
"173292","1008","266"
"173292","1003","11.39"
"173293","1003","10.81"
"173293","1004","10.54"
"173293","1005","33.17"
"173293","1008","271"
"173294","1004","13.95"
"173294","1005","31.2"
"173294","1008","302"
"173294","1003","12.85"
"173295","1003","11.74"
"173295","1004","11.91"
"173295","1005","31.98"
"173295","1008","282"
"173296","1004","12.58"
"173296","1005","31.84"
"173296","1008","287"
"173296","1003","11.49"
"173297","1003","15.79"
"173297","1004","19.81"
"173297","1005","15.09"
"173297","1008","302"
"173298","1004","16.3"
"173298","1005","28.56"
"173298","1008","271"
"173298","1003","2.48"
"173299","1004","5.84"
"173299","1003","6"
"173299","1005","38.27"
"173299","1008","228"
"173300","1003","12.03"
"173300","1004","13.19"
"173300","1005","26.19"
"173300","1008","272"
"173301","1003","3.58"
"173301","1004","4.89"
"173301","1005","33.36"
"173301","1008","188"
"173302","1004","5.91"
"173302","1005","30.05"
"173302","1003","4.14"
"173302","1008","186"
"173303","1003","4.02"
"173303","1004","6.46"
"173303","1005","26.82"
"173303","1008","177"
"173304","1004","5.66"
"173304","1005","25.55"
"173304","1003","3.97"
"173304","1008","165"
"173305","1004","13.21"
"173305","1005","27.97"
"173305","1008","273"
"173305","1003","10.43"
"173306","1004","8.46"
"173306","1005","30.95"
"173306","1008","240"
"173306","1003","11.08"
"173307","1003","13.64"
"173307","1004","9.66"
"173307","1005","21.67"
"173307","1008","228"
"173308","1004","21.06"
"173308","1005","24.52"
"173308","1008","333"
"173308","1003","12.66"
"173309","1003","7.56"
"173309","1004","15.23"
"173309","1005","29.48"
"173309","1008","285"
"173310","1003","7.81"
"173310","1004","12.5"
"173310","1005","37.55"
"173310","1008","294"
"173311","1003","4.05"
"173311","1004","8.06"
"173311","1005","46.08"
"173311","1008","272"
"173312","1003","10.28"
"173312","1004","3.14"
"173312","1005","3.64"
"173312","1008","81"
"173313","1003","2.47"
"173313","1004","1.13"
"173313","1005","17.67"
"173313","1008","90"
"173314","1004","7.62"
"173314","1005","31.08"
"173314","1008","243"
"173314","1003","12.47"
"173315","1004","21.78"
"173315","1005","15.9"
"173315","1008","308"
"173315","1003","12.09"
"173316","1004","25.45"
"173316","1005","23"
"173316","1008","376"
"173316","1003","13.73"
"173317","1003","11.34"
"173317","1004","12.37"
"173317","1005","17.33"
"173317","1008","226"
"173318","1004","13.3"
"173318","1005","22.69"
"173318","1003","12.17"
"173318","1008","259"
"173319","1004","16.18"
"173319","1005","17.97"
"173319","1008","282"
"173319","1003","16.24"
"173320","1003","16.96"
"173320","1004","16.22"
"173320","1005","14.43"
"173320","1008","272"
"173321","1003","19.22"
"173321","1004","13.95"
"173321","1005","17.25"
"173321","1008","271"
"173322","1005","22.64"
"173322","1008","295"
"173322","1003","12.98"
"173322","1004","16.97"
"173323","1005","22.99"
"173323","1008","282"
"173323","1004","14.07"
"173323","1003","15.95"
"173324","1004","6.46"
"173324","1005","26.82"
"173324","1008","182"
"173324","1003","4.02"
"173325","1004","2.46"
"173325","1003","3.38"
"173325","1005","11.52"
"173325","1008","82"
"173326","1004","8.6"
"173326","1005","30.4"
"173326","1008","235"
"173326","1003","8.9"
"173327","1003","9.16"
"173327","1004","15"
"173327","1005","24.69"
"173327","1008","270"
"173328","1003","2.48"
"173328","1004","1.45"
"173328","1005","13.64"
"173328","1008","77"
"173329","1004","3.41"
"173329","1003","3.24"
"173329","1005","13.26"
"173329","1008","97"
"173330","1003","4.41"
"173330","1004","5.53"
"173330","1005","7.85"
"173330","1008","99"
"173331","1004","11.85"
"173331","1005","19.21"
"173331","1008","204"
"173331","1003","5.11"
"173332","1008","164"
"173332","1003","8.73"
"173332","1004","10.24"
"173332","1005","9.27"
"173333","1003","6.54"
"173333","1004","5.33"
"173333","1005","13.84"
"173333","1008","130"
"173334","1004","4.42"
"173334","1005","14.39"
"173334","1008","124"
"173334","1003","6.63"
"173335","1004","9.61"
"173335","1003","7.26"
"173335","1005","30.84"
"173335","1008","239"
"173336","1004","6.3"
"173336","1005","34.01"
"173336","1008","221"
"173336","1003","7.07"
"173337","1003","5.98"
"173337","1004","5.99"
"173337","1005","13.96"
"173337","1008","134"
"173338","1005","16.32"
"173338","1008","128"
"173338","1004","3.89"
"173338","1003","6.97"
"173339","1003","5.65"
"173339","1004","1.56"
"173339","1005","22.46"
"173339","1008","126"
"173340","1003","13.86"
"173340","1004","4.82"
"173340","1005","70.12"
"173340","1008","379"
"173341","1004","8.28"
"173341","1005","23.93"
"173341","1008","190"
"173341","1003","4.89"
"173342","1003","5.6"
"173342","1004","6.41"
"173342","1005","17.28"
"173342","1008","149"
"173343","1004","9.4"
"173343","1005","16.18"
"173343","1008","157"
"173343","1003","1.96"
"173344","1003","13.19"
"173344","1004","4.42"
"173344","1005","18.74"
"173344","1008","168"
"173345","1004","12.02"
"173345","1005","26.96"
"173345","1008","250"
"173345","1003","8.57"
"173346","1003","14.62"
"173346","1004","13.58"
"173346","1005","14.86"
"173346","1008","240"
"173347","1004","1.04"
"173347","1005","76.08"
"173347","1008","356"
"173347","1003","10.64"
"173348","1003","2.65"
"173348","1004","3.45"
"173348","1005","23.54"
"173348","1008","136"
"173349","1004","4.97"
"173349","1005","0"
"173349","1008","130"
"173349","1003","21.39"
"173350","1004","14.06"
"173350","1008","214"
"173350","1003","20.49"
"173350","1005","0"
"173351","1003","24.6"
"173351","1004","20.36"
"173351","1008","289"
"173351","1005","0"
"173352","1004","14.19"
"173352","1008","215"
"173352","1003","20.28"
"173352","1005","0"
"173353","1003","25.18"
"173353","1004","19.22"
"173353","1008","281"
"173353","1005","0"
"173354","1003","21.41"
"173354","1004","4.66"
"173354","1005","0"
"173354","1008","133"
"173355","1004","7.68"
"173355","1003","26.07"
"173355","1005","0"
"173355","1008","181"
"173356","1003","20.93"
"173356","1004","5.79"
"173356","1005","0"
"173356","1008","142"
"173357","1004","6.12"
"173357","1003","20.39"
"173357","1008","143"
"173357","1005","0"
"173358","1003","26.07"
"173358","1004","8.11"
"173358","1005","0"
"173358","1008","184"
"173359","1004","9.22"
"173359","1003","19.38"
"173359","1005","0"
"173359","1008","166"
"173360","1003","25.29"
"173360","1004","11.52"
"173360","1008","212"
"173360","1005","0"
"173361","1004","6.85"
"173361","1003","20.74"
"173361","1005","0"
"173361","1008","150"
"173362","1003","26.88"
"173362","1004","8.13"
"173362","1005","0"
"173362","1008","188"
"173363","1004","5.21"
"173363","1003","20.98"
"173363","1008","137"
"173363","1005","0"
"173364","1003","28.01"
"173364","1004","5.17"
"173364","1005","0"
"173364","1008","166"
"173365","1004","6.22"
"173365","1003","20.54"
"173365","1005","0"
"173365","1008","144"
"173366","1003","26.22"
"173366","1004","7.2"
"173366","1005","0"
"173366","1008","177"
"173367","1004","4"
"173367","1003","21.69"
"173367","1005","0"
"173367","1008","129"
"173368","1003","24.93"
"173368","1004","12.79"
"173368","1005","0"
"173368","1008","222"
"173369","1004","5.89"
"173369","1005","0"
"173369","1008","143"
"173369","1003","20.93"
"173370","1003","27.12"
"173370","1004","6.78"
"173370","1005","0"
"173370","1008","177"
"173371","1004","5.53"
"173371","1005","0"
"173371","1008","142"
"173371","1003","21.59"
"173372","1003","28.72"
"173372","1004","9.68"
"173372","1005","0"
"173372","1008","202"
"173373","1004","12.69"
"173373","1005","0"
"173373","1008","234"
"173373","1003","29.99"
"173374","1003","21.17"
"173374","1004","8.82"
"173374","1005","0"
"173374","1008","164"
"173375","1004","13.72"
"173375","1005","0"
"173375","1008","242"
"173375","1003","29.56"
"173376","1003","18.74"
"173376","1004","14.53"
"173376","1005","0.19"
"173376","1008","206"
"173377","1004","20.28"
"173377","1005","0"
"173377","1008","291"
"173377","1003","27.03"
"173378","1003","18.47"
"173378","1004","15.26"
"173378","1005","0.17"
"173378","1008","212"
"173379","1004","17.1"
"173379","1005","0"
"173379","1008","268"
"173379","1003","28.65"
"173380","1003","21.44"
"173380","1004","8.5"
"173380","1005","0"
"173380","1008","162"
"173381","1004","8.31"
"173381","1005","0"
"173381","1008","191"
"173381","1003","29.18"
"173382","1003","22.46"
"173382","1004","5.78"
"173382","1005","0"
"173382","1008","142"
"173383","1004","20.57"
"173383","1005","0"
"173383","1008","299"
"173383","1003","28.36"
"173384","1003","19.71"
"173384","1004","15.73"
"173384","1005","0.2"
"173384","1008","221"
"173385","1004","24.7"
"173385","1005","0"
"173385","1008","313"
"173385","1003","22.71"
"173386","1003","23.19"
"173386","1004","23.47"
"173386","1005","0"
"173386","1008","304"
"173387","1004","24.2"
"173387","1005","0"
"173387","1008","309"
"173387","1003","22.9"
"173388","1003","23.53"
"173388","1004","23.61"
"173388","1005","0"
"173388","1008","307"
"173389","1004","19.34"
"173389","1005","0"
"173389","1008","248"
"173389","1003","18.44"
"173390","1003","22.92"
"173390","1004","23.52"
"173390","1005","0"
"173390","1008","303"
"173391","1004","19.25"
"173391","1005","0"
"173391","1008","273"
"173391","1003","24.83"
"173392","1003","23.69"
"173392","1004","21.81"
"173392","1005","0"
"173392","1008","291"
"173393","1004","19.95"
"173393","1005","0"
"173393","1008","253"
"173393","1003","18.39"
"173394","1003","19.55"
"173394","1004","16.9"
"173394","1005","0"
"173394","1008","230"
"173395","1004","14.2"
"173395","1005","0"
"173395","1008","245"
"173395","1003","29.36"
"173396","1003","28.9"
"173396","1004","15.3"
"173396","1005","0"
"173396","1008","253"
"173397","1004","20.47"
"173397","1005","0"
"173397","1008","292"
"173397","1003","27.06"
"173398","1003","26.46"
"173398","1004","21.62"
"173398","1005","0"
"173398","1008","300"
"173399","1004","18.75"
"173399","1005","0"
"173399","1008","281"
"173399","1003","27.95"
"173400","1003","17.98"
"173400","1004","17.59"
"173400","1005","0.35"
"173400","1008","232"
"173401","1004","15.9"
"173401","1005","0"
"173401","1008","248"
"173401","1003","26.29"
"173402","1003","19.26"
"173402","1004","16.71"
"173402","1005","0.12"
"173402","1008","228"
"173403","1004","18.43"
"173403","1005","0.2"
"173403","1008","241"
"173403","1003","18.69"
"173404","1003","20.12"
"173404","1004","14.14"
"173404","1005","0"
"173404","1008","208"
"173405","1004","29.89"
"173405","1005","0.9"
"173405","1008","336"
"173405","1003","15.75"
"173406","1003","16.75"
"173406","1004","26.23"
"173406","1005","0.6"
"173406","1008","305"
"173407","1005","0"
"173407","1003","28.97"
"173407","1008","173"
"173407","1004","6.37"
"173408","1005","0"
"173408","1004","4.4"
"173408","1008","132"
"173408","1003","23.03"
"173409","1005","0"
"173409","1004","4.68"
"173409","1008","128"
"173409","1003","21.44"
"173410","1008","717"
"173410","1004","81.11"
"173410","1005","0.06"
"173410","1003","0.85"
"173411","1004","78.3"
"173411","1003","0.49"
"173411","1005","0"
"173411","1008","731"
"173412","1008","876"
"173412","1005","0"
"173412","1004","99.48"
"173412","1003","0.28"
"173413","1003","25.18"
"173413","1004","29.2"
"173413","1005","3.06"
"173413","1008","376"
"173414","1005","3.37"
"173414","1008","403"
"173414","1003","22.87"
"173414","1004","33.31"
"173415","1003","23.37"
"173415","1004","30.6"
"173415","1005","4.78"
"173415","1008","387"
"173416","1008","394"
"173416","1004","32.11"
"173416","1005","2.57"
"173416","1003","23.76"
"173417","1008","72"
"173417","1003","12.39"
"173417","1004","1.02"
"173417","1005","2.72"
"173418","1003","6.15"
"173418","1004","34.44"
"173418","1005","5.52"
"173418","1008","350"
"173419","1008","357"
"173419","1004","28.57"
"173419","1003","24.99"
"173419","1005","1.43"
"173420","1004","21.49"
"173420","1005","3.88"
"173420","1008","265"
"173420","1003","14.21"
"173421","1004","25.6"
"173421","1005","0.81"
"173421","1003","15.53"
"173421","1008","296"
"173422","1003","13.87"
"173422","1004","22.82"
"173422","1005","10.95"
"173422","1008","307"
"173423","1003","13.61"
"173423","1004","14.84"
"173423","1005","0.83"
"173423","1008","196"
"173424","1008","155"
"173424","1003","12.58"
"173424","1004","10.61"
"173424","1005","1.12"
"173425","1004","43.95"
"173425","1005","2.38"
"173425","1008","615"
"173425","1003","48.17"
"173426","1003","76.92"
"173426","1004","0.04"
"173426","1005","4.17"
"173426","1008","351"
"173427","1008","376"
"173427","1004","0.04"
"173427","1005","4.47"
"173427","1003","82.4"
"173428","1004","59.13"
"173428","1005","0.66"
"173428","1003","33.63"
"173428","1008","669"
"173429","1008","444"
"173429","1003","55.5"
"173429","1004","13"
"173429","1005","21.8"
"173430","1008","717"
"173430","1004","81.11"
"173430","1005","0.06"
"173430","1003","0.85"
"173431","1008","415"
"173431","1003","37.86"
"173431","1004","27.34"
"173431","1005","3.41"
"173432","1004","0.18"
"173432","1005","4.86"
"173432","1008","35"
"173432","1003","3.37"
"173433","1008","364"
"173433","1005","0.12"
"173433","1003","21.58"
"173433","1004","29.84"
"173434","1003","7.75"
"173434","1004","1.47"
"173434","1005","11.91"
"173434","1008","92"
"173435","1008","264"
"173435","1005","0"
"173435","1004","21.08"
"173435","1003","18.52"
"173436","1004","22.93"
"173436","1005","1.77"
"173436","1008","275"
"173436","1003","14.07"
"173437","1004","25"
"173437","1005","4.13"
"173437","1008","356"
"173437","1003","22.6"
"173438","1008","374"
"173438","1003","21.56"
"173438","1004","29.68"
"173438","1005","5.56"
"173439","1004","7"
"173439","1005","1.91"
"173439","1008","173"
"173439","1003","24.35"
"173440","1008","398"
"173440","1003","24.35"
"173440","1004","32.62"
"173440","1005","1.91"
"173441","1005","4.99"
"173441","1008","42"
"173441","1003","3.37"
"173441","1004","0.97"
"173442","1003","7"
"173442","1004","14.1"
"173442","1005","7"
"173442","1008","181"
"173443","1004","10.6"
"173443","1005","7.1"
"173443","1003","3.5"
"173443","1008","136"
"173444","1003","3.1"
"173444","1004","0"
"173444","1005","15.6"
"173444","1008","74"
"173445","1003","3.86"
"173445","1004","0.18"
"173445","1005","7.5"
"173445","1008","43"
"173446","1003","16.3"
"173446","1004","9.5"
"173446","1005","16.2"
"173446","1008","215"
"173447","1004","1"
"173447","1005","11.7"
"173447","1008","148"
"173447","1003","22.7"
"173448","1003","16.3"
"173448","1004","22"
"173448","1005","9.8"
"173448","1008","303"
"173449","1004","10.6"
"173449","1005","11.8"
"173449","1008","222"
"173449","1003","19.6"
"173450","1003","2.99"
"173450","1004","1.9"
"173450","1005","12.13"
"173450","1008","78"
"173451","1004","1.41"
"173451","1003","4.86"
"173451","1005","18.6"
"173451","1008","105"
"173452","1005","1.37"
"173452","1008","265"
"173452","1004","20"
"173452","1003","20"
"173453","1004","13.5"
"173453","1005","35.07"
"173453","1008","251"
"173453","1003","0.69"
"173454","1004","26.71"
"173454","1005","38.42"
"173454","1008","496"
"173454","1003","26.32"
"173455","1005","10.6"
"173455","1003","17.6"
"173455","1008","240"
"173455","1004","14.1"
"173456","1008","99"
"173456","1004","1.15"
"173456","1005","18.64"
"173456","1003","3.98"
"173457","1008","102"
"173457","1003","4.37"
"173457","1004","1.08"
"173457","1005","19.05"
"173458","1004","0.2"
"173458","1005","19"
"173458","1008","95"
"173458","1003","4.4"
"173459","1004","17.14"
"173459","1005","18.5"
"173459","1008","411"
"173459","1003","45.71"
"173460","1003","50"
"173460","1004","12"
"173460","1005","22"
"173460","1008","396"
"173461","1004","7.35"
"173461","1005","55.35"
"173461","1008","315"
"173461","1003","6.84"
"173462","1003","10"
"173462","1004","0"
"173462","1005","2"
"173462","1008","48"
"173463","1004","1.25"
"173463","1005","13.8"
"173463","1008","86"
"173463","1003","4.93"
"173464","1003","4.4"
"173464","1004","0.8"
"173464","1005","19.7"
"173464","1008","104"
"173465","1004","13"
"173465","1005","22.2"
"173465","1008","222"
"173465","1003","4.1"
"173466","1003","4.1"
"173466","1004","24.1"
"173466","1005","24.5"
"173466","1008","331"
"173467","1005","28.86"
"173467","1008","133"
"173467","1003","4.41"
"173467","1004","0"
"173468","1003","0"
"173468","1004","0"
"173468","1005","0"
"173468","1008","0"
"173469","1004","0"
"173469","1003","0"
"173469","1005","0.93"
"173469","1008","21"
"173470","1003","5.56"
"173470","1004","1.68"
"173470","1005","24.45"
"173470","1008","101"
"173471","1004","0.06"
"173471","1005","12.65"
"173471","1008","288"
"173471","1003","0.06"
"173472","1003","1.18"
"173472","1004","0.69"
"173472","1005","11.29"
"173472","1008","48"
"173473","1004","5.86"
"173473","1005","20.7"
"173473","1008","131"
"173473","1003","3.31"
"173474","1003","3.75"
"173474","1004","0.94"
"173474","1005","14.89"
"173474","1008","70"
"173475","1004","0.73"
"173475","1005","8.41"
"173475","1008","44"
"173475","1003","3.29"
"173476","1003","10.82"
"173476","1004","7.3"
"173476","1005","56.56"
"173476","1008","335"
"173477","1008","416"
"173477","1004","9.72"
"173477","1005","74.72"
"173477","1003","5.55"
"173478","1005","86.68"
"173478","1008","347"
"173478","1003","0"
"173478","1004","0.02"
"173479","1004","2.52"
"173479","1003","12.03"
"173479","1005","2.43"
"173479","1008","81"
"173480","1003","11.3"
"173480","1004","3.8"
"173480","1005","3.7"
"173480","1008","97"
"173481","1008","94"
"173481","1004","3.41"
"173481","1003","14.07"
"173481","1005","0.85"
"173482","1008","112"
"173482","1005","0"
"173482","1003","15.2"
"173482","1004","5.2"
"173483","1004","7.9"
"173483","1005","0.1"
"173483","1008","130"
"173483","1003","13.7"
"173484","1003","13.7"
"173484","1004","14.2"
"173484","1005","1.4"
"173484","1008","188"
"173485","1003","0.82"
"173485","1004","2.24"
"173485","1005","76.61"
"173485","1008","330"
"173486","1003","13.4"
"173486","1004","14.6"
"173486","1005","1.1"
"173486","1008","184"
"173487","1004","0"
"173487","1005","14.82"
"173487","1008","64"
"173487","1003","1.1"
"173488","1003","2.1"
"173488","1004","0.8"
"173488","1005","8"
"173488","1008","48"
"173489","1004","2.1"
"173489","1005","10"
"173489","1008","77"
"173489","1003","4.2"
"173490","1005","9.45"
"173490","1003","2.36"
"173490","1008","61"
"173490","1004","1.47"
"173491","1003","2.5"
"173491","1004","1.1"
"173491","1005","9.4"
"173491","1008","59"
"173492","1003","2.57"
"173492","1004","1.37"
"173492","1005","11.42"
"173492","1008","68"
"173493","1003","5.3"
"173493","1004","1"
"173493","1005","10.8"
"173493","1008","75"
"173494","1004","3.6"
"173494","1003","2.21"
"173494","1005","8.84"
"173494","1008","77"
"173495","1004","3.6"
"173495","1005","8.84"
"173495","1008","77"
"173495","1003","2.21"
"173496","1003","1.6"
"173496","1004","1.7"
"173496","1005","7.2"
"173496","1008","50"
"173497","1004","3.7"
"173497","1005","6.4"
"173497","1008","78"
"173497","1003","5.2"
"173498","1003","2.47"
"173498","1004","1.73"
"173498","1005","8.42"
"173498","1008","59"
"173499","1003","2"
"173499","1004","2.5"
"173499","1005","7.9"
"173499","1008","63"
"173500","1003","2.37"
"173500","1004","0.92"
"173500","1005","9.57"
"173500","1008","56"
"173501","1004","0.9"
"173501","1005","7.62"
"173501","1008","48"
"173501","1003","2.32"
"173502","1003","1.72"
"173502","1004","1.74"
"173502","1005","7.55"
"173502","1008","53"
"173503","1004","2.11"
"173503","1005","8.95"
"173503","1008","67"
"173503","1003","3.14"
"173504","1005","9"
"173504","1008","62"
"173504","1004","1.9"
"173504","1003","2.2"
"173505","1004","0.1"
"173505","1005","7.7"
"173505","1008","34"
"173505","1003","1.3"
"173506","1005","6"
"173506","1008","26"
"173506","1003","0.8"
"173506","1004","0.1"
"173507","1004","0.2"
"173507","1005","7.2"
"173507","1008","32"
"173507","1003","0.8"
"173508","1003","1"
"173508","1005","11.73"
"173508","1008","52"
"173508","1004","0.1"
"173509","1004","6.42"
"173509","1005","73.57"
"173509","1008","396"
"173509","1003","10.94"
"173510","1003","2"
"173510","1004","0.6"
"173510","1005","9.26"
"173510","1008","50"
"173511","1003","0.19"
"173511","1004","0.36"
"173511","1005","11.56"
"173511","1008","50"
"173512","1005","10.8"
"173512","1008","41"
"173512","1003","0.2"
"173512","1004","0.2"
"173513","1003","2.04"
"173513","1004","1.12"
"173513","1005","8.66"
"173513","1008","53"
"173514","1004","0.1"
"173514","1005","9.5"
"173514","1008","41"
"173514","1003","1.2"
"173515","1008","36"
"173515","1003","1"
"173515","1005","8.25"
"173515","1004","0.5"
"173516","1005","7.3"
"173516","1008","57"
"173516","1004","1.9"
"173516","1003","2.5"
"173517","1004","0.9"
"173517","1005","10.9"
"173517","1008","62"
"173517","1003","2.6"
"173518","1003","3.4"
"173518","1004","2.5"
"173518","1005","5.7"
"173518","1008","59"
"173519","1005","7.35"
"173519","1008","29"
"173519","1004","0"
"173519","1003","0"
"173520","1005","71.82"
"173520","1008","380"
"173520","1003","14.29"
"173520","1004","4"
"173521","1003","2.51"
"173521","1004","2.17"
"173521","1005","11.04"
"173521","1008","74"
"173522","1003","1.64"
"173522","1004","4.1"
"173522","1005","6.93"
"173522","1008","71"
"173523","1004","27"
"173523","1005","57.2"
"173523","1008","514"
"173523","1003","10.5"
"173524","1003","1.51"
"173524","1004","3.5"
"173524","1005","7.6"
"173524","1008","68"
"173525","1005","7.61"
"173525","1008","68"
"173525","1004","3.5"
"173525","1003","1.5"
"173526","1003","12"
"173526","1004","21"
"173526","1005","61.97"
"173526","1008","485"
"173527","1004","3.7"
"173527","1005","7"
"173527","1008","69"
"173527","1003","1.84"
"173528","1003","8.7"
"173528","1004","3.8"
"173528","1005","11.6"
"173528","1008","111"
"173529","1003","4.14"
"173529","1004","3.38"
"173529","1005","12.3"
"173529","1008","96"
"173530","1004","3.46"
"173530","1005","10"
"173530","1003","3.82"
"173530","1008","86"
"173531","1003","5"
"173531","1004","4.1"
"173531","1005","15.3"
"173531","1008","116"
"173532","1003","5"
"173532","1004","3.6"
"173532","1005","15.9"
"173532","1008","115"
"173533","1004","3.9"
"173533","1005","13.4"
"173533","1008","112"
"173533","1003","6.9"
"173534","1004","3.32"
"173534","1005","10.49"
"173534","1008","86"
"173534","1003","3.57"
"173535","1003","2.79"
"173535","1005","14.2"
"173535","1008","127"
"173535","1004","6.5"
"173536","1004","26.1"
"173536","1005","57.32"
"173536","1008","509"
"173536","1003","11.3"
"173537","1003","2.76"
"173537","1008","131"
"173537","1004","7.16"
"173537","1005","14.24"
"173538","1004","28"
"173538","1003","14"
"173538","1005","52.2"
"173538","1008","517"
"173539","1008","67"
"173539","1003","1.86"
"173539","1004","3.7"
"173539","1005","6.54"
"173540","1003","1.64"
"173540","1004","3.5"
"173540","1005","6.11"
"173540","1008","63"
"173541","1003","1.61"
"173541","1008","66"
"173541","1004","3.59"
"173541","1005","6.7"
"173542","1003","3.13"
"173542","1004","6.98"
"173542","1008","128"
"173542","1005","13.21"
"173543","1003","12.6"
"173543","1008","517"
"173543","1004","28.09"
"173543","1005","53.57"
"173544","1005","7.2"
"173544","1008","68"
"173544","1003","1.84"
"173544","1004","3.5"
"173545","1004","27"
"173545","1003","12.7"
"173545","1005","54.6"
"173545","1008","512"
"173546","1008","522"
"173546","1004","28.87"
"173546","1003","10.89"
"173546","1005","54.73"
"173547","1005","7.58"
"173547","1008","67"
"173547","1004","3.4"
"173547","1003","1.63"
"173548","1008","64"
"173548","1004","3.5"
"173548","1003","1.64"
"173548","1005","6.47"
"173549","1008","64"
"173549","1004","3.28"
"173549","1003","1.6"
"173549","1005","7.13"
"173550","1004","4.7"
"173550","1005","11.28"
"173550","1008","99"
"173550","1003","2.8"
"173551","1003","12.5"
"173551","1004","25.5"
"173551","1005","55.7"
"173551","1008","502"
"173552","1004","21"
"173552","1005","57.1"
"173552","1008","480"
"173552","1003","15.6"
"173553","1003","2.14"
"173553","1004","2.91"
"173553","1005","8.08"
"173553","1008","67"
"173554","1005","56"
"173554","1008","524"
"173554","1003","12"
"173554","1004","28"
"173555","1008","63"
"173555","1005","6.09"
"173555","1004","3.5"
"173555","1003","1.8"
"173556","1005","12.18"
"173556","1008","126"
"173556","1003","3.6"
"173556","1004","7"
"173557","1003","13.6"
"173557","1004","27.2"
"173557","1008","508"
"173557","1005","52.2"
"173558","1003","2.73"
"173558","1004","6.95"
"173558","1005","13.64"
"173558","1008","128"
"173559","1004","28.14"
"173559","1003","11.13"
"173559","1005","55.67"
"173559","1008","520"
"173560","1005","6.77"
"173560","1008","66"
"173560","1003","1.36"
"173560","1004","3.7"
"173561","1008","522"
"173561","1004","28.87"
"173561","1003","10.89"
"173561","1005","54.73"
"173562","1005","4.77"
"173562","1008","484"
"173562","1004","51.1"
"173562","1003","1.37"
"173563","1004","100"
"173563","1005","0"
"173563","1008","884"
"173563","1003","0"
"173564","1008","900"
"173564","1003","0"
"173564","1004","99.8"
"173564","1005","0"
"173565","1004","100"
"173565","1005","0"
"173565","1008","884"
"173565","1003","0"
"173566","1003","0"
"173566","1004","100"
"173566","1005","0"
"173566","1008","900"
"173567","1004","100"
"173567","1005","0"
"173567","1008","900"
"173567","1003","0"
"173568","1003","0"
"173568","1005","0"
"173568","1008","884"
"173568","1004","100"
"173569","1005","0"
"173569","1008","884"
"173569","1003","0"
"173569","1004","100"
"173570","1004","100"
"173570","1005","0"
"173570","1008","884"
"173570","1003","0"
"173571","1003","0"
"173571","1004","99.8"
"173571","1005","0"
"173571","1008","900"
"173572","1004","99.8"
"173572","1005","0"
"173572","1008","900"
"173572","1003","0"
"173573","1003","0"
"173573","1004","100"
"173573","1005","0"
"173573","1008","884"
"173574","1003","0"
"173574","1005","0"
"173574","1008","884"
"173574","1004","100"
"173575","1005","0"
"173575","1008","884"
"173575","1003","0"
"173575","1004","100"
"173576","1003","0"
"173576","1004","100"
"173576","1005","0"
"173576","1008","884"
"173577","1004","100"
"173577","1005","0"
"173577","1008","902"
"173577","1003","0"
"173578","1003","0"
"173578","1004","100"
"173578","1005","0"
"173578","1008","902"
"173579","1004","100"
"173579","1005","0"
"173579","1008","884"
"173579","1003","0"
"173580","1003","1"
"173580","1004","40"
"173580","1005","1"
"173580","1008","362"
"173581","1004","55.1"
"173581","1005","0"
"173581","1003","3.3"
"173581","1008","499"
"173582","1003","0.17"
"173582","1004","59.81"
"173582","1005","0.86"
"173582","1008","533"
"173583","1004","59.17"
"173583","1008","526"
"173583","1003","0.6"
"173583","1005","0"
"173584","1003","0"
"173584","1004","99.97"
"173584","1005","0"
"173584","1008","884"
"173585","1004","80.71"
"173585","1005","0.7"
"173585","1008","717"
"173585","1003","0.16"
"173586","1004","35"
"173586","1008","330"
"173586","1003","2"
"173586","1005","2"
"173587","1004","80.71"
"173587","1005","0.7"
"173587","1008","717"
"173587","1003","0.16"
"173588","1003","0.26"
"173588","1004","70.22"
"173588","1005","1.53"
"173588","1008","628"
"173589","1004","44.46"
"173589","1005","0"
"173589","1008","401"
"173589","1003","0.27"
"173590","1003","0.97"
"173590","1004","0.87"
"173590","1005","8.75"
"173590","1008","47"
"173591","1004","1.92"
"173591","1003","0.25"
"173591","1005","26.51"
"173591","1008","119"
"173592","1003","1.32"
"173592","1004","44.54"
"173592","1005","5.9"
"173592","1008","430"
"173593","1003","1.25"
"173593","1004","12.42"
"173593","1005","21.33"
"173593","1008","196"
"173594","1004","22.22"
"173594","1005","9.23"
"173594","1003","0.37"
"173594","1008","238"
"173595","1003","0"
"173595","1004","100"
"173595","1005","0"
"173595","1008","884"
"173596","1004","100"
"173596","1005","0"
"173596","1003","0"
"173596","1008","884"
"173597","1003","0"
"173597","1004","100"
"173597","1005","0"
"173597","1008","884"
"173598","1004","100"
"173598","1005","0"
"173598","1008","884"
"173598","1003","0"
"173599","1004","71"
"173599","1003","0"
"173599","1005","0"
"173599","1008","628"
"173600","1004","100"
"173600","1005","0"
"173600","1008","884"
"173600","1003","0"
"173601","1003","0"
"173601","1004","100"
"173601","1005","0"
"173601","1008","884"
"173602","1004","100"
"173602","1005","0"
"173602","1008","884"
"173602","1003","0"
"173603","1003","0"
"173603","1004","100"
"173603","1005","0"
"173603","1008","884"
"173604","1004","100"
"173604","1005","0"
"173604","1008","884"
"173604","1003","0"
"173605","1004","80.2"
"173605","1005","0"
"173605","1008","714"
"173605","1003","1.9"
"173606","1005","0"
"173606","1008","884"
"173606","1003","0"
"173606","1004","100"
"173607","1003","0"
"173607","1004","100"
"173607","1005","0"
"173607","1008","884"
"173608","1003","0"
"173608","1004","17.1"
"173608","1005","0"
"173608","1008","158"
"173609","1004","2.1"
"173609","1005","7.1"
"173609","1008","47"
"173609","1003","0"
"173610","1004","70.95"
"173610","1005","0.16"
"173610","1003","0.13"
"173610","1008","605"
"173611","1003","26.96"
"173611","1004","13.72"
"173611","1005","1.63"
"173611","1008","245"
"173612","1003","23.35"
"173612","1008","191"
"173612","1004","10.15"
"173612","1005","0"
"173613","1004","10.64"
"173613","1005","0"
"173613","1008","204"
"173613","1003","25.32"
"173614","1008","116"
"173614","1004","3.71"
"173614","1003","19.41"
"173614","1005","0"
"173615","1003","21.77"
"173615","1004","16.17"
"173615","1005","8.72"
"173615","1008","273"
"173616","1004","14.43"
"173616","1005","2.5"
"173616","1008","254"
"173616","1003","26.84"
"173617","1004","8.99"
"173617","1005","0"
"173617","1008","184"
"173617","1003","24.03"
"173618","1003","24.17"
"173618","1004","12.92"
"173618","1005","0"
"173618","1008","220"
"173619","1005","0"
"173619","1008","120"
"173619","1003","19.16"
"173619","1004","4.22"
"173620","1003","19.82"
"173620","1004","23.52"
"173620","1005","8.7"
"173620","1008","330"
"173621","1004","23.61"
"173621","1005","4.24"
"173621","1008","332"
"173621","1003","24.01"
"173622","1003","19.61"
"173622","1004","18.1"
"173622","1005","0"
"173622","1008","247"
"173623","1004","8.78"
"173623","1005","0"
"173623","1008","154"
"173623","1003","17.55"
"173624","1004","14.98"
"173624","1005","3.18"
"173624","1008","262"
"173624","1003","26.75"
"173625","1003","23.26"
"173625","1004","14.71"
"173625","1008","232"
"173625","1005","0"
"173626","1003","23.26"
"173626","1004","14.74"
"173626","1005","0"
"173626","1008","232"
"173627","1008","121"
"173627","1004","4.12"
"173627","1003","19.66"
"173627","1005","0"
"173628","1003","19.87"
"173628","1004","21.81"
"173628","1005","10.94"
"173628","1008","324"
"173629","1004","22.16"
"173629","1005","2.39"
"173629","1008","321"
"173629","1003","26.11"
"173630","1004","16.87"
"173630","1008","254"
"173630","1003","23.79"
"173630","1005","0"
"173631","1004","16.82"
"173631","1005","0"
"173631","1008","249"
"173631","1003","22.78"
"173632","1003","21.97"
"173632","1004","3.54"
"173632","1005","0"
"173632","1008","126"
"173633","1004","13.07"
"173633","1005","0.05"
"173633","1008","220"
"173633","1003","23.96"
"173634","1003","24.31"
"173634","1004","4.02"
"173634","1005","0"
"173634","1008","133"
"173635","1003","23.97"
"173635","1004","13.39"
"173635","1005","0"
"173635","1008","223"
"173636","1004","2.7"
"173636","1005","0"
"173636","1008","111"
"173636","1003","20.33"
"173637","1003","27.13"
"173637","1004","4.07"
"173637","1005","0"
"173637","1008","153"
"173638","1004","3.61"
"173638","1005","0"
"173638","1008","113"
"173638","1003","18.74"
"173639","1003","23.25"
"173639","1004","8.75"
"173639","1005","0"
"173639","1008","178"
"173640","1008","251"
"173640","1004","19.52"
"173640","1005","0.19"
"173640","1003","17.48"
"173641","1003","17.89"
"173641","1004","9.21"
"173641","1005","2.13"
"173641","1008","168"
"173642","1004","9.3"
"173642","1005","0.11"
"173642","1008","194"
"173642","1003","25.73"
"173643","1003","23.1"
"173643","1004","4.21"
"173643","1005","0"
"173643","1008","137"
"173644","1004","7.98"
"173644","1005","0"
"173644","1008","213"
"173644","1003","33.04"
"173645","1003","18.77"
"173645","1004","17.07"
"173645","1005","0"
"173645","1008","234"
"173646","1004","11.65"
"173646","1005","0"
"173646","1008","229"
"173646","1003","28.96"
"173647","1004","0"
"173647","1005","0"
"173647","1008","0"
"173647","1003","0"
"173648","1003","3.3"
"173648","1004","3.3"
"173648","1005","5.6"
"173648","1008","65"
"173649","1004","2.6"
"173649","1003","25"
"173649","1005","51.4"
"173649","1008","329"
"173650","1003","2.19"
"173650","1004","0.23"
"173650","1005","4.51"
"173650","1008","29"
"173651","1003","0.1"
"173651","1004","0.5"
"173651","1005","42.9"
"173651","1008","172"
"173652","1003","0.03"
"173652","1004","0.14"
"173652","1005","12.21"
"173652","1008","49"
"173653","1004","0"
"173653","1005","51.45"
"173653","1008","201"
"173653","1003","0.05"
"173654","1003","0.01"
"173654","1004","0"
"173654","1005","11.81"
"173654","1008","47"
"173655","1003","0"
"173655","1004","0"
"173655","1005","0"
"173655","1008","0"
"173656","1004","0"
"173656","1005","0"
"173656","1008","0"
"173656","1003","0"
"173657","1004","0"
"173657","1005","0"
"173657","1008","0"
"173657","1003","0"
"173658","1004","0"
"173658","1005","0.03"
"173658","1008","0"
"173658","1003","0"
"173659","1003","0"
"173659","1004","1.23"
"173659","1005","94.11"
"173659","1008","388"
"173660","1003","0"
"173660","1004","0"
"173660","1005","6.43"
"173660","1008","26"
"173661","1004","0.1"
"173661","1005","21.4"
"173661","1008","84"
"173661","1003","0.1"
"173662","1003","0"
"173662","1008","149"
"173662","1004","0.03"
"173662","1005","13.17"
"173663","1004","0"
"173663","1005","0"
"173663","1008","275"
"173663","1003","0"
"173664","1003","0"
"173664","1004","0"
"173664","1005","0"
"173664","1008","295"
"173665","1004","0.3"
"173665","1005","32.2"
"173665","1008","308"
"173665","1003","0.1"
"173666","1003","0.22"
"173666","1004","0.69"
"173666","1005","48.86"
"173666","1008","192"
"173667","1004","0.15"
"173667","1005","10.81"
"173667","1008","43"
"173667","1003","0.05"
"173668","1004","12.37"
"173668","1005","0"
"173668","1008","217"
"173668","1003","24.58"
"173669","1003","16.39"
"173669","1004","13.88"
"173669","1005","0"
"173669","1008","195"
"173670","1004","0.64"
"173670","1005","0"
"173670","1008","87"
"173670","1003","18.99"
"173671","1003","17.66"
"173671","1004","1.06"
"173671","1005","0"
"173671","1008","85"
"173672","1004","7.89"
"173672","1005","0"
"173672","1008","158"
"173672","1003","20.07"
"173673","1003","19.29"
"173673","1004","6.3"
"173673","1005","0"
"173673","1008","139"
"173674","1004","6.32"
"173674","1005","0"
"173674","1008","158"
"173674","1003","23.59"
"173675","1003","20.53"
"173675","1004","6.73"
"173675","1005","0"
"173675","1008","148"
"173676","1004","1.52"
"173676","1005","0"
"173676","1008","76"
"173676","1003","14.48"
"173677","1004","0.91"
"173677","1005","0"
"173677","1008","79"
"173677","1003","16.64"
"173678","1003","19.39"
"173678","1004","0.92"
"173678","1005","0"
"173678","1008","91"
"173679","1004","1.18"
"173679","1005","0"
"173679","1008","117"
"173679","1003","24.86"
"173680","1003","19.26"
"173680","1004","0.69"
"173680","1005","0"
"173680","1008","88"
"173681","1003","23.48"
"173681","1005","0"
"173681","1008","111"
"173681","1004","1.18"
"173682","1004","9.47"
"173682","1005","0"
"173682","1008","164"
"173682","1003","18.48"
"173683","1003","23.69"
"173683","1004","12.14"
"173683","1005","0"
"173683","1008","211"
"173684","1004","1.34"
"173684","1008","90"
"173684","1003","18.36"
"173684","1005","0"
"173685","1008","257"
"173685","1004","20.14"
"173685","1005","0"
"173685","1003","17.65"
"173686","1003","19.84"
"173686","1004","6.34"
"173686","1005","0"
"173686","1008","142"
"173687","1004","4.32"
"173687","1005","0"
"173687","1008","117"
"173687","1003","18.28"
"173688","1004","10.43"
"173688","1008","179"
"173688","1003","19.93"
"173688","1005","0"
"173689","1004","3.77"
"173689","1005","0"
"173689","1008","120"
"173689","1003","20.14"
"173690","1003","19.68"
"173690","1008","129"
"173690","1004","4.97"
"173690","1005","0"
"173691","1003","22.25"
"173691","1004","4.69"
"173691","1008","131"
"173691","1005","0"
"173692","1005","0"
"173692","1004","5.57"
"173692","1008","156"
"173692","1003","26.48"
"173693","1004","7.39"
"173693","1008","167"
"173693","1003","23.59"
"173693","1005","0"
"173694","1004","2.56"
"173694","1005","0"
"173694","1008","124"
"173694","1003","23.63"
"173695","1003","16.74"
"173695","1004","3.61"
"173695","1005","0"
"173695","1008","104"
"173696","1004","13.77"
"173696","1005","0"
"173696","1008","197"
"173696","1003","16.93"
"173697","1003","20.98"
"173697","1004","4.51"
"173697","1005","0"
"173697","1008","130"
"173698","1003","20.51"
"173698","1004","1.34"
"173698","1005","0"
"173698","1008","100"
"173699","1004","1.72"
"173699","1005","0"
"173699","1008","128"
"173699","1003","26.3"
"173700","1003","18.51"
"173700","1004","4.9"
"173700","1005","0"
"173700","1008","123"
"173701","1004","4.04"
"173701","1005","0"
"173701","1008","105"
"173701","1003","16.14"
"173702","1003","15.18"
"173702","1004","0.9"
"173702","1005","6.85"
"173702","1008","99"
"173703","1003","19.66"
"173703","1004","6.65"
"173703","1008","144"
"173703","1005","0"
"173704","1004","7.93"
"173704","1005","0"
"173704","1008","172"
"173704","1003","23.45"
"173705","1003","17.5"
"173705","1004","2.31"
"173705","1005","0"
"173705","1008","96"
"173706","1004","4.9"
"173706","1005","0"
"173706","1008","144"
"173706","1003","23.33"
"173707","1003","29.91"
"173707","1004","6.28"
"173707","1005","0"
"173707","1008","184"
"173708","1008","198"
"173708","1004","8.21"
"173708","1005","0"
"173708","1003","29.13"
"173709","1004","0.96"
"173709","1008","86"
"173709","1003","19.44"
"173709","1005","0"
"173710","1004","2.95"
"173710","1005","0"
"173710","1008","95"
"173710","1003","16.05"
"173711","1003","19.09"
"173711","1004","5.86"
"173711","1005","0"
"173711","1008","134"
"173712","1004","0.93"
"173712","1005","0"
"173712","1008","108"
"173712","1003","23.4"
"173713","1003","18.31"
"173713","1004","1.31"
"173713","1005","0"
"173713","1008","90"
"173714","1003","18.47"
"173714","1004","2.85"
"173714","1005","0"
"173714","1008","105"
"173715","1003","21.27"
"173715","1004","7.67"
"173715","1005","0"
"173715","1008","160"
"173716","1004","8.23"
"173716","1005","0"
"173716","1008","178"
"173716","1003","24.3"
"173717","1004","6.18"
"173717","1008","141"
"173717","1003","19.94"
"173717","1005","0"
"173718","1003","23.8"
"173718","1004","7.38"
"173718","1005","0"
"173718","1008","168"
"173719","1004","4.3"
"173719","1005","0"
"173719","1008","139"
"173719","1003","23.45"
"173720","1004","1.2"
"173720","1005","1.7"
"173720","1008","130"
"173720","1003","26.3"
"173721","1004","11.72"
"173721","1005","13.96"
"173721","1008","212"
"173721","1003","12.69"
"173722","1003","11.97"
"173722","1004","10.43"
"173722","1005","11.85"
"173722","1008","189"
"173723","1003","26.33"
"173723","1004","5.87"
"173723","1005","0"
"173723","1008","158"
"173724","1004","4.21"
"173724","1005","0"
"173724","1008","136"
"173724","1003","24.62"
"173725","1008","76"
"173725","1004","0.82"
"173725","1003","17.17"
"173725","1005","0"
"173726","1005","0"
"173726","1003","19.42"
"173726","1004","0.9946"
"173726","1008","86.6164"
"173727","1003","19.87"
"173727","1004","0.53"
"173727","1005","62.9"
"173727","1008","329"
"173728","1004","0.1"
"173728","1005","24.77"
"173728","1008","128"
"173728","1003","7.52"
"173729","1003","3.8"
"173729","1004","0.03"
"173729","1005","55.01"
"173729","1008","237"
"173730","1004","0.12"
"173730","1005","60.72"
"173730","1008","260"
"173730","1003","3.29"
"173731","1005","21.63"
"173731","1008","155"
"173731","1003","5.54"
"173731","1004","5.15"
"173732","1003","4.52"
"173732","1004","0.89"
"173732","1005","21.57"
"173732","1008","105"
"173733","1005","18.69"
"173733","1008","94"
"173733","1003","5.15"
"173733","1004","0.93"
"173734","1005","62.36"
"173734","1008","341"
"173734","1003","21.6"
"173734","1004","1.42"
"173735","1004","0.54"
"173735","1005","23.71"
"173735","1008","132"
"173735","1003","8.86"
"173736","1003","9.34"
"173736","1004","0.46"
"173736","1005","24.46"
"173736","1008","136"
"173737","1004","0.28"
"173737","1005","15.12"
"173737","1008","83"
"173737","1003","5.54"
"173738","1003","18.81"
"173738","1005","64.11"
"173738","1008","343"
"173738","1004","2.02"
"173739","1004","0.76"
"173739","1005","24.02"
"173739","1008","129"
"173739","1003","7.05"
"173740","1008","127"
"173740","1004","0.5"
"173740","1005","22.8"
"173740","1003","8.67"
"173741","1004","0.6"
"173741","1003","5.22"
"173741","1005","14.5"
"173741","1008","84"
"173742","1003","24.37"
"173742","1004","0.25"
"173742","1005","59.8"
"173742","1008","330"
"173743","1004","0.09"
"173743","1005","22.41"
"173743","1008","124"
"173743","1003","9.13"
"173744","1005","61.29"
"173744","1008","337"
"173744","1003","22.53"
"173744","1004","1.06"
"173745","1004","1.5"
"173745","1005","60.75"
"173745","1008","337"
"173745","1003","22.33"
"173746","1004","0.62"
"173746","1003","8.23"
"173746","1005","26.05"
"173746","1008","140"
"173747","1005","20.45"
"173747","1008","113"
"173747","1003","7.53"
"173747","1004","0.43"
"173748","1005","64.19"
"173748","1008","343"
"173748","1004","1.13"
"173748","1003","20.96"
"173749","1004","1.18"
"173749","1005","62.25"
"173749","1008","336"
"173749","1003","21.11"
"173750","1003","8.97"
"173750","1004","0.64"
"173750","1005","25.81"
"173750","1008","142"
"173751","1004","2.6"
"173751","1005","60.7"
"173751","1008","345"
"173751","1003","22"
"173752","1005","25.28"
"173752","1003","9.16"
"173752","1004","1.08"
"173752","1008","144"
"173753","1005","19.65"
"173753","1008","110"
"173753","1004","0.4"
"173753","1003","7.6"
"173754","1003","5.47"
"173754","1004","0.22"
"173754","1005","12.41"
"173754","1008","71"
"173755","1005","88.88"
"173755","1004","0.65"
"173755","1003","4.62"
"173755","1008","222"
"173756","1005","62.95"
"173756","1008","378"
"173756","1003","20.47"
"173756","1004","6.04"
"173757","1005","27.42"
"173757","1008","164"
"173757","1004","2.59"
"173757","1003","8.86"
"173758","1005","60.03"
"173758","1008","336"
"173758","1003","23.52"
"173758","1004","1.26"
"173759","1005","20.76"
"173759","1008","116"
"173759","1004","0.53"
"173759","1003","7.73"
"173760","1003","4.74"
"173760","1004","0.55"
"173760","1005","13.63"
"173760","1008","77"
"173761","1004","1.6"
"173761","1005","16.53"
"173761","1008","83"
"173761","1003","2.74"
"173762","1003","10.1"
"173762","1004","5.2"
"173762","1008","98"
"173762","1005","2.6"
"173763","1003","8.9"
"173763","1004","4.4"
"173763","1005","2.3"
"173763","1008","84"
"173764","1003","4.8"
"173764","1004","2.5"
"173764","1005","1.4"
"173764","1008","47"
"173765","1003","2.94"
"173765","1004","1.99"
"173765","1005","3.45"
"173765","1008","45"
"173766","1004","0.77"
"173766","1005","3.51"
"173766","1003","2.38"
"173766","1008","30"
"173767","1003","2.1"
"173767","1004","0.64"
"173767","1005","8.24"
"173767","1008","47"
"173768","1004","0.85"
"173768","1005","3.85"
"173768","1008","34"
"173768","1003","2.62"
"173769","1008","43"
"173769","1003","1.65"
"173769","1004","0.62"
"173769","1005","7.2"
"173770","1004","1.44"
"173770","1005","9.47"
"173770","1008","58"
"173770","1003","2.06"
"173771","1003","2.47"
"173771","1004","0.82"
"173771","1005","3.29"
"173771","1008","29"
"173772","1004","0.82"
"173772","1005","4.12"
"173772","1008","33"
"173772","1003","2.47"
"173773","1003","2.06"
"173773","1004","0.62"
"173773","1005","9.05"
"173773","1008","49"
"173774","1004","1.65"
"173774","1005","7.82"
"173774","1008","53"
"173774","1003","2.47"
"173775","1003","2.46"
"173775","1004","1.64"
"173775","1005","12.3"
"173775","1008","74"
"173776","1004","1.44"
"173776","1005","7.82"
"173776","1008","53"
"173776","1003","2.47"
"173777","1003","2.06"
"173777","1004","1.44"
"173777","1005","9.05"
"173777","1008","58"
"173778","1003","2.35"
"173778","1004","1.18"
"173778","1005","17.65"
"173778","1008","88"
"173779","1004","1.18"
"173779","1005","18.82"
"173779","1008","94"
"173779","1003","2.35"
"173780","1003","2.35"
"173780","1004","1.18"
"173780","1005","17.06"
"173780","1008","88"
"173781","1004","1.18"
"173781","1005","17.06"
"173781","1008","88"
"173781","1003","2.35"
"173782","1003","0"
"173782","1004","6.67"
"173782","1005","20"
"173782","1008","133"
"173783","1004","3.5"
"173783","1005","0.74"
"173783","1008","70"
"173783","1003","8.76"
"173784","1004","1.1"
"173784","1003","8.21"
"173784","1005","0"
"173784","1008","43"
"173785","1004","4.9"
"173785","1005","1.82"
"173785","1008","92"
"173785","1003","10.18"
"173786","1004","2.4"
"173786","1008","43"
"173786","1003","4.82"
"173786","1005","0.58"
"173787","1004","2.71"
"173787","1005","2.19"
"173787","1008","59"
"173787","1003","6.38"
"173788","1004","4.19"
"173788","1003","10.92"
"173788","1005","0.97"
"173788","1008","85"
"173789","1004","0.1"
"173789","1005","24.77"
"173789","1008","128"
"173789","1003","7.52"
"173790","1003","8.33"
"173790","1004","0.45"
"173790","1005","21.09"
"173790","1008","118"
"173791","1004","0.39"
"173791","1005","21.02"
"173791","1008","114"
"173791","1003","7.37"
"173792","1005","22.8"
"173792","1008","127"
"173792","1004","0.5"
"173792","1003","8.67"
"173793","1003","9.13"
"173793","1004","0.09"
"173793","1005","22.41"
"173793","1008","124"
"173794","1003","8.23"
"173794","1004","0.62"
"173794","1005","26.05"
"173794","1008","140"
"173795","1008","149"
"173795","1005","27.91"
"173795","1003","9.06"
"173795","1004","0.49"
"173796","1004","0.65"
"173796","1003","9.01"
"173796","1005","26.22"
"173796","1008","143"
"173797","1004","0.97"
"173797","1005","20.77"
"173797","1008","117"
"173797","1003","7.04"
"173798","1005","19.65"
"173798","1008","110"
"173798","1003","7.6"
"173798","1004","0.4"
"173799","1005","27.42"
"173799","1008","164"
"173799","1004","2.59"
"173799","1003","8.86"
"173800","1003","7.05"
"173800","1004","2.77"
"173800","1005","22.53"
"173800","1008","139"
"173801","1004","2.47"
"173801","1005","22.87"
"173801","1008","138"
"173801","1003","7.04"
"173802","1005","20.88"
"173802","1008","115"
"173802","1003","7.8"
"173802","1004","0.38"
"173803","1004","0.38"
"173803","1005","23.31"
"173803","1008","126"
"173803","1003","8.04"
"173804","1005","9.29"
"173804","1008","116"
"173804","1003","15.57"
"173804","1004","2.92"
"173805","1004","0.55"
"173805","1005","20.96"
"173805","1008","117"
"173805","1003","7.81"
"173806","1003","24.35"
"173806","1005","21.26"
"173806","1008","587"
"173806","1004","49.66"
"173807","1004","49.04"
"173807","1005","17.45"
"173807","1008","579"
"173807","1003","28.01"
"173808","1003","27.04"
"173808","1004","51.24"
"173808","1005","16.3"
"173808","1008","589"
"173809","1004","48.62"
"173809","1005","19.86"
"173809","1008","578"
"173809","1003","25.87"
"173810","1003","19.98"
"173810","1004","6.88"
"173810","1008","142"
"173810","1005","0"
"173811","1003","29.31"
"173811","1004","8.24"
"173811","1005","0"
"173811","1008","199"
"173812","1004","18.52"
"173812","1005","0.13"
"173812","1008","240"
"173812","1003","18.12"
"173813","1004","18.29"
"173813","1005","0.04"
"173813","1008","253"
"173813","1003","22.06"
"173814","1003","34.06"
"173814","1004","15.5"
"173814","1005","0"
"173814","1008","285"
"173815","1004","6.77"
"173815","1005","0"
"173815","1008","144"
"173815","1003","19.35"
"173816","1003","30.1"
"173816","1004","11.39"
"173816","1005","0"
"173816","1008","231"
"173817","1004","2.87"
"173817","1005","0"
"173817","1008","112"
"173817","1003","20.2"
"173818","1003","36.16"
"173818","1004","6.33"
"173818","1005","0"
"173818","1008","211"
"173819","1005","9.91"
"173819","1004","9.18"
"173819","1003","27.29"
"173819","1008","238"
"173820","1003","31.75"
"173820","1004","8.35"
"173820","1005","0"
"173820","1008","211"
"173821","1004","4.65"
"173821","1005","0"
"173821","1008","160"
"173821","1003","27.7"
"173822","1003","28.07"
"173822","1004","3.39"
"173822","1005","0"
"173822","1008","150"
"173823","1005","0.07"
"173823","1004","10.07"
"173823","1003","20.07"
"173823","1008","177"
"173824","1004","17.21"
"173824","1005","0"
"173824","1008","284"
"173824","1003","30.19"
"173825","1003","24.8"
"173825","1004","12.32"
"173825","1005","0"
"173825","1008","217"
"173826","1005","0"
"173826","1003","21.85"
"173826","1004","2.9"
"173826","1008","114"
"173827","1003","23.96"
"173827","1004","13.96"
"173827","1005","0"
"173827","1008","228"
"173828","1004","3.89"
"173828","1005","0"
"173828","1008","120"
"173828","1003","19.97"
"173829","1003","34.44"
"173829","1004","7.81"
"173829","1005","0"
"173829","1008","218"
"173830","1004","7.44"
"173830","1005","0"
"173830","1008","177"
"173830","1003","25.76"
"173831","1003","33.68"
"173831","1004","6.1"
"173831","1005","0"
"173831","1008","199"
"173832","1004","6.62"
"173832","1005","0"
"173832","1008","170"
"173832","1003","25.81"
"173833","1003","19.34"
"173833","1004","5.44"
"173833","1005","0"
"173833","1008","132"
"173834","1004","10.24"
"173834","1005","0"
"173834","1008","236"
"173834","1003","33.63"
"173835","1005","0.03"
"173835","1008","148"
"173835","1003","18.72"
"173835","1004","7.61"
"173836","1004","10.09"
"173836","1005","0"
"173836","1008","225"
"173836","1003","31.26"
"173837","1003","25.15"
"173837","1004","8.67"
"173837","1005","0"
"173837","1008","186"
"173838","1005","0"
"173838","1008","110"
"173838","1004","2.88"
"173838","1003","19.6"
"173839","1003","32.66"
"173839","1004","6.48"
"173839","1005","0"
"173839","1008","198"
"173840","1004","2.59"
"173840","1005","0"
"173840","1008","110"
"173840","1003","20.2"
"173841","1003","33.96"
"173841","1004","6.51"
"173841","1005","0"
"173841","1008","204"
"173842","1004","6.22"
"173842","1005","0"
"173842","1008","168"
"173842","1003","26.32"
"173843","1003","20.27"
"173843","1004","2.5"
"173843","1005","0"
"173843","1008","109"
"173844","1004","2.67"
"173844","1005","0"
"173844","1008","150"
"173844","1003","29.45"
"173845","1003","20.1"
"173845","1004","8.3"
"173845","1005","0"
"173845","1008","161"
"173846","1004","13.39"
"173846","1005","0"
"173846","1008","259"
"173846","1003","32.42"
"173847","1005","0"
"173847","1008","179"
"173847","1003","25.45"
"173847","1004","8.62"
"173848","1004","6.32"
"173848","1005","0"
"173848","1008","188"
"173848","1003","30.66"
"173849","1003","9.91"
"173849","1004","52.17"
"173849","1005","0"
"173849","1008","509"
"173850","1004","13.1"
"173850","1005","1.15"
"173850","1008","201"
"173850","1003","19.6"
"173851","1003","21.62"
"173851","1004","1.84"
"173851","1005","0"
"173851","1008","109"
"173852","1004","2.42"
"173852","1005","0"
"173852","1008","143"
"173852","1003","28.44"
"173853","1003","22.63"
"173853","1004","3.36"
"173853","1005","0"
"173853","1008","127"
"173854","1004","4.42"
"173854","1005","0"
"173854","1008","167"
"173854","1003","29.77"
"173855","1003","22.96"
"173855","1004","2.42"
"173855","1005","0"
"173855","1008","120"
"173856","1004","19.87"
"173856","1005","0.73"
"173856","1008","247"
"173856","1003","15.3"
"173857","1005","4.68"
"173857","1008","209"
"173857","1004","16.05"
"173857","1003","11.42"
"173858","1004","17.56"
"173858","1003","18.01"
"173858","1005","4.05"
"173858","1008","158"
"173859","1004","25.1"
"173859","1005","3.78"
"173859","1008","296"
"173859","1003","13.63"
"173860","1005","0"
"173860","1004","6.1"
"173860","1008","153"
"173860","1003","22.9"
"173861","1005","3.93"
"173861","1008","273"
"173861","1003","12"
"173861","1004","22.91"
"173862","1004","28.1"
"173862","1005","2.97"
"173862","1008","315"
"173862","1003","11.69"
"173863","1003","16.85"
"173863","1004","4.04"
"173863","1005","0.7"
"173863","1008","107"
"173864","1004","8.8"
"173864","1005","3.63"
"173864","1008","164"
"173864","1003","16.6"
"173865","1005","1.84"
"173865","1003","16.28"
"173865","1004","20.68"
"173865","1008","263"
"173866","1005","10.64"
"173866","1008","216"
"173866","1004","15.53"
"173866","1003","8.68"
"173867","1005","3.2"
"173867","1008","307"
"173867","1004","27.7"
"173867","1003","11.1"
"173868","1005","0.44"
"173868","1008","172"
"173868","1003","19.03"
"173868","1004","10.44"
"173869","1003","15.2"
"173869","1004","25.6"
"173869","1005","2.1"
"173869","1008","304"
"173870","1004","28.5"
"173870","1005","2.2"
"173870","1008","326"
"173870","1003","14.1"
"173871","1003","23.89"
"173871","1004","10.44"
"173871","1005","0"
"173871","1008","196"
"173872","1004","22.73"
"173872","1003","11.33"
"173872","1005","5.61"
"173872","1008","272"
"173873","1005","4.19"
"173873","1008","336"
"173873","1003","10.31"
"173873","1004","30.61"
"173874","1004","1.86"
"173874","1005","2.92"
"173874","1008","98"
"173874","1003","17.4"
"173875","1008","277"
"173875","1004","24.18"
"173875","1005","5.02"
"173875","1003","9.72"
"173876","1003","13.46"
"173876","1004","37.25"
"173876","1005","0.69"
"173876","1008","392"
"173877","1004","29.68"
"173877","1005","5.03"
"173877","1008","337"
"173877","1003","12.45"
"173878","1003","12.36"
"173878","1004","29.43"
"173878","1005","4.78"
"173878","1008","333"
"173879","1004","29.63"
"173879","1005","3.72"
"173879","1008","325"
"173879","1003","10.84"
"173880","1005","14.25"
"173880","1008","183"
"173880","1003","21.43"
"173880","1004","4.46"
"173881","1004","2.71"
"173881","1005","10.7"
"173881","1008","141"
"173881","1003","18.52"
"173882","1003","9.41"
"173882","1004","22.35"
"173882","1005","8.13"
"173882","1008","271"
"173883","1004","26.79"
"173883","1005","0.11"
"173883","1008","284"
"173883","1003","10.71"
"173884","1003","12.4"
"173884","1004","6.6"
"173884","1008","372"
"173884","1005","73.2"
"173885","1003","4.8"
"173885","1004","4.1"
"173885","1005","85.7"
"173885","1008","397"
"173886","1003","6.37"
"173886","1004","4.06"
"173886","1005","83.68"
"173886","1008","331"
"173887","1004","1.26"
"173887","1005","86.22"
"173887","1003","6.69"
"173887","1008","383"
"173888","1004","2.1"
"173888","1005","80.5"
"173888","1008","328"
"173888","1003","9.9"
"173889","1003","6.01"
"173889","1004","2.93"
"173889","1005","86.63"
"173889","1008","394"
"173890","1004","3.44"
"173890","1005","83.85"
"173890","1008","381"
"173890","1003","6.41"
"173891","1008","374"
"173891","1003","9.98"
"173891","1004","4.43"
"173891","1005","77.74"
"173892","1004","11.62"
"173892","1005","73.65"
"173892","1008","421"
"173892","1003","10.55"
"173893","1003","10.71"
"173893","1004","5.36"
"173893","1005","75.96"
"173893","1008","395"
"173894","1004","2.9"
"173894","1005","83.6"
"173894","1003","8.5"
"173894","1008","373"
"173895","1004","0.35"
"173895","1005","90.59"
"173895","1008","385"
"173895","1003","3.32"
"173896","1003","29.1"
"173896","1004","10.7"
"173896","1005","49.6"
"173896","1008","382"
"173897","1008","74"
"173897","1005","15.95"
"173897","1003","1.58"
"173897","1004","0.49"
"173898","1004","5.46"
"173898","1005","72.96"
"173898","1008","363"
"173898","1003","8.98"
"173899","1003","9.93"
"173899","1004","1.73"
"173899","1005","75.39"
"173899","1008","340"
"173900","1003","6.3"
"173900","1004","0.5"
"173900","1005","82.4"
"173900","1008","370"
"173901","1004","1.5"
"173901","1005","76.5"
"173901","1008","370"
"173901","1003","10.5"
"173902","1004","0.24"
"173902","1005","13.08"
"173902","1008","62"
"173902","1003","1.84"
"173903","1003","11.8"
"173903","1008","365"
"173903","1004","0.7"
"173903","1005","77.25"
"173904","1004","6.52"
"173904","1005","67.7"
"173904","1008","379"
"173904","1003","13.15"
"173905","1003","2.54"
"173905","1004","1.52"
"173905","1005","12"
"173905","1008","71"
"173906","1003","2.37"
"173906","1004","1.21"
"173906","1005","18.95"
"173906","1008","96"
"173907","1004","4.63"
"173907","1005","76.91"
"173907","1003","9.2"
"173907","1008","368"
"173908","1004","0.95"
"173908","1005","17.91"
"173908","1008","88"
"173908","1003","1.98"
"173909","1003","6.94"
"173909","1004","3.53"
"173909","1005","82.77"
"173909","1008","387"
"173910","1008","337"
"173910","1003","11.37"
"173910","1004","2.01"
"173910","1005","78.96"
"173911","1004","2.1"
"173911","1005","81.4"
"173911","1008","351"
"173911","1003","11.8"
"173912","1003","6.3"
"173912","1004","0.5"
"173912","1005","89.8"
"173912","1008","402"
"173913","1004","1.2"
"173913","1005","79.6"
"173913","1008","364"
"173913","1003","14.7"
"173914","1003","0.9"
"173914","1004","0.1"
"173914","1005","11.5"
"173914","1008","52"
"173915","1003","1.46"
"173915","1004","0.21"
"173915","1005","10.66"
"173915","1008","50"
"173916","1004","0.5"
"173916","1005","78"
"173916","1008","369"
"173916","1003","10.6"
"173917","1004","0.34"
"173917","1005","10.92"
"173917","1008","53"
"173917","1003","1.82"
"173918","1004","1.9"
"173918","1005","83.8"
"173918","1008","352"
"173918","1003","7.8"
"173919","1003","6.5"
"173919","1008","395"
"173919","1004","5.3"
"173919","1005","81.6"
"173920","1008","386"
"173920","1003","9.25"
"173920","1004","4.73"
"173920","1005","76.67"
"173921","1003","7.63"
"173921","1004","5.61"
"173921","1005","80.1"
"173921","1008","376"
"173922","1004","6.2"
"173922","1005","64.25"
"173922","1008","361"
"173922","1003","16.37"
"173923","1003","16.5"
"173923","1004","6.16"
"173923","1005","64.42"
"173923","1008","361"
"173924","1004","9.84"
"173924","1005","68.61"
"173924","1008","387"
"173924","1003","10.1"
"173925","1003","12.02"
"173925","1004","11.02"
"173925","1005","66.73"
"173925","1008","394"
"173926","1004","6.28"
"173926","1005","64.21"
"173926","1008","361"
"173926","1003","16.5"
"173927","1003","8.18"
"173927","1004","1.83"
"173927","1005","80.91"
"173927","1008","373"
"173928","1004","0.36"
"173928","1005","13.64"
"173928","1008","53"
"173928","1003","0.26"
"173929","1003","0.28"
"173929","1004","0.42"
"173929","1005","14.41"
"173929","1008","56"
"173930","1004","0.43"
"173930","1005","16.84"
"173930","1008","67"
"173930","1003","0.18"
"173931","1003","1.32"
"173931","1004","0.58"
"173931","1005","93.53"
"173931","1008","346"
"173932","1003","0.29"
"173932","1004","0.33"
"173932","1005","12"
"173932","1008","47"
"173933","1004","0.13"
"173933","1005","11.3"
"173933","1008","46"
"173933","1003","0.1"
"173934","1003","0.51"
"173934","1004","0.37"
"173934","1005","41"
"173934","1008","166"
"173935","1004","0.1"
"173935","1005","11.54"
"173935","1008","47"
"173935","1003","0.14"
"173936","1003","0.69"
"173936","1004","0.03"
"173936","1005","5.48"
"173936","1008","22"
"173937","1004","0.04"
"173937","1005","12.34"
"173937","1008","48"
"173937","1003","0.63"
"173938","1003","0.6"
"173938","1004","0.1"
"173938","1005","12.5"
"173938","1008","49"
"173939","1004","0.05"
"173939","1005","16.49"
"173939","1008","63"
"173939","1003","0.53"
"173940","1003","1.93"
"173940","1004","0.24"
"173940","1005","32.62"
"173940","1008","126"
"173941","1005","62.64"
"173941","1008","241"
"173941","1004","0.51"
"173941","1003","3.39"
"173942","1004","0.18"
"173942","1003","1.2"
"173942","1005","22.15"
"173942","1008","85"
"173943","1003","1.17"
"173943","1004","0.15"
"173943","1005","29.26"
"173943","1008","113"
"173944","1005","22.84"
"173944","1008","89"
"173944","1003","1.09"
"173944","1004","0.33"
"173945","1003","3.89"
"173945","1004","1.81"
"173945","1005","88.28"
"173945","1008","346"
"173946","1004","0.49"
"173946","1003","1.39"
"173946","1005","9.61"
"173946","1008","43"
"173947","1003","0.3"
"173947","1004","0.6"
"173947","1005","7.8"
"173947","1008","38"
"173948","1003","0.65"
"173948","1004","0.33"
"173948","1005","22.06"
"173948","1008","88"
"173949","1008","57"
"173949","1003","0"
"173949","1004","0.16"
"173949","1005","13.85"
"173950","1004","0.64"
"173950","1005","12.17"
"173950","1008","51"
"173950","1003","0.42"
"173951","1008","85"
"173951","1003","0.4"
"173951","1004","0.13"
"173951","1005","21.95"
"173952","1003","0.5"
"173952","1004","1.3"
"173952","1005","13.63"
"173952","1008","62"
"173953","1004","0.68"
"173953","1003","1.57"
"173953","1005","17.71"
"173953","1008","75"
"173954","1003","1"
"173954","1004","0.3"
"173954","1005","12.18"
"173954","1008","50"
"173955","1004","0.1"
"173955","1005","8.94"
"173955","1008","36"
"173955","1003","0.77"
"173956","1003","0.74"
"173956","1004","0.1"
"173956","1005","19.3"
"173956","1008","75"
"173957","1003","0.77"
"173957","1004","0.13"
"173957","1005","11.76"
"173957","1008","46"
"173958","1004","0.02"
"173958","1005","13.81"
"173958","1008","54"
"173958","1003","0.91"
"173959","1003","0.61"
"173959","1004","0.15"
"173959","1005","17.29"
"173959","1008","67"
"173960","1004","0.15"
"173960","1005","21.27"
"173960","1008","83"
"173960","1003","0.6"
"173961","1005","40.4"
"173961","1008","159"
"173961","1003","0.9"
"173961","1004","0.15"
"173962","1004","0.1"
"173962","1005","46.2"
"173962","1008","178"
"173962","1003","0.3"
"173963","1003","1.4"
"173963","1004","0.41"
"173963","1005","15.38"
"173963","1008","63"
"173964","1004","0.2"
"173964","1005","13.8"
"173964","1008","56"
"173964","1003","1.4"
"173965","1003","20.85"
"173965","1004","6.11"
"173965","1005","0"
"173965","1008","138"
"173966","1004","12.3"
"173966","1005","0"
"173966","1008","191"
"173966","1003","20.19"
"173967","1003","5.54"
"173967","1004","68.07"
"173967","1005","0.97"
"173967","1008","639"
"173968","1004","67.33"
"173968","1005","0"
"173968","1008","627"
"173968","1003","5.16"
"173969","1003","20.53"
"173969","1004","7.63"
"173969","1005","0.01"
"173969","1008","151"
"173970","1004","4.87"
"173970","1005","0"
"173970","1008","131"
"173970","1003","21.79"
"173971","1003","21.4"
"173971","1004","4.93"
"173971","1005","0"
"173971","1008","130"
"173972","1004","4.43"
"173972","1005","0"
"173972","1008","129"
"173972","1003","22.41"
"173973","1003","18.87"
"173973","1004","17.73"
"173973","1005","0.57"
"173973","1008","237"
"173974","1004","15.69"
"173974","1005","0.2"
"173974","1008","223"
"173974","1003","20.15"
"173975","1003","19.8"
"173975","1004","15.21"
"173975","1005","0.11"
"173975","1008","217"
"173976","1004","6.16"
"173976","1005","0.01"
"173976","1008","140"
"173976","1003","21.13"
"173977","1003","22.24"
"173977","1004","4.4"
"173977","1005","0"
"173977","1008","129"
"173978","1004","24.2"
"173978","1008","289"
"173978","1003","17.67"
"173978","1005","0.12"
"173979","1003","14.58"
"173979","1004","36.98"
"173979","1008","392"
"173979","1005","0.14"
"173980","1004","3.66"
"173980","1005","0"
"173980","1008","127"
"173980","1003","23.49"
"173981","1003","23.49"
"173981","1004","2.85"
"173981","1005","0"
"173981","1008","120"
"173982","1004","3.5"
"173982","1005","0"
"173982","1008","125"
"173982","1003","23.45"
"173983","1003","23.46"
"173983","1004","3.81"
"173983","1005","0"
"173983","1008","128"
"173984","1004","3.48"
"173984","1005","0"
"173984","1008","124"
"173984","1003","23.26"
"173985","1003","23.24"
"173985","1004","3.83"
"173985","1005","0"
"173985","1008","127"
"173986","1004","2.95"
"173986","1005","0"
"173986","1008","120"
"173986","1003","23.3"
"173987","1003","21.67"
"173987","1004","6.93"
"173987","1005","0"
"173987","1008","149"
"173988","1003","21.72"
"173988","1004","6.67"
"173988","1005","0"
"173988","1008","147"
"173989","1004","7.1"
"173989","1005","0"
"173989","1008","150"
"173989","1003","21.57"
"173990","1003","21.95"
"173990","1004","6.02"
"173990","1005","0"
"173990","1008","142"
"173991","1004","8.14"
"173991","1005","0"
"173991","1008","183"
"173991","1003","27.31"
"173992","1004","3.72"
"173992","1005","0"
"173992","1008","157"
"173992","1003","30.97"
"173993","1003","29.66"
"173993","1004","4.47"
"173993","1005","0"
"173993","1008","159"
"173994","1004","4.83"
"173994","1005","0"
"173994","1008","163"
"173994","1003","29.79"
"173995","1004","3.98"
"173995","1005","0"
"173995","1008","154"
"173995","1003","29.47"
"173996","1003","23.59"
"173996","1004","3.26"
"173996","1005","0"
"173996","1008","124"
"173997","1004","2.45"
"173997","1005","0"
"173997","1008","116"
"173997","1003","23.59"
"173998","1003","23.37"
"173998","1004","3.04"
"173998","1005","0"
"173998","1008","121"
"173999","1004","3.38"
"173999","1005","0"
"173999","1008","124"
"173999","1003","23.35"
"174000","1004","6.16"
"174000","1005","0"
"174000","1008","143"
"174000","1003","21.78"
"174001","1003","22.16"
"174001","1004","5.1"
"174001","1005","0"
"174001","1008","135"
"174002","1004","5.67"
"174002","1005","0"
"174002","1008","143"
"174002","1003","23.07"
"174003","1003","22.93"
"174003","1004","6.34"
"174003","1005","0"
"174003","1008","149"
"174004","1004","7.49"
"174004","1005","0"
"174004","1008","177"
"174004","1003","27.51"
"174005","1003","27.48"
"174005","1004","8.13"
"174005","1005","0"
"174005","1008","183"
"174006","1004","6.54"
"174006","1005","0"
"174006","1008","169"
"174006","1003","27.55"
"174007","1005","0"
"174007","1004","3.77"
"174007","1003","30.09"
"174007","1008","162"
"174008","1004","3.43"
"174008","1005","0"
"174008","1008","149"
"174008","1003","29.52"
"174009","1003","23.3"
"174009","1004","4.66"
"174009","1005","0"
"174009","1008","135"
"174010","1004","6.34"
"174010","1005","0"
"174010","1008","149"
"174010","1003","22.93"
"174011","1003","23.07"
"174011","1004","5.67"
"174011","1005","0"
"174011","1008","143"
"174012","1008","142"
"174012","1003","22.01"
"174012","1004","6.05"
"174012","1005","0"
"174013","1004","9.16"
"174013","1005","0"
"174013","1008","203"
"174013","1003","28.73"
"174014","1005","0"
"174014","1003","21.34"
"174014","1004","10.08"
"174014","1008","176"
"174015","1004","7.24"
"174015","1005","0"
"174015","1008","151"
"174015","1003","21.55"
"174016","1003","25.9"
"174016","1004","5.42"
"174016","1005","0"
"174016","1008","159"
"174017","1004","10.16"
"174017","1005","0"
"174017","1003","26.13"
"174017","1008","203"
"174018","1008","129"
"174018","1003","19.63"
"174018","1004","5.02"
"174018","1005","0"
"174019","1003","26.82"
"174019","1004","6.34"
"174019","1005","0"
"174019","1008","172"
"174020","1004","5.24"
"174020","1005","0"
"174020","1003","26.08"
"174020","1008","159"
"174021","1003","25.77"
"174021","1004","12.93"
"174021","1005","0"
"174021","1008","227"
"174022","1004","9.99"
"174022","1005","0"
"174022","1003","25.67"
"174022","1008","200"
"174023","1004","12.26"
"174023","1005","0"
"174023","1003","24.61"
"174023","1008","216"
"174024","1003","29.97"
"174024","1004","15.18"
"174024","1005","0"
"174024","1008","265"
"174025","1004","5.52"
"174025","1005","0"
"174025","1003","25.87"
"174025","1008","160"
"174026","1003","25.73"
"174026","1004","11.73"
"174026","1005","0"
"174026","1008","216"
"174027","1004","10.84"
"174027","1005","0"
"174027","1003","25.7"
"174027","1008","207"
"174028","1008","193"
"174028","1003","29.17"
"174028","1005","0"
"174028","1004","7.58"
"174029","1008","174"
"174029","1005","0"
"174029","1003","27.31"
"174029","1004","6.37"
"174030","1004","10"
"174030","1005","0"
"174030","1003","20"
"174030","1008","176"
"174031","1003","26.11"
"174031","1005","0"
"174031","1008","217"
"174031","1004","11.75"
"174032","1003","25.93"
"174032","1004","15.41"
"174032","1008","250"
"174032","1005","0"
"174033","1003","24.62"
"174033","1008","232"
"174033","1005","0"
"174033","1004","14.02"
"174034","1003","27.73"
"174034","1004","15.3"
"174034","1005","0"
"174034","1008","256"
"174035","1005","0"
"174035","1003","25.93"
"174035","1004","14.36"
"174035","1008","240"
"174036","1003","17.17"
"174036","1004","20"
"174036","1005","0"
"174036","1008","254"
"174037","1004","25"
"174037","1005","0"
"174037","1003","15.76"
"174037","1008","293"
"174038","1005","0"
"174038","1004","18.87"
"174038","1008","279"
"174038","1003","25.56"
"174039","1003","23.45"
"174039","1008","248"
"174039","1005","0"
"174039","1004","16.44"
"174040","1008","277"
"174040","1005","0"
"174040","1003","26.28"
"174040","1004","18.21"
"174041","1005","0"
"174041","1003","23.07"
"174041","1004","3.88"
"174041","1008","133"
"174042","1003","30.87"
"174042","1004","6.22"
"174042","1005","0"
"174042","1008","188"
"174043","1004","7.76"
"174043","1005","0"
"174043","1003","29.07"
"174043","1008","194"
"174044","1003","29.34"
"174044","1004","4.96"
"174044","1005","0"
"174044","1008","170"
"174045","1004","6.43"
"174045","1005","0"
"174045","1003","34.46"
"174045","1008","205"
"174046","1005","0"
"174046","1004","4.31"
"174046","1003","22.19"
"174046","1008","128"
"174047","1004","6"
"174047","1005","0"
"174047","1003","33.15"
"174047","1008","196"
"174048","1003","21.57"
"174048","1004","3.84"
"174048","1005","0"
"174048","1008","127"
"174049","1004","3"
"174049","1005","0"
"174049","1003","22.6"
"174049","1008","124"
"174050","1003","34.66"
"174050","1004","7.36"
"174050","1005","0"
"174050","1008","214"
"174051","1004","4.19"
"174051","1005","0"
"174051","1003","22.11"
"174051","1008","132"
"174052","1003","28"
"174052","1004","5.72"
"174052","1005","0"
"174052","1008","163"
"174053","1004","7.73"
"174053","1005","0"
"174053","1003","34.34"
"174053","1008","216"
"174054","1003","29.42"
"174054","1004","5.84"
"174054","1005","0"
"174054","1008","178"
"174055","1005","0"
"174055","1003","22.09"
"174055","1004","4.08"
"174055","1008","131"
"174056","1005","0"
"174056","1004","5.05"
"174056","1003","21.96"
"174056","1008","139"
"174057","1005","0"
"174057","1003","21.69"
"174057","1004","4.06"
"174057","1008","129"
"174058","1005","0"
"174058","1003","22.22"
"174058","1004","4.96"
"174058","1008","140"
"174059","1005","0"
"174059","1003","27.56"
"174059","1004","6.77"
"174059","1008","179"
"174060","1005","0"
"174060","1004","5.3"
"174060","1003","29.87"
"174060","1008","175"
"174061","1005","0"
"174061","1003","32.04"
"174061","1004","6.25"
"174061","1008","193"
"174062","1004","3.94"
"174062","1005","8.28"
"174062","1008","79"
"174062","1003","2.61"
"174063","1003","2.33"
"174063","1004","4.23"
"174063","1005","5.68"
"174063","1008","70"
"174064","1003","3.29"
"174064","1004","1.34"
"174064","1005","3.84"
"174064","1008","41"
"174065","1004","0.95"
"174065","1005","4.99"
"174065","1008","42"
"174065","1003","3.26"
"174066","1004","0.02"
"174066","1005","38.22"
"174066","1003","0.27"
"174066","1008","154"
"174067","1003","1.36"
"174067","1004","1.05"
"174067","1005","28.22"
"174067","1008","128"
"174068","1003","3.14"
"174068","1004","9.51"
"174068","1005","11.14"
"174068","1008","143"
"174069","1004","8.26"
"174069","1005","11.72"
"174069","1008","133"
"174069","1003","2.92"
"174070","1004","16.02"
"174070","1005","22.02"
"174070","1008","257"
"174070","1003","6.31"
"174071","1003","1.16"
"174071","1004","0.51"
"174071","1005","10.28"
"174071","1008","50"
"174072","1004","2.57"
"174072","1005","5.01"
"174072","1008","46"
"174072","1003","0.67"
"174073","1004","0.96"
"174073","1005","7.94"
"174073","1008","52"
"174073","1003","2.81"
"174074","1003","0.62"
"174074","1004","0.91"
"174074","1005","4.87"
"174074","1008","30"
"174075","1003","7.85"
"174075","1005","46.13"
"174075","1008","299"
"174075","1004","9.2"
"174076","1004","13.2"
"174076","1005","45.35"
"174076","1008","326"
"174076","1003","6.36"
"174077","1003","10.2"
"174077","1004","6.7"
"174077","1005","46.21"
"174077","1008","286"
"174078","1004","5.8"
"174078","1005","55.77"
"174078","1008","318"
"174078","1003","10.65"
"174079","1004","23.5"
"174079","1005","68.83"
"174079","1008","503"
"174079","1003","4.1"
"174080","1003","4.5"
"174080","1004","24.2"
"174080","1005","67.87"
"174080","1008","507"
"174081","1004","9.76"
"174081","1005","45.89"
"174081","1008","310"
"174081","1003","9.76"
"174082","1003","3.71"
"174082","1004","13"
"174082","1005","69.37"
"174082","1008","409"
"174083","1003","5.71"
"174083","1004","5.71"
"174083","1005","77.96"
"174083","1008","386"
"174084","1004","16.03"
"174084","1005","57.29"
"174084","1008","412"
"174084","1003","9.62"
"174085","1003","7.14"
"174085","1004","3.57"
"174085","1005","49.16"
"174085","1008","257"
"174086","1003","5.71"
"174086","1004","1.9"
"174086","1005","57.32"
"174086","1008","269"
"174087","1004","14"
"174087","1005","75.99"
"174087","1008","451"
"174087","1003","5.37"
"174088","1003","3.45"
"174088","1004","27.59"
"174088","1005","65.99"
"174088","1008","526"
"174089","1004","3.61"
"174089","1005","47.31"
"174089","1008","269"
"174089","1003","11.69"
"174090","1003","12.38"
"174090","1004","4.38"
"174090","1005","44.93"
"174090","1008","269"
"174091","1003","8.33"
"174091","1004","1.04"
"174091","1005","49.1"
"174091","1008","239"
"174092","1004","0"
"174092","1005","54.52"
"174092","1008","255"
"174092","1003","9.3"
"174093","1003","7.02"
"174093","1004","1.75"
"174093","1005","50.17"
"174093","1008","245"
"174094","1004","3.49"
"174094","1005","46.5"
"174094","1008","255"
"174094","1003","9.3"
"174095","1003","2.94"
"174095","1004","17.65"
"174095","1005","63.52"
"174095","1008","425"
"174096","1004","19.35"
"174096","1005","63.26"
"174096","1008","440"
"174096","1003","3.23"
"174097","1003","4.55"
"174097","1004","18.18"
"174097","1005","63.26"
"174097","1008","435"
"174098","1004","17.71"
"174098","1005","65.67"
"174098","1008","463"
"174098","1003","10.16"
"174099","1003","3.13"
"174099","1004","10.7"
"174099","1005","52.83"
"174099","1008","320"
"174100","1004","5.24"
"174100","1005","45.78"
"174100","1008","248"
"174100","1003","4.31"
"174101","1003","5.4"
"174101","1004","8.02"
"174101","1005","51.15"
"174101","1008","298"
"174102","1004","9.34"
"174102","1005","49.09"
"174102","1008","309"
"174102","1003","7.25"
"174103","1003","2.5"
"174103","1004","15.41"
"174103","1005","76.94"
"174103","1008","456"
"174104","1004","15.84"
"174104","1005","66.3"
"174104","1008","453"
"174104","1003","11.25"
"174105","1003","2.72"
"174105","1004","8.84"
"174105","1005","43.05"
"174105","1008","263"
"174106","1004","4.55"
"174106","1005","40.32"
"174106","1008","215"
"174106","1003","3.31"
"174107","1003","10.04"
"174107","1004","7.37"
"174107","1005","53.58"
"174107","1008","321"
"174108","1003","0"
"174108","1004","0"
"174108","1005","11.27"
"174108","1008","45"
"174109","1004","0"
"174109","1005","2.64"
"174109","1003","0.07"
"174109","1008","88"
"174110","1004","0"
"174110","1005","2.16"
"174110","1008","84"
"174110","1003","0.07"
"174111","1003","0"
"174111","1004","0"
"174111","1005","12.26"
"174111","1008","47"
"174112","1003","0"
"174112","1004","0.1"
"174112","1005","5.1"
"174112","1008","22"
"174113","1003","0"
"174113","1004","0"
"174113","1005","0.14"
"174113","1008","0"
"174114","1003","1.8"
"174114","1004","0.2"
"174114","1005","93.3"
"174114","1008","372"
"174115","1004","3.11"
"174115","1005","8.68"
"174115","1008","75"
"174115","1003","3.16"
"174116","1004","2.08"
"174116","1005","2.92"
"174116","1008","31"
"174116","1003","0.21"
"174117","1005","65.1"
"174117","1008","279"
"174117","1003","2.1"
"174117","1004","1.13"
"174118","1004","2.96"
"174118","1005","12.78"
"174118","1008","90"
"174118","1003","3.07"
"174119","1004","0.98"
"174119","1005","11.42"
"174119","1008","60"
"174119","1003","1.48"
"174120","1003","0"
"174120","1004","0"
"174120","1005","0.15"
"174120","1008","1"
"174121","1003","0"
"174121","1004","0"
"174121","1008","1"
"174121","1005","0.31"
"174122","1003","6.67"
"174122","1004","4"
"174122","1005","83.73"
"174122","1008","398"
"174123","1004","0.55"
"174123","1008","55"
"174123","1005","11.54"
"174123","1003","0.92"
"174124","1004","15"
"174124","1005","75"
"174124","1008","400"
"174124","1003","2.8"
"174125","1004","0.18"
"174125","1003","0.1"
"174125","1005","1.69"
"174125","1008","9"
"174126","1003","14.42"
"174126","1004","0.5"
"174126","1005","73.18"
"174126","1008","352"
"174127","1003","9"
"174127","1004","13.21"
"174127","1005","71.4"
"174127","1008","440"
"174128","1003","0"
"174128","1004","0.22"
"174128","1005","6.2"
"174128","1008","27"
"174129","1004","0"
"174129","1008","2"
"174129","1003","0"
"174129","1005","0.41"
"174130","1004","0"
"174130","1005","0.34"
"174130","1008","2"
"174130","1003","0.1"
"174131","1003","0"
"174131","1004","0"
"174131","1005","3.75"
"174131","1008","15"
"174132","1003","0.21"
"174132","1005","13.16"
"174132","1004","0"
"174132","1008","54"
"174133","1004","0.2"
"174133","1003","11.6"
"174133","1005","76"
"174133","1008","351"
"174134","1004","0"
"174134","1005","0.75"
"174134","1008","3"
"174134","1003","0.09"
"174135","1004","15.87"
"174135","1003","5.29"
"174135","1005","74.04"
"174135","1008","460"
"174136","1003","0.73"
"174136","1004","0"
"174136","1005","5.77"
"174136","1008","26"
"174137","1003","0.22"
"174137","1005","11.98"
"174137","1008","49"
"174137","1004","0.01"
"174138","1004","2.52"
"174138","1003","6.01"
"174138","1005","78.42"
"174138","1008","360"
"174139","1004","0.04"
"174139","1005","1.3"
"174139","1003","0.1"
"174139","1008","6"
"174140","1004","0.11"
"174140","1005","15.85"
"174140","1008","63"
"174140","1003","0"
"174141","1004","0"
"174141","1005","10.07"
"174141","1003","0"
"174141","1008","68"
"174142","1004","0"
"174142","1005","16.2"
"174142","1008","64"
"174142","1003","0.2"
"174143","1003","0"
"174143","1004","0"
"174143","1005","94.45"
"174143","1008","378"
"174144","1004","0"
"174144","1005","0"
"174144","1008","0"
"174144","1003","0"
"174145","1003","0.25"
"174145","1004","0"
"174145","1005","0.77"
"174145","1008","46"
"174146","1004","0"
"174146","1008","56"
"174146","1003","0"
"174146","1005","5.92"
"174147","1003","0.19"
"174147","1005","12.76"
"174147","1008","46"
"174147","1004","0"
"174148","1008","19"
"174148","1003","0.22"
"174148","1004","0.01"
"174148","1005","4.72"
"174149","1003","0.13"
"174149","1005","11.88"
"174149","1008","45"
"174149","1004","0.01"
"174150","1008","23"
"174150","1003","0.36"
"174150","1005","5.78"
"174150","1004","0.02"
"174151","1008","47"
"174151","1004","0"
"174151","1003","0"
"174151","1005","11.94"
"174152","1003","0.2"
"174152","1004","0"
"174152","1005","41.4"
"174152","1008","162"
"174153","1003","0.06"
"174153","1004","0"
"174153","1005","11.66"
"174153","1008","46"
"174154","1003","0"
"174154","1004","13.33"
"174154","1005","86.28"
"174154","1008","465"
"174155","1004","0"
"174155","1005","0.3"
"174155","1008","1"
"174155","1003","0"
"174156","1003","0"
"174156","1004","0"
"174156","1005","0.2"
"174156","1008","1"
"174157","1004","0"
"174157","1005","1.1"
"174157","1008","6"
"174157","1003","0.5"
"174158","1003","0"
"174158","1004","0"
"174158","1005","0"
"174158","1008","0"
"174159","1003","4.55"
"174159","1004","2.27"
"174159","1005","90.28"
"174159","1008","400"
"174160","1003","3.27"
"174160","1005","11.87"
"174160","1008","89"
"174160","1004","3.17"
"174161","1003","0"
"174161","1004","0"
"174161","1005","5.49"
"174161","1008","22"
"174162","1003","0"
"174162","1004","0"
"174162","1005","1.23"
"174162","1008","4"
"174163","1004","0"
"174163","1005","1.26"
"174163","1008","4"
"174163","1003","0"
"174164","1003","0"
"174164","1004","0"
"174164","1005","1.26"
"174164","1008","4"
"174165","1004","0"
"174165","1005","8.23"
"174165","1008","33"
"174165","1003","0"
"174166","1003","0"
"174166","1004","0"
"174166","1005","7.41"
"174166","1008","29"
"174167","1004","0"
"174167","1005","7.82"
"174167","1008","33"
"174167","1003","0"
"174168","1003","0"
"174168","1004","0"
"174168","1005","7.41"
"174168","1008","29"
"174169","1004","0"
"174169","1005","11.38"
"174169","1008","49"
"174169","1003","0.41"
"174170","1004","0"
"174170","1005","10.98"
"174170","1008","45"
"174170","1003","0"
"174171","1005","12.08"
"174171","1008","46"
"174171","1003","0.25"
"174171","1004","0.08"
"174172","1003","0.25"
"174172","1004","0.08"
"174172","1005","12.08"
"174172","1008","46"
"174173","1004","0"
"174173","1005","1.1"
"174173","1008","4"
"174173","1003","0"
"174174","1004","1.83"
"174174","1005","12.08"
"174174","1008","77"
"174174","1003","3.05"
"174175","1004","0.01"
"174175","1005","11.15"
"174175","1008","46"
"174175","1003","0.3"
"174176","1004","0.07"
"174176","1005","10"
"174176","1008","39"
"174176","1003","0"
"174177","1003","0.25"
"174177","1004","0.08"
"174177","1005","0.7"
"174177","1008","1"
"174178","1003","0.05"
"174178","1004","0.01"
"174178","1005","1.94"
"174178","1008","8"
"174179","1004","0"
"174179","1005","16.03"
"174179","1008","64"
"174179","1003","0"
"174180","1003","0"
"174180","1004","0"
"174180","1005","6.67"
"174180","1008","27"
"174181","1004","10.71"
"174181","1005","20.38"
"174181","1008","392"
"174181","1003","53.57"
"174182","1003","20.35"
"174182","1004","4.84"
"174182","1005","0"
"174182","1008","131"
"174183","1004","9.71"
"174183","1005","0"
"174183","1008","210"
"174183","1003","28.89"
"174184","1003","18.86"
"174184","1004","3.69"
"174184","1005","0"
"174184","1008","114"
"174185","1003","22.86"
"174185","1004","7.17"
"174185","1005","0"
"174185","1008","162"
"174186","1004","2.82"
"174186","1005","0"
"174186","1008","95"
"174186","1003","16.38"
"174187","1008","229"
"174187","1003","18.09"
"174187","1004","13.33"
"174187","1005","8.04"
"174188","1008","264"
"174188","1004","17.9"
"174188","1005","4"
"174188","1003","24.6"
"174189","1003","22.76"
"174189","1004","0.86"
"174189","1005","0"
"174189","1008","105"
"174190","1008","290"
"174190","1004","2.37"
"174190","1005","0"
"174190","1003","62.82"
"174191","1003","15.27"
"174191","1004","0.41"
"174191","1008","69"
"174191","1005","0"
"174192","1004","3.17"
"174192","1005","0"
"174192","1008","104"
"174192","1003","17.78"
"174193","1003","18.44"
"174193","1004","11.66"
"174193","1005","0"
"174193","1008","184"
"174194","1004","14.95"
"174194","1005","0"
"174194","1008","236"
"174194","1003","23.65"
"174195","1004","16.23"
"174195","1005","21.66"
"174195","1008","277"
"174195","1003","11.01"
"174196","1004","1.93"
"174196","1008","70"
"174196","1003","12.41"
"174196","1005","0"
"174197","1003","15.24"
"174197","1004","2.37"
"174197","1005","0"
"174197","1008","86"
"174198","1003","19.99"
"174198","1004","0.55"
"174198","1005","0"
"174198","1008","90"
"174199","1004","0.96"
"174199","1005","0"
"174199","1008","116"
"174199","1003","25.23"
"174200","1004","1.33"
"174200","1008","91"
"174200","1003","18.56"
"174200","1005","0"
"174201","1003","22.54"
"174201","1004","1.61"
"174201","1005","0"
"174201","1008","111"
"174202","1004","1.54"
"174202","1005","0"
"174202","1008","97"
"174202","1003","19.35"
"174203","1003","7.62"
"174203","1004","0.46"
"174203","1005","15"
"174203","1008","95"
"174204","1004","1.08"
"174204","1005","0.04"
"174204","1008","87"
"174204","1003","18.06"
"174205","1003","17.88"
"174205","1004","0.74"
"174205","1008","83"
"174205","1005","0"
"174206","1003","15.97"
"174206","1004","0.95"
"174206","1005","0"
"174206","1008","77"
"174207","1008","82"
"174207","1004","1.2"
"174207","1005","0"
"174207","1003","16.77"
"174208","1003","16.52"
"174208","1004","0.75"
"174208","1005","0"
"174208","1008","77"
"174209","1003","19"
"174209","1004","0.86"
"174209","1005","0"
"174209","1008","89"
"174210","1004","1.01"
"174210","1005","0.91"
"174210","1008","71"
"174210","1003","13.61"
"174211","1004","1.51"
"174211","1005","2.43"
"174211","1008","112"
"174211","1003","20.6"
"174212","1003","17.1"
"174212","1004","0.76"
"174212","1005","6.01"
"174212","1008","105"
"174213","1004","6.78"
"174213","1005","11.05"
"174213","1008","189"
"174213","1003","19.63"
"174214","1004","0.96"
"174214","1005","3.57"
"174214","1008","86"
"174214","1003","14.67"
"174215","1003","16.24"
"174215","1004","0.7"
"174215","1005","0.82"
"174215","1008","79"
"174216","1004","2.24"
"174216","1005","3.69"
"174216","1008","86"
"174216","1003","11.9"
"174217","1003","23.8"
"174217","1004","4.48"
"174217","1005","7.39"
"174217","1008","172"
"174218","1004","1.04"
"174218","1005","2.2"
"174218","1008","82"
"174218","1003","14.91"
"174219","1004","2.3"
"174219","1005","4.95"
"174219","1008","81"
"174219","1003","9.45"
"174220","1003","12.06"
"174220","1004","0.49"
"174220","1005","3.18"
"174220","1008","69"
"174221","1008","216"
"174221","1003","18.07"
"174221","1004","10.94"
"174221","1005","10.13"
"174222","1004","0.41"
"174222","1005","10.62"
"174222","1008","99"
"174222","1003","12.77"
"174223","1003","15.58"
"174223","1004","1.38"
"174223","1005","3.08"
"174223","1008","92"
"174224","1004","5.5"
"174224","1005","0"
"174224","1008","141"
"174224","1003","21.43"
"174225","1003","19.78"
"174225","1004","6.05"
"174225","1005","0"
"174225","1008","139"
"174226","1004","7.31"
"174226","1005","0"
"174226","1008","153"
"174226","1003","20.47"
"174227","1008","198"
"174227","1003","29.13"
"174227","1004","8.21"
"174227","1005","0"
"174228","1003","22.73"
"174228","1008","124"
"174228","1004","2.99"
"174228","1005","0"
"174229","1004","5.44"
"174229","1005","0"
"174229","1008","159"
"174229","1003","25.69"
"174230","1003","24.76"
"174230","1004","1.04"
"174230","1005","0"
"174230","1008","115"
"174231","1004","10.28"
"174231","1005","0"
"174231","1008","187"
"174231","1003","22.15"
"174232","1004","17.74"
"174232","1005","0"
"174232","1008","239"
"174232","1003","18.42"
"174233","1003","21.01"
"174233","1004","17.79"
"174233","1005","0"
"174233","1008","250"
"174234","1004","0.82"
"174234","1005","0"
"174234","1008","111"
"174234","1003","24.35"
"174235","1003","22.64"
"174235","1004","1.36"
"174235","1005","0"
"174235","1008","109"
"174236","1004","2.56"
"174236","1005","0"
"174236","1008","134"
"174236","1003","26"
"174237","1003","24.92"
"174237","1004","1.26"
"174237","1005","0"
"174237","1008","118"
"174238","1004","1.17"
"174238","1005","0"
"174238","1008","102"
"174238","1003","21.33"
"174239","1003","28.62"
"174239","1004","8.23"
"174239","1005","1.92"
"174239","1008","204"
"174240","1004","19.62"
"174240","1005","0"
"174240","1008","250"
"174240","1003","17.19"
"174241","1004","3.5"
"174241","1005","0"
"174241","1008","135"
"174241","1003","24.21"
"174242","1003","21.46"
"174242","1004","4.63"
"174242","1005","0"
"174242","1008","133"
"174243","1004","17.65"
"174243","1005","0"
"174243","1008","252"
"174243","1003","21.71"
"174244","1003","23.73"
"174244","1004","6.28"
"174244","1005","0"
"174244","1008","158"
"174245","1004","3.78"
"174245","1005","0"
"174245","1008","122"
"174245","1003","20.58"
"174246","1003","24.47"
"174246","1004","7.51"
"174246","1005","0"
"174246","1008","172"
"174247","1004","3.06"
"174247","1005","0"
"174247","1008","123"
"174247","1003","22.44"
"174248","1003","29.67"
"174248","1004","6.72"
"174248","1005","0"
"174248","1008","187"
"174249","1004","2.08"
"174249","1005","4.4"
"174249","1008","164"
"174249","1003","29.82"
"174250","1003","18.9"
"174250","1004","4.6"
"174250","1005","9.9"
"174250","1008","163"
"174251","1003","22.64"
"174251","1004","0.9"
"174251","1008","105"
"174251","1005","0"
"174252","1005","63.38"
"174252","1008","338"
"174252","1004","0.69"
"174252","1003","21.46"
"174253","1005","20.88"
"174253","1008","115"
"174253","1003","7.8"
"174253","1004","0.38"
"174254","1004","0.17"
"174254","1005","14.91"
"174254","1008","79"
"174254","1003","4.93"
"174255","1005","62.83"
"174255","1008","335"
"174255","1003","20.62"
"174255","1004","0.93"
"174256","1005","62.62"
"174256","1008","347"
"174256","1003","23.86"
"174256","1004","1.15"
"174257","1005","19.15"
"174257","1008","105"
"174257","1004","0.38"
"174257","1003","7.02"
"174258","1005","86.09"
"174258","1008","351"
"174258","1003","0.16"
"174258","1004","0.06"
"174259","1003","25.21"
"174259","1004","1.64"
"174259","1005","58.99"
"174259","1008","341"
"174260","1005","21.26"
"174260","1008","318"
"174260","1004","22.01"
"174260","1003","13.5"
"174261","1003","28.03"
"174261","1004","52.5"
"174261","1005","15.26"
"174261","1008","599"
"174262","1005","21.26"
"174262","1008","587"
"174262","1003","24.35"
"174262","1004","49.66"
"174263","1004","49.6"
"174263","1005","15.83"
"174263","1008","570"
"174263","1003","26.15"
"174264","1004","48.62"
"174264","1005","19.86"
"174264","1008","578"
"174264","1003","25.87"
"174265","1003","24.06"
"174265","1004","49.94"
"174265","1005","21.57"
"174265","1008","589"
"174266","1003","22.21"
"174266","1004","51.36"
"174266","1005","22.31"
"174266","1008","598"
"174267","1005","34.7"
"174267","1008","327"
"174267","1003","52.2"
"174267","1004","0.55"
"174268","1005","34.71"
"174268","1008","311"
"174268","1003","41.71"
"174268","1004","2.97"
"174269","1003","20.28"
"174269","1005","8.09"
"174269","1008","255"
"174269","1004","18.16"
"174270","1005","30.16"
"174270","1008","446"
"174270","1003","36.49"
"174270","1004","19.94"
"174271","1005","8.36"
"174271","1008","172"
"174271","1003","18.21"
"174271","1004","8.97"
"174272","1003","20.29"
"174272","1005","7.64"
"174272","1008","192"
"174272","1004","10.8"
"174273","1005","31.92"
"174273","1008","434"
"174273","1003","37.81"
"174273","1004","20.65"
"174274","1003","38.09"
"174274","1005","30.38"
"174274","1008","439"
"174274","1004","21.86"
"174275","1004","1.22"
"174275","1005","33.92"
"174275","1008","327"
"174275","1003","51.46"
"174276","1005","0"
"174276","1008","335"
"174276","1003","88.32"
"174276","1004","3.39"
"174277","1004","0.57"
"174277","1005","4.93"
"174277","1003","8.14"
"174277","1008","53"
"174278","1005","5.57"
"174278","1008","60"
"174278","1003","10.51"
"174278","1004","0.1"
"174279","1003","7"
"174279","1004","0.51"
"174279","1005","7.84"
"174279","1008","60"
"174280","1005","4.38"
"174280","1003","8.92"
"174280","1004","8"
"174280","1008","116"
"174281","1003","24.33"
"174281","1004","1.31"
"174281","1005","61.91"
"174281","1008","347"
"174282","1004","0.45"
"174282","1005","21.09"
"174282","1008","118"
"174282","1003","8.29"
"174283","1003","29.65"
"174283","1004","16.32"
"174283","1005","41.71"
"174283","1008","409"
"174284","1005","63.1"
"174284","1008","358"
"174284","1003","23.91"
"174284","1004","2.17"
"174285","1004","1.05"
"174285","1005","21.49"
"174285","1008","124"
"174285","1003","7.98"
"174286","1003","6.99"
"174286","1004","0.9"
"174286","1005","20.22"
"174286","1008","114"
"174287","1004","6.3"
"174287","1003","15.7"
"174287","1005","14.27"
"174287","1008","177"
"174288","1005","57.82"
"174288","1008","387"
"174288","1003","22.39"
"174288","1004","6.69"
"174289","1003","7.78"
"174289","1004","17.82"
"174289","1005","15"
"174289","1008","237"
"174290","1003","9.98"
"174290","1004","5.26"
"174290","1005","1.18"
"174290","1008","83"
"174291","1005","4.39"
"174291","1008","145"
"174291","1003","12.68"
"174291","1004","9.99"
"174292","1004","2.7"
"174292","1005","2.9"
"174292","1003","4.8"
"174292","1008","55"
"174293","1004","1.53"
"174293","1005","9.95"
"174293","1008","63"
"174293","1003","2.26"
"174294","1004","49.54"
"174294","1003","21.93"
"174294","1005","23.98"
"174294","1008","588"
"174295","1003","2.26"
"174295","1004","1.53"
"174295","1005","9.95"
"174295","1008","63"
"174296","1004","0.87"
"174296","1005","13.5"
"174296","1008","83"
"174296","1003","5.28"
"174297","1004","6.3"
"174297","1003","12.4"
"174297","1005","2.8"
"174297","1008","118"
"174298","1004","2.01"
"174298","1005","13.55"
"174298","1008","89"
"174298","1003","4.98"
"174299","1003","18.21"
"174299","1005","8.36"
"174299","1008","172"
"174299","1004","8.97"
"174300","1005","30.22"
"174300","1008","469"
"174300","1003","38.55"
"174300","1004","25.4"
"174301","1003","63.63"
"174301","1005","25.41"
"174301","1008","328"
"174301","1004","0.46"
"174302","1004","0.53"
"174302","1005","2.59"
"174302","1008","321"
"174302","1003","88.32"
"174303","1005","8.3"
"174303","1008","470"
"174303","1003","52.43"
"174303","1004","30.34"
"174304","1003","18.82"
"174304","1005","8.86"
"174304","1008","270"
"174304","1004","20.18"
"174305","1008","116"
"174305","1003","8.15"
"174305","1005","5.15"
"174305","1004","8"
"174306","1004","0.45"
"174306","1005","21.09"
"174306","1008","118"
"174306","1003","8.29"
"174307","1003","20.29"
"174307","1004","5.25"
"174307","1005","0"
"174307","1008","134"
"174308","1004","9.52"
"174308","1005","0"
"174308","1008","206"
"174308","1003","28.22"
"174309","1003","6.65"
"174309","1004","70.61"
"174309","1005","0"
"174309","1008","665"
"174310","1004","59.18"
"174310","1005","0"
"174310","1008","586"
"174310","1003","12.16"
"174311","1003","17.91"
"174311","1004","17.07"
"174311","1005","0"
"174311","1008","230"
"174312","1008","258"
"174312","1004","16.48"
"174312","1005","0"
"174312","1003","25.55"
"174313","1003","20.56"
"174313","1004","4.51"
"174313","1005","0"
"174313","1008","128"
"174314","1004","7.74"
"174314","1005","0"
"174314","1008","191"
"174314","1003","28.3"
"174315","1003","18.58"
"174315","1004","13.49"
"174315","1005","0"
"174315","1008","201"
"174316","1004","20.67"
"174316","1005","0"
"174316","1008","292"
"174316","1003","24.63"
"174317","1003","20.55"
"174317","1004","5.08"
"174317","1005","0"
"174317","1008","134"
"174318","1004","9.17"
"174318","1005","0"
"174318","1008","204"
"174318","1003","28.35"
"174319","1003","16.32"
"174319","1004","26.63"
"174319","1005","0"
"174319","1008","310"
"174320","1004","9.76"
"174320","1005","0"
"174320","1008","202"
"174320","1003","26.59"
"174321","1003","14.52"
"174321","1004","34.39"
"174321","1005","0"
"174321","1008","372"
"174322","1004","29.59"
"174322","1005","0"
"174322","1008","361"
"174322","1003","22.13"
"174323","1003","21.12"
"174323","1004","29.82"
"174323","1005","0"
"174323","1008","359"
"174324","1003","24.42"
"174324","1004","19.26"
"174324","1005","0"
"174324","1008","278"
"174325","1004","19.97"
"174325","1005","0"
"174325","1008","276"
"174325","1003","22.51"
"174326","1003","19.55"
"174326","1004","6.76"
"174326","1005","0"
"174326","1008","144"
"174327","1004","15.89"
"174327","1005","0"
"174327","1008","283"
"174327","1003","32.81"
"174328","1003","24.44"
"174328","1004","19.55"
"174328","1005","0"
"174328","1008","281"
"174329","1004","20.24"
"174329","1005","0"
"174329","1008","279"
"174329","1003","22.53"
"174330","1003","19.99"
"174330","1004","5.2"
"174330","1005","0"
"174330","1008","132"
"174331","1004","14.08"
"174331","1005","0"
"174331","1008","279"
"174331","1003","35.54"
"174332","1003","23.08"
"174332","1004","19.94"
"174332","1005","0"
"174332","1008","278"
"174333","1004","20.61"
"174333","1005","0"
"174333","1008","281"
"174333","1003","22.25"
"174334","1003","19.29"
"174334","1004","7.63"
"174334","1005","0"
"174334","1008","151"
"174335","1004","16.64"
"174335","1005","0"
"174335","1008","288"
"174335","1003","32.35"
"174336","1004","22.74"
"174336","1005","0"
"174336","1008","277"
"174336","1003","16.74"
"174337","1003","24.42"
"174337","1004","22.26"
"174337","1005","0"
"174337","1008","305"
"174338","1004","4.41"
"174338","1005","0"
"174338","1008","128"
"174338","1003","20.75"
"174339","1003","29.59"
"174339","1004","8.86"
"174339","1005","0"
"174339","1008","206"
"174340","1008","122"
"174340","1004","3.77"
"174340","1003","22.05"
"174340","1005","0"
"174341","1003","33.31"
"174341","1008","209"
"174341","1004","8.4"
"174341","1005","0"
"174342","1004","14.52"
"174342","1005","0.13"
"174342","1008","206"
"174342","1003","18.64"
"174343","1004","15.56"
"174343","1005","0"
"174343","1008","246"
"174343","1003","24.81"
"174344","1003","22.24"
"174344","1004","0.74"
"174344","1005","0"
"174344","1008","102"
"174345","1004","0.97"
"174345","1005","0"
"174345","1008","134"
"174345","1003","29.27"
"174346","1004","8.41"
"174346","1005","0"
"174346","1008","206"
"174346","1003","30.38"
"174347","1003","21.79"
"174347","1004","2.32"
"174347","1005","0"
"174347","1008","114"
"174348","1004","3.51"
"174348","1005","0"
"174348","1008","173"
"174348","1003","33.02"
"174349","1008","255"
"174349","1003","29.2"
"174349","1004","14.5"
"174349","1005","0"
"174350","1004","22.19"
"174350","1005","0"
"174350","1008","273"
"174350","1003","16.97"
"174351","1003","10.32"
"174351","1004","8.21"
"174351","1005","0"
"174351","1008","118"
"174352","1004","9.63"
"174352","1005","0"
"174352","1008","136"
"174352","1003","11.48"
"174353","1003","14.48"
"174353","1004","16.75"
"174353","1005","0"
"174353","1008","213"
"174354","1004","2.95"
"174354","1005","0.82"
"174354","1008","97"
"174354","1003","15.74"
"174355","1003","23.65"
"174355","1004","3.62"
"174355","1005","0.99"
"174355","1008","137"
"174356","1004","3.12"
"174356","1005","0.85"
"174356","1008","99"
"174356","1003","15.76"
"174357","1003","26.32"
"174357","1004","5.66"
"174357","1005","0"
"174357","1008","163"
"174358","1004","6.51"
"174358","1003","27.37"
"174358","1005","4.47"
"174358","1008","193"
"174359","1003","16.7"
"174359","1004","2.6"
"174359","1005","0"
"174359","1008","95"
"174360","1004","3.1"
"174360","1005","0"
"174360","1008","113"
"174360","1003","19.88"
"174361","1003","16.3"
"174361","1004","2.3"
"174361","1005","0"
"174361","1008","90"
"174362","1004","13.1"
"174362","1005","0"
"174362","1008","182"
"174362","1003","15"
"174363","1003","29.1"
"174363","1004","14.6"
"174363","1005","0"
"174363","1008","256"
"174364","1004","3.1"
"174364","1005","0"
"174364","1008","101"
"174364","1003","17.2"
"174365","1003","26.46"
"174365","1004","4.77"
"174365","1005","0"
"174365","1008","156"
"174366","1004","17.17"
"174366","1005","0"
"174366","1008","222"
"174366","1003","15.7"
"174367","1003","21.57"
"174367","1004","20.28"
"174367","1005","0"
"174367","1008","275"
"174368","1004","5.48"
"174368","1005","1.91"
"174368","1008","131"
"174368","1003","17.18"
"174369","1003","25.85"
"174369","1004","10.1"
"174369","1005","0"
"174369","1008","202"
"174370","1004","23.41"
"174370","1005","0"
"174370","1008","282"
"174370","1003","16.56"
"174371","1008","243"
"174371","1004","13.46"
"174371","1005","0"
"174371","1003","28.37"
"174372","1003","18.47"
"174372","1004","14.42"
"174372","1005","0"
"174372","1008","209"
"174373","1004","14.42"
"174373","1005","0"
"174373","1008","242"
"174373","1003","26.2"
"174374","1003","18.99"
"174374","1004","11.5"
"174374","1005","0"
"174374","1008","185"
"174375","1004","20.61"
"174375","1005","0"
"174375","1008","297"
"174375","1003","26.06"
"174376","1003","23.27"
"174376","1004","21.12"
"174376","1005","0"
"174376","1008","290"
"174377","1004","30.71"
"174377","1005","0"
"174377","1008","342"
"174377","1003","15.32"
"174378","1003","23.06"
"174378","1004","26.82"
"174378","1005","0"
"174378","1008","340"
"174379","1004","19.08"
"174379","1005","0"
"174379","1008","269"
"174379","1003","22.7"
"174380","1003","17.19"
"174380","1004","18.94"
"174380","1005","0"
"174380","1008","244"
"174381","1004","22.65"
"174381","1005","0"
"174381","1008","337"
"174381","1003","31.1"
"174382","1003","24.91"
"174382","1004","18.05"
"174382","1005","0"
"174382","1008","269"
"174383","1004","18.75"
"174383","1005","0"
"174383","1008","267"
"174383","1003","22.93"
"174384","1003","17.95"
"174384","1004","17.2"
"174384","1005","0"
"174384","1008","232"
"174385","1004","17.98"
"174385","1005","0"
"174385","1008","270"
"174385","1003","25.26"
"174386","1003","18.04"
"174386","1004","16.15"
"174386","1005","0"
"174386","1008","223"
"174387","1004","15.83"
"174387","1005","0"
"174387","1008","258"
"174387","1003","26.97"
"174388","1003","15.87"
"174388","1004","27"
"174388","1005","0"
"174388","1008","311"
"174389","1004","25.74"
"174389","1005","0"
"174389","1008","317"
"174389","1003","19.86"
"174390","1003","17.19"
"174390","1004","19.74"
"174390","1005","0"
"174390","1008","251"
"174391","1004","24.03"
"174391","1005","0"
"174391","1008","342"
"174391","1003","29.43"
"174392","1003","17.47"
"174392","1004","14.75"
"174392","1005","0"
"174392","1008","208"
"174393","1003","26.97"
"174393","1004","16.77"
"174393","1005","0"
"174393","1008","266"
"174394","1004","18.95"
"174394","1005","0"
"174394","1008","282"
"174394","1003","25.93"
"174395","1003","28.23"
"174395","1004","14.16"
"174395","1005","0"
"174395","1008","248"
"174396","1004","9.8"
"174396","1005","0"
"174396","1008","218"
"174396","1003","30.32"
"174397","1005","0"
"174397","1003","17.84"
"174397","1008","229"
"174397","1004","16.97"
"174398","1005","0"
"174398","1004","16.82"
"174398","1008","256"
"174398","1003","24.52"
"174399","1003","20.25"
"174399","1008","142"
"174399","1004","6.18"
"174399","1005","0"
"174400","1004","9.63"
"174400","1005","0"
"174400","1008","201"
"174400","1003","26.71"
"174401","1003","20.83"
"174401","1004","3.81"
"174401","1005","0"
"174401","1008","123"
"174402","1008","165"
"174402","1004","5.22"
"174402","1005","0"
"174402","1003","27.5"
"174403","1005","0"
"174403","1003","18.24"
"174403","1004","15.19"
"174403","1008","215"
"174404","1005","0"
"174404","1004","15.13"
"174404","1008","244"
"174404","1003","25.16"
"174405","1004","7.27"
"174405","1005","0"
"174405","1008","182"
"174405","1003","27.18"
"174406","1005","0"
"174406","1003","17.25"
"174406","1004","20"
"174406","1008","254"
"174407","1005","0"
"174407","1008","281"
"174407","1004","19.38"
"174407","1003","24.88"
"174408","1003","20.48"
"174408","1004","5.64"
"174408","1005","0"
"174408","1008","138"
"174409","1005","0"
"174409","1004","7.8"
"174409","1008","188"
"174409","1003","27.63"
"174410","1005","0"
"174410","1003","19.17"
"174410","1008","195"
"174410","1004","12.56"
"174411","1005","0"
"174411","1004","11.78"
"174411","1008","215"
"174411","1003","25.54"
"174412","1005","0"
"174412","1003","20.65"
"174412","1008","143"
"174412","1004","6.08"
"174413","1004","8.75"
"174413","1005","0"
"174413","1008","192"
"174413","1003","26.53"
"174414","1004","16.89"
"174414","1005","0"
"174414","1008","237"
"174414","1003","21.26"
"174415","1003","28.48"
"174415","1004","21.2"
"174415","1005","0"
"174415","1008","305"
"174416","1005","0"
"174416","1008","147"
"174416","1004","5.59"
"174416","1003","24.07"
"174417","1005","0"
"174417","1004","18.89"
"174417","1008","243"
"174417","1003","17.06"
"174418","1005","0"
"174418","1003","29.7"
"174418","1008","311"
"174418","1004","20.38"
"174419","1004","5.81"
"174419","1005","0"
"174419","1008","137"
"174419","1003","19.88"
"174420","1003","34.17"
"174420","1004","10.23"
"174420","1005","0"
"174420","1008","238"
"174421","1003","18.67"
"174421","1004","15.93"
"174421","1008","223"
"174421","1005","0"
"174422","1005","0"
"174422","1004","15.13"
"174422","1008","238"
"174422","1003","23.77"
"174423","1008","171"
"174423","1003","28.05"
"174423","1004","5.65"
"174423","1005","0"
"174424","1008","193"
"174424","1004","5.43"
"174424","1005","0"
"174424","1003","33.78"
"174425","1008","172"
"174425","1004","8.82"
"174425","1005","0"
"174425","1003","21.76"
"174426","1008","193"
"174426","1003","26.64"
"174426","1004","8.74"
"174426","1005","0"
"174427","1008","167"
"174427","1003","31"
"174427","1004","3.84"
"174427","1005","0"
"174428","1008","156"
"174428","1004","2.64"
"174428","1005","0"
"174428","1003","30.94"
"174429","1008","162"
"174429","1003","30.76"
"174429","1004","3.41"
"174429","1005","0"
"174430","1004","2.35"
"174430","1003","29.9"
"174430","1005","0"
"174430","1008","149"
"174431","1003","31.47"
"174431","1004","1.92"
"174431","1005","0"
"174431","1008","152"
"174432","1003","20.18"
"174432","1004","4.65"
"174432","1005","0"
"174432","1008","123"
"174433","1004","7.42"
"174433","1005","0"
"174433","1008","145"
"174433","1003","19.58"
"174434","1003","4.63"
"174434","1004","68.53"
"174434","1005","1.26"
"174434","1008","640"
"174435","1004","76.16"
"174435","1005","0.55"
"174435","1008","703"
"174435","1003","3.87"
"174436","1003","14.03"
"174436","1004","10.92"
"174436","1005","0"
"174436","1008","154"
"174437","1004","8.03"
"174437","1005","0"
"174437","1008","118"
"174437","1003","11.33"
"174438","1003","21.68"
"174438","1004","3.83"
"174438","1005","0"
"174438","1008","121"
"174439","1003","19.78"
"174439","1004","3.56"
"174439","1005","0.18"
"174439","1008","112"
"174440","1004","13.6"
"174440","1005","0"
"174440","1008","234"
"174440","1003","27.88"
"174441","1003","21.72"
"174441","1004","10.31"
"174441","1005","0"
"174441","1008","180"
"174442","1004","2.54"
"174442","1005","0.03"
"174442","1008","84"
"174442","1003","15.21"
"174443","1003","26.26"
"174443","1004","6.21"
"174443","1005","0"
"174443","1008","161"
"174444","1004","3.68"
"174444","1005","0"
"174444","1008","105"
"174444","1003","18.09"
"174445","1003","21.13"
"174445","1004","6.61"
"174445","1005","0"
"174445","1008","144"
"174446","1004","3.16"
"174446","1005","0"
"174446","1008","72"
"174446","1003","11"
"174447","1003","25.29"
"174447","1004","6.44"
"174447","1005","0"
"174447","1008","159"
"174448","1004","4.09"
"174448","1005","0"
"174448","1008","121"
"174448","1003","20.93"
"174449","1003","31.06"
"174449","1004","14.56"
"174449","1005","0"
"174449","1008","255"
"174450","1004","9.08"
"174450","1005","0"
"174450","1008","164"
"174450","1003","20.62"
"174451","1004","4.49"
"174451","1005","0"
"174451","1008","156"
"174451","1003","28.99"
"174452","1003","21.5"
"174452","1004","3.77"
"174452","1005","0"
"174452","1008","120"
"174453","1004","7.37"
"174453","1005","0"
"174453","1008","196"
"174453","1003","32.5"
"174454","1003","20.4"
"174454","1004","3.35"
"174454","1005","0.73"
"174454","1008","115"
"174455","1004","7.97"
"174455","1005","0"
"174455","1008","151"
"174455","1003","19.84"
"174456","1003","20.61"
"174456","1004","7.12"
"174456","1005","0"
"174456","1008","147"
"174457","1004","10.7"
"174457","1005","0.41"
"174457","1008","208"
"174457","1003","27.43"
"174458","1003","25.08"
"174458","1004","10.13"
"174458","1005","0"
"174458","1008","192"
"174459","1004","6.35"
"174459","1005","0"
"174459","1008","162"
"174459","1003","26.31"
"174460","1003","24.26"
"174460","1004","12.76"
"174460","1005","0.04"
"174460","1008","212"
"174461","1004","27.11"
"174461","1005","0.41"
"174461","1008","332"
"174461","1003","21.5"
"174462","1003","21.13"
"174462","1004","20.98"
"174462","1005","0.1"
"174462","1008","274"
"174463","1004","22.9"
"174463","1005","0.2"
"174463","1008","273"
"174463","1003","16.56"
"174464","1004","20.36"
"174464","1005","0.2"
"174464","1008","252"
"174464","1003","16.9"
"174465","1003","18.28"
"174465","1004","5.18"
"174465","1005","1.42"
"174465","1008","130"
"174466","1004","5.4"
"174466","1005","0.76"
"174466","1008","164"
"174466","1003","26.39"
"174467","1003","18.74"
"174467","1004","4.64"
"174467","1005","3.53"
"174467","1008","136"
"174468","1004","15.2"
"174468","1005","0"
"174468","1008","211"
"174468","1003","17.42"
"174469","1003","19.85"
"174469","1004","4.25"
"174469","1005","0"
"174469","1008","123"
"174470","1004","33.62"
"174470","1005","0"
"174470","1008","371"
"174470","1003","15.86"
"174471","1004","2.47"
"174471","1005","0"
"174471","1008","110"
"174471","1003","20.64"
"174472","1003","22.7"
"174472","1004","9.29"
"174472","1005","0"
"174472","1008","181"
"174473","1004","3.64"
"174473","1005","0"
"174473","1008","133"
"174473","1003","23.57"
"174474","1003","24.37"
"174474","1004","3.25"
"174474","1005","0"
"174474","1008","133"
"174475","1004","23.8"
"174475","1005","0"
"174475","1008","294"
"174475","1003","18.47"
"174476","1008","103"
"174476","1003","22.5"
"174476","1004","0.8"
"174476","1005","0"
"174477","1008","154"
"174477","1003","31.27"
"174477","1004","2.3"
"174477","1005","0"
"174478","1008","102"
"174478","1004","0.74"
"174478","1005","0"
"174478","1003","22.25"
"174479","1008","112"
"174479","1003","22.83"
"174479","1004","1.64"
"174479","1005","0"
"174480","1008","152"
"174480","1004","3.13"
"174480","1005","0"
"174480","1003","29.07"
"174481","1008","165"
"174481","1003","20.22"
"174481","1004","8.7"
"174481","1005","0"
"174482","1008","175"
"174482","1004","7.07"
"174482","1005","0"
"174482","1003","26.15"
"174483","1008","117"
"174483","1003","21.81"
"174483","1004","2.65"
"174483","1005","0"
"174484","1008","115"
"174484","1004","1.96"
"174484","1005","0"
"174484","1003","22.86"
"174485","1008","120"
"174485","1003","23.36"
"174485","1004","2.21"
"174485","1005","0"
"174486","1008","156"
"174486","1004","3.83"
"174486","1005","0"
"174486","1003","28.55"
"174487","1008","125"
"174487","1003","21.55"
"174487","1004","3.67"
"174487","1005","0"
"174488","1008","145"
"174488","1004","2.57"
"174488","1005","0"
"174488","1003","28.49"
"174489","1008","119"
"174489","1003","21.67"
"174489","1004","2.95"
"174489","1005","0"
"174490","1008","155"
"174490","1004","3.87"
"174490","1005","0"
"174490","1003","28.12"
"174491","1003","25.78"
"174491","1004","6.43"
"174491","1005","1.11"
"174491","1008","172"
"174492","1003","25.86"
"174492","1004","11.45"
"174492","1005","0"
"174492","1008","207"
"174493","1004","12.54"
"174493","1003","16.9"
"174493","1005","0"
"174493","1008","180"
"174494","1003","25.11"
"174494","1004","17.45"
"174494","1005","0"
"174494","1008","258"
"174495","1004","16.2"
"174495","1003","25.88"
"174495","1005","0"
"174495","1008","249"
"174496","1003","16.57"
"174496","1004","43.99"
"174496","1005","0"
"174496","1008","462"
"174497","1003","22.72"
"174497","1004","10.73"
"174497","1005","0"
"174497","1008","187"
"174498","1004","15.43"
"174498","1005","0"
"174498","1008","229"
"174498","1003","22.57"
"174499","1008","106"
"174499","1004","3.26"
"174499","1003","19.19"
"174499","1005","0"
"174500","1003","24.23"
"174500","1008","164"
"174500","1004","7.73"
"174500","1005","0"
"174501","1004","38.94"
"174501","1005","1"
"174501","1008","403"
"174501","1003","12.26"
"174502","1004","37.9"
"174502","1005","0.01"
"174502","1008","386"
"174502","1003","11.11"
"174503","1003","20.31"
"174503","1004","37.6"
"174503","1005","0.44"
"174503","1008","421"
"174504","1003","21.55"
"174504","1004","10.71"
"174504","1005","0.13"
"174504","1008","183"
"174505","1003","23.47"
"174505","1005","0.09"
"174505","1008","214"
"174505","1004","13.81"
"174506","1005","0.31"
"174506","1003","21.85"
"174506","1008","212"
"174506","1004","13.87"
"174507","1005","0.1"
"174507","1008","115"
"174507","1004","4.12"
"174507","1003","19.27"
"174508","1003","26.1"
"174508","1004","6"
"174508","1005","0"
"174508","1008","158"
"174509","1005","0.15"
"174509","1004","10.83"
"174509","1008","169"
"174509","1003","17.84"
"174510","1003","25.55"
"174510","1004","10.81"
"174510","1005","0"
"174510","1008","199"
"174511","1005","0.14"
"174511","1004","7.42"
"174511","1008","147"
"174511","1003","20.02"
"174512","1003","26.52"
"174512","1004","5.64"
"174512","1005","0"
"174512","1008","157"
"174513","1004","2.53"
"174513","1005","0"
"174513","1008","111"
"174513","1003","21.99"
"174514","1003","27.94"
"174514","1004","2.08"
"174514","1005","0"
"174514","1008","130"
"174515","1004","2.33"
"174515","1005","0"
"174515","1008","114"
"174515","1003","23.34"
"174516","1003","29.51"
"174516","1004","1.97"
"174516","1005","0"
"174516","1008","136"
"174517","1004","2.49"
"174517","1005","0"
"174517","1008","112"
"174517","1003","22.48"
"174518","1003","20.6"
"174518","1004","3.69"
"174518","1005","0"
"174518","1008","116"
"174519","1004","2.08"
"174519","1005","0"
"174519","1008","127"
"174519","1003","26.97"
"174520","1003","19.27"
"174520","1004","4.12"
"174520","1005","0.15"
"174520","1008","115"
"174521","1004","2.08"
"174521","1005","0"
"174521","1008","127"
"174521","1003","26.97"
"174522","1003","1.61"
"174522","1004","4.84"
"174522","1005","11.95"
"174522","1008","100"
"174523","1004","0.63"
"174523","1005","40.77"
"174523","1008","172"
"174523","1003","0.82"
"174524","1003","1.52"
"174524","1005","6.64"
"174524","1008","29"
"174524","1004","0.17"
"174525","1003","3.84"
"174525","1004","10.63"
"174525","1005","9.17"
"174525","1008","147"
"174526","1004","13.83"
"174526","1005","11.61"
"174526","1008","186"
"174526","1003","3.99"
"174527","1003","0.51"
"174527","1004","0.37"
"174527","1005","1.75"
"174527","1008","11"
"174528","1004","0.76"
"174528","1005","0.8"
"174528","1008","12"
"174528","1003","1.29"
"174529","1003","1.35"
"174529","1004","0.25"
"174529","1005","10.92"
"174529","1008","51"
"174530","1004","0.8"
"174530","1005","9"
"174530","1008","50"
"174530","1003","2"
"174531","1004","0.01"
"174531","1005","3.64"
"174531","1008","35"
"174531","1003","5.06"
"174532","1003","3.2"
"174532","1004","2"
"174532","1005","3.8"
"174532","1008","46"
"174533","1004","1.03"
"174533","1005","13.66"
"174533","1003","4.19"
"174533","1008","81"
"174534","1003","3.85"
"174534","1004","0.92"
"174534","1005","11.83"
"174534","1008","71"
"174535","1003","4"
"174535","1004","0.7"
"174535","1005","11.4"
"174535","1008","68"
"174536","1003","0.64"
"174536","1004","0.21"
"174536","1005","0.44"
"174536","1008","6"
"174537","1004","4.62"
"174537","1005","6.04"
"174537","1008","77"
"174537","1003","3.01"
"174538","1004","0.9"
"174538","1005","12.11"
"174538","1003","2.2"
"174538","1008","65"
"174539","1004","2.02"
"174539","1005","7.46"
"174539","1008","61"
"174539","1003","3.24"
"174540","1008","65"
"174540","1003","2.36"
"174540","1004","3.58"
"174540","1005","5.76"
"174541","1003","2.74"
"174541","1004","3.78"
"174541","1005","7.4"
"174541","1008","75"
"174542","1003","3.95"
"174542","1004","2.56"
"174542","1005","8.29"
"174542","1008","72"
"174543","1004","0.58"
"174543","1005","16.72"
"174543","1008","79"
"174543","1003","1.84"
"174544","1004","0.62"
"174544","1005","40.77"
"174544","1008","172"
"174544","1003","0.74"
"174545","1004","0.63"
"174545","1005","5.2"
"174545","1008","41"
"174545","1003","3.69"
"174546","1003","2.42"
"174546","1004","1.24"
"174546","1005","9.82"
"174546","1008","55"
"174547","1003","1.46"
"174547","1004","0.44"
"174547","1005","15.22"
"174547","1008","71"
"174548","1004","1.3"
"174548","1005","5.41"
"174548","1008","47"
"174548","1003","3.41"
"174549","1004","1.68"
"174549","1005","4.38"
"174549","1008","35"
"174549","1003","0.94"
"174550","1003","2.19"
"174550","1004","4.24"
"174550","1005","4.26"
"174550","1008","63"
"174551","1004","0.57"
"174551","1005","0.38"
"174551","1008","16"
"174551","1003","2.02"
"174552","1004","0.92"
"174552","1005","8.98"
"174552","1008","56"
"174552","1003","2.89"
"174553","1003","1.41"
"174553","1004","3.02"
"174553","1005","3.8"
"174553","1008","48"
"174554","1003","0.85"
"174554","1004","0.86"
"174554","1005","4.77"
"174554","1008","30"
"174555","1004","1.01"
"174555","1005","5.05"
"174555","1008","35"
"174555","1003","1.55"
"174556","1003","2.46"
"174556","1004","3.85"
"174556","1005","9.01"
"174556","1008","81"
"174557","1003","2.22"
"174557","1004","0"
"174557","1005","0.73"
"174557","1008","12"
"174558","1004","1.65"
"174558","1005","3.81"
"174558","1008","35"
"174558","1003","1.29"
"174559","1003","1.13"
"174559","1004","2.16"
"174559","1005","5.2"
"174559","1008","44"
"174560","1004","1.59"
"174560","1005","1.69"
"174560","1008","24"
"174560","1003","0.87"
"174561","1004","1.09"
"174561","1005","9.88"
"174561","1008","61"
"174561","1003","3.2"
"174562","1003","1.6"
"174562","1004","0.82"
"174562","1005","3.54"
"174562","1008","28"
"174563","1004","1.26"
"174563","1005","3.58"
"174563","1008","30"
"174563","1003","1.28"
"174564","1004","0.79"
"174564","1005","4.89"
"174564","1008","28"
"174564","1003","0.86"
"174565","1003","2.23"
"174565","1004","0.76"
"174565","1005","4.06"
"174565","1008","31"
"174566","1003","0.39"
"174566","1004","0.12"
"174566","1005","0.62"
"174566","1008","5"
"174567","1004","2.04"
"174567","1005","5.11"
"174567","1008","41"
"174567","1003","0.68"
"174568","1004","0.01"
"174568","1005","2.77"
"174568","1003","0.32"
"174568","1008","12"
"174569","1003","0.93"
"174569","1004","0.61"
"174569","1005","7.17"
"174569","1008","38"
"174570","1004","3.69"
"174570","1005","0.64"
"174570","1008","115"
"174570","1003","18.62"
"174571","1003","12.5"
"174571","1004","30.3"
"174571","1005","2.1"
"174571","1008","334"
"174572","1004","0.83"
"174572","1005","3.51"
"174572","1003","21.81"
"174572","1008","109"
"174573","1004","25.39"
"174573","1005","3.05"
"174573","1008","311"
"174573","1003","16.37"
"174574","1004","6.37"
"174574","1003","17.3"
"174574","1008","149"
"174574","1005","4.53"
"174575","1003","19.25"
"174575","1004","46.28"
"174575","1005","1.18"
"174575","1008","504"
"174576","1005","8.46"
"174576","1008","225"
"174576","1003","11.23"
"174576","1004","15.95"
"174577","1003","14.1"
"174577","1004","28.72"
"174577","1005","1.63"
"174577","1008","326"
"174578","1004","27.25"
"174578","1003","18.53"
"174578","1005","1.42"
"174578","1008","325"
"174579","1003","13.8"
"174579","1004","36.25"
"174579","1005","2.7"
"174579","1008","396"
"174580","1005","10.92"
"174580","1008","204"
"174580","1004","10.3"
"174580","1003","17"
"174581","1004","13.52"
"174581","1005","7.41"
"174581","1008","200"
"174581","1003","11.64"
"174582","1008","378"
"174582","1003","21.07"
"174582","1004","31.65"
"174582","1005","0.72"
"174583","1005","11.94"
"174583","1008","235"
"174583","1003","7.66"
"174583","1004","17.34"
"174584","1004","28.23"
"174584","1003","11.98"
"174584","1005","0.94"
"174584","1008","309"
"174585","1003","12"
"174585","1004","28.73"
"174585","1005","2.42"
"174585","1008","320"
"174586","1004","26.4"
"174586","1005","1.86"
"174586","1008","324"
"174586","1003","18.4"
"174587","1004","20.9"
"174587","1005","1.58"
"174587","1008","260"
"174587","1003","15.38"
"174588","1003","17.27"
"174588","1004","7.58"
"174588","1005","4.83"
"174588","1008","161"
"174589","1004","29.1"
"174589","1003","11.05"
"174589","1005","2.45"
"174589","1008","316"
"174590","1008","315"
"174590","1004","28.2"
"174590","1005","1.7"
"174590","1003","13.5"
"174591","1004","30.26"
"174591","1003","11.35"
"174591","1005","2.78"
"174591","1008","329"
"174592","1003","15.94"
"174592","1004","16.93"
"174592","1005","1.89"
"174592","1008","226"
"174593","1003","30.99"
"174593","1004","11.52"
"174593","1005","3.78"
"174593","1008","243"
"174594","1005","1.35"
"174594","1008","196"
"174594","1004","13.9"
"174594","1003","15.23"
"174595","1004","31.7"
"174595","1005","0"
"174595","1003","13.99"
"174595","1008","341"
"174596","1003","12.38"
"174596","1004","25.45"
"174596","1005","5.89"
"174596","1008","305"
"174597","1004","16.28"
"174597","1005","3.73"
"174597","1008","223"
"174597","1003","15.27"
"174598","1005","15.38"
"174598","1008","396"
"174598","1003","15.01"
"174598","1004","30.5"
"174599","1005","1.82"
"174599","1003","19.43"
"174599","1004","37.91"
"174599","1008","426"
"174600","1003","15.91"
"174600","1004","10.39"
"174600","1005","3.18"
"174600","1008","174"
"174601","1003","12.69"
"174601","1004","27.37"
"174601","1005","1.6"
"174601","1008","307"
"174602","1003","29.1"
"174602","1004","44.2"
"174602","1005","0.8"
"174602","1008","517"
"174603","1004","37"
"174603","1005","1.2"
"174603","1003","21.7"
"174603","1008","425"
"174604","1003","15.05"
"174604","1004","8.75"
"174604","1005","4.65"
"174604","1008","158"
"174605","1004","14.3"
"174605","1008","216"
"174605","1003","13.6"
"174605","1005","8.1"
"174606","1003","15.05"
"174606","1004","8.75"
"174606","1005","4.65"
"174606","1008","158"
"174607","1003","13.1"
"174607","1004","17.6"
"174607","1005","3.9"
"174607","1008","226"
"174608","1004","7.65"
"174608","1005","1.79"
"174608","1003","14.59"
"174608","1008","134"
"174609","1003","13.06"
"174609","1004","16.06"
"174609","1005","3.45"
"174609","1008","211"
"174610","1004","29.25"
"174610","1003","11.56"
"174610","1005","6.66"
"174610","1008","336"
"174611","1003","17.93"
"174611","1004","2.37"
"174611","1005","7.27"
"174611","1008","122"
"174612","1004","0.69"
"174612","1005","1.31"
"174612","1008","95"
"174612","1003","20.9"
"174613","1003","13.5"
"174613","1004","3"
"174613","1005","7.7"
"174613","1008","112"
"174614","1004","29.36"
"174614","1005","2.66"
"174614","1008","322"
"174614","1003","11.69"
"174615","1003","9.77"
"174615","1004","24.31"
"174615","1005","4.9"
"174615","1008","278"
"174616","1004","28.22"
"174616","1005","4.61"
"174616","1008","327"
"174616","1003","12.9"
"174617","1004","8.08"
"174617","1003","18.79"
"174617","1005","0.47"
"174617","1008","155"
"174618","1003","18.21"
"174618","1004","27.98"
"174618","1005","0.35"
"174618","1008","332"
"174619","1004","4.61"
"174619","1005","86.75"
"174619","1008","389"
"174619","1003","3.41"
"174620","1003","9.14"
"174620","1004","4.1"
"174620","1005","79.02"
"174620","1008","374"
"174621","1008","412"
"174621","1003","3.92"
"174621","1004","7.63"
"174621","1005","83.65"
"174622","1003","11.38"
"174622","1004","4.83"
"174622","1005","77.77"
"174622","1008","379"
"174623","1003","11.23"
"174623","1004","4.88"
"174623","1005","78.09"
"174623","1008","379"
"174624","1003","8.3"
"174624","1004","6.37"
"174624","1005","75.42"
"174624","1008","379"
"174625","1004","6.98"
"174625","1005","72.41"
"174625","1008","371"
"174625","1003","8.82"
"174626","1004","7.97"
"174626","1008","364"
"174626","1005","62.94"
"174626","1003","17.03"
"174627","1004","0.95"
"174627","1008","43"
"174627","1003","2.03"
"174627","1005","7.49"
"174628","1004","5"
"174628","1005","83"
"174628","1008","390"
"174628","1003","6.6"
"174629","1003","8.8"
"174629","1004","1.2"
"174629","1005","79.6"
"174629","1008","348"
"174630","1004","1.6"
"174630","1005","79.2"
"174630","1008","361"
"174630","1003","8.8"
"174631","1005","81.59"
"174631","1008","401"
"174631","1004","5.28"
"174631","1003","3.64"
"174632","1003","10.6"
"174632","1004","4.56"
"174632","1005","79.79"
"174632","1008","382"
"174633","1004","1.45"
"174633","1005","88.89"
"174633","1008","379"
"174633","1003","4.55"
"174634","1003","4.21"
"174634","1004","1.61"
"174634","1005","89.91"
"174634","1008","382"
"174635","1004","5.16"
"174635","1005","59.51"
"174635","1008","200"
"174635","1003","17.56"
"174636","1003","10.39"
"174636","1004","5.1"
"174636","1005","74.52"
"174636","1008","369"
"174637","1003","8.69"
"174637","1004","7.59"
"174637","1005","73.68"
"174637","1008","384"
"174638","1004","4.85"
"174638","1005","75.7"
"174638","1003","8.97"
"174638","1008","368"
"174639","1003","15.98"
"174639","1004","11.6"
"174639","1005","65.78"
"174639","1008","346"
"174640","1003","13.7"
"174640","1005","68.18"
"174640","1008","371"
"174640","1004","6.87"
"174641","1004","2"
"174641","1005","74.8"
"174641","1008","333"
"174641","1003","11.8"
"174642","1003","3.45"
"174642","1004","1.72"
"174642","1005","89.66"
"174642","1008","379"
"174643","1004","0.89"
"174643","1005","89.72"
"174643","1003","5.77"
"174643","1008","370"
"174644","1003","8.6"
"174644","1004","4.51"
"174644","1005","79.84"
"174644","1008","388"
"174645","1004","2.71"
"174645","1005","87.3"
"174645","1008","390"
"174645","1003","4.51"
"174646","1003","3.32"
"174646","1004","12.06"
"174646","1005","78.33"
"174646","1008","425"
"174647","1004","3.43"
"174647","1005","87.93"
"174647","1008","397"
"174647","1003","4.15"
"174648","1005","88.01"
"174648","1004","0.91"
"174648","1003","5.9"
"174648","1008","384"
"174649","1003","5.94"
"174649","1004","0.95"
"174649","1005","86.78"
"174649","1008","379"
"174650","1004","10.98"
"174650","1005","72.05"
"174650","1003","6.47"
"174650","1008","413"
"174651","1008","48"
"174651","1004","0.09"
"174651","1005","10.09"
"174651","1003","1.67"
"174652","1004","4.83"
"174652","1005","85.92"
"174652","1008","397"
"174652","1003","4.44"
"174653","1003","8.5"
"174653","1004","8.7"
"174653","1005","77.4"
"174653","1008","413"
"174654","1003","11.23"
"174654","1004","18.33"
"174654","1005","66.1"
"174654","1008","467"
"174655","1003","11.61"
"174655","1004","1.41"
"174655","1005","71.79"
"174655","1008","355"
"174656","1004","5.58"
"174656","1005","60.53"
"174656","1008","379"
"174656","1003","21.75"
"174657","1003","4.41"
"174657","1004","5.66"
"174657","1005","85.14"
"174657","1008","402"
"174658","1004","11.06"
"174658","1005","74.73"
"174658","1008","418"
"174658","1003","9.21"
"174659","1003","9.17"
"174659","1004","4.06"
"174659","1005","78.86"
"174659","1008","373"
"174660","1004","6.3"
"174660","1005","67"
"174660","1008","367"
"174660","1003","16"
"174661","1003","10.16"
"174661","1004","7.46"
"174661","1005","71.57"
"174661","1008","376"
"174662","1003","10.29"
"174662","1004","5.64"
"174662","1005","72.17"
"174662","1008","358"
"174663","1005","82"
"174663","1003","7"
"174663","1004","5.4"
"174663","1008","399"
"174664","1004","3.67"
"174664","1005","88.18"
"174664","1008","392"
"174664","1003","3.5"
"174665","1005","63.87"
"174665","1008","249"
"174665","1003","3.3"
"174665","1004","0.93"
"174666","1004","0.4"
"174666","1003","1.42"
"174666","1005","27.57"
"174666","1008","107"
"174667","1004","0.05"
"174667","1005","8.51"
"174667","1008","32"
"174667","1003","0.42"
"174668","1003","0.46"
"174668","1004","0.01"
"174668","1005","11.86"
"174668","1008","46"
"174669","1004","0.07"
"174669","1005","7.87"
"174669","1008","30"
"174669","1003","0.35"
"174670","1003","0.51"
"174670","1004","0.03"
"174670","1005","13.05"
"174670","1008","50"
"174671","1004","0.07"
"174671","1005","15.14"
"174671","1008","58"
"174671","1003","0.34"
"174672","1003","0.33"
"174672","1005","22.77"
"174672","1008","88"
"174672","1004","0.06"
"174673","1004","0.14"
"174673","1003","0.77"
"174673","1005","10.66"
"174673","1008","42"
"174674","1003","0.5"
"174674","1004","0.1"
"174674","1005","9.69"
"174674","1008","37"
"174675","1003","0.55"
"174675","1004","0.1"
"174675","1005","7.5"
"174675","1008","30"
"174676","1003","0.69"
"174676","1004","0.1"
"174676","1005","8.41"
"174676","1008","33"
"174677","1004","0.1"
"174677","1005","9.09"
"174677","1008","37"
"174677","1003","0.88"
"174678","1003","0.55"
"174678","1004","0.66"
"174678","1005","7.54"
"174678","1008","37"
"174679","1003","0.58"
"174679","1004","0.09"
"174679","1005","11.13"
"174679","1008","46"
"174680","1004","0.48"
"174680","1005","34.56"
"174680","1008","146"
"174680","1003","1.97"
"174681","1003","0.55"
"174681","1004","0.13"
"174681","1005","9.73"
"174681","1008","41"
"174682","1008","67"
"174682","1003","0.63"
"174682","1004","0.35"
"174682","1005","17.15"
"174683","1004","0.16"
"174683","1003","0.72"
"174683","1005","18.1"
"174683","1008","69"
"174684","1003","0.5"
"174684","1004","0.11"
"174684","1005","10.3"
"174684","1008","40"
"174685","1004","0.1"
"174685","1005","19.65"
"174685","1003","0.48"
"174685","1008","76"
"174686","1004","0.14"
"174686","1005","9.48"
"174686","1008","36"
"174686","1003","0.32"
"174687","1004","0.64"
"174687","1003","1.72"
"174687","1005","23.25"
"174687","1008","95"
"174688","1003","29.33"
"174688","1004","8.54"
"174688","1005","0.3"
"174688","1008","195"
"174689","1004","9.48"
"174689","1005","0.36"
"174689","1008","203"
"174689","1003","28.99"
"174690","1003","29.85"
"174690","1004","7.12"
"174690","1005","0.2"
"174690","1008","184"
"174691","1004","6.48"
"174691","1005","0.23"
"174691","1008","149"
"174691","1003","22.5"
"174692","1003","22.77"
"174692","1004","4.88"
"174692","1005","0"
"174692","1008","135"
"174693","1005","0"
"174693","1004","5.37"
"174693","1008","171"
"174693","1003","30.58"
"174694","1005","0"
"174694","1003","30.45"
"174694","1008","174"
"174694","1004","5.83"
"174695","1005","0"
"174695","1004","3.35"
"174695","1008","122"
"174695","1003","23.05"
"174696","1003","22.66"
"174696","1004","4.66"
"174696","1005","0.04"
"174696","1008","133"
"174697","1004","5.29"
"174697","1005","0.18"
"174697","1008","138"
"174697","1003","22.52"
"174698","1003","22.89"
"174698","1004","3.72"
"174698","1005","0"
"174698","1008","125"
"174699","1004","11.4"
"174699","1005","1.75"
"174699","1008","187"
"174699","1003","19.46"
"174700","1003","20.05"
"174700","1004","9.39"
"174700","1005","1.15"
"174700","1008","169"
"174701","1004","9.2"
"174701","1005","0.17"
"174701","1008","199"
"174701","1003","28.77"
"174702","1003","28.35"
"174702","1004","10.26"
"174702","1005","0.51"
"174702","1008","208"
"174703","1004","7.61"
"174703","1005","0"
"174703","1008","186"
"174703","1003","29.39"
"174704","1003","26.3"
"174704","1004","14.3"
"174704","1005","1.1"
"174704","1008","238"
"174705","1008","249"
"174705","1004","16.1"
"174705","1005","0.4"
"174705","1003","25.5"
"174706","1005","0"
"174706","1003","19.9"
"174706","1008","191"
"174706","1004","12.4"
"174707","1005","0"
"174707","1008","199"
"174707","1004","13.4"
"174707","1003","19.7"
"174708","1003","27"
"174708","1004","12.9"
"174708","1005","1"
"174708","1008","228"
"174709","1004","14.1"
"174709","1005","1.1"
"174709","1008","239"
"174709","1003","26.8"
"174710","1003","27.1"
"174710","1004","11.2"
"174710","1005","0.9"
"174710","1008","213"
"174711","1004","11.3"
"174711","1005","0.3"
"174711","1008","187"
"174711","1003","21.1"
"174712","1004","19.19"
"174712","1005","0"
"174712","1008","275"
"174712","1003","25.69"
"174713","1003","26.92"
"174713","1004","15.44"
"174713","1005","0"
"174713","1008","247"
"174714","1004","17.69"
"174714","1005","0"
"174714","1008","264"
"174714","1003","26.18"
"174715","1004","6.57"
"174715","1005","0"
"174715","1008","193"
"174715","1003","33.53"
"174716","1003","22.09"
"174716","1004","4.49"
"174716","1005","0"
"174716","1008","129"
"174717","1004","16.37"
"174717","1005","0"
"174717","1008","265"
"174717","1003","29.35"
"174718","1003","19.74"
"174718","1004","12.75"
"174718","1005","0"
"174718","1008","194"
"174719","1004","13.22"
"174719","1005","0"
"174719","1008","239"
"174719","1003","30.09"
"174720","1003","19.77"
"174720","1004","8.51"
"174720","1005","1.38"
"174720","1008","161"
"174721","1004","4.98"
"174721","1005","0"
"174721","1008","164"
"174721","1003","29.68"
"174722","1003","20.15"
"174722","1004","3.35"
"174722","1005","1.35"
"174722","1008","116"
"174723","1003","18.52"
"174723","1004","3.4"
"174723","1005","0"
"174723","1008","105"
"174724","1004","4.64"
"174724","1005","0"
"174724","1008","167"
"174724","1003","31.23"
"174725","1003","21.46"
"174725","1004","3.12"
"174725","1005","0"
"174725","1008","114"
"174726","1004","4.36"
"174726","1005","0.1"
"174726","1008","128"
"174726","1003","22.16"
"174727","1003","15.68"
"174727","1004","2.64"
"174727","1005","0"
"174727","1008","87"
"174728","1004","4.68"
"174728","1005","3.78"
"174728","1008","150"
"174728","1003","23.3"
"174729","1003","20.5"
"174729","1004","4.05"
"174729","1005","3.6"
"174729","1008","133"
"174730","1004","3.26"
"174730","1005","0"
"174730","1008","126"
"174730","1003","24.21"
"174731","1003","21.31"
"174731","1004","6.78"
"174731","1005","0"
"174731","1008","146"
"174732","1004","7.48"
"174732","1005","0"
"174732","1008","188"
"174732","1003","30.17"
"174733","1003","28.53"
"174733","1004","11.4"
"174733","1005","0"
"174733","1008","217"
"174734","1004","7"
"174734","1005","0.74"
"174734","1008","150"
"174734","1003","20.93"
"174735","1004","10.31"
"174735","1005","0"
"174735","1008","178"
"174735","1003","21.27"
"174736","1004","6.1"
"174736","1005","0"
"174736","1008","140"
"174736","1003","21.19"
"174737","1003","18.31"
"174737","1004","20.34"
"174737","1005","3.68"
"174737","1008","271"
"174738","1004","19.09"
"174738","1005","0"
"174738","1008","243"
"174738","1003","17.77"
"174739","1003","20.14"
"174739","1004","41.33"
"174739","1005","0"
"174739","1008","453"
"174740","1004","31.27"
"174740","1005","0"
"174740","1008","345"
"174740","1003","15.81"
"174741","1003","31.94"
"174741","1004","13.6"
"174741","1005","0"
"174741","1008","250"
"174742","1004","9.23"
"174742","1005","0"
"174742","1008","163"
"174742","1003","20.05"
"174743","1003","29.49"
"174743","1004","5.57"
"174743","1005","0"
"174743","1008","168"
"174744","1004","4.92"
"174744","1005","1.32"
"174744","1008","129"
"174744","1003","19.88"
"174745","1003","30.13"
"174745","1004","9.73"
"174745","1005","0"
"174745","1008","208"
"174746","1004","8.9"
"174746","1005","0"
"174746","1008","161"
"174746","1003","20.12"
"174747","1003","31.86"
"174747","1004","13.79"
"174747","1005","0"
"174747","1008","252"
"174748","1004","7.96"
"174748","1005","0"
"174748","1008","192"
"174748","1003","30.01"
"174749","1003","21.74"
"174749","1004","6.05"
"174749","1005","0"
"174749","1008","141"
"174750","1004","6.5"
"174750","1005","0"
"174750","1008","145"
"174750","1003","21.65"
"174751","1003","24.89"
"174751","1004","22.33"
"174751","1005","0.02"
"174751","1008","301"
"174752","1003","26.22"
"174752","1004","8.94"
"174752","1005","0"
"174752","1008","193"
"174753","1004","8.01"
"174753","1005","0.06"
"174753","1003","25.56"
"174753","1008","182"
"174754","1003","27.03"
"174754","1004","8.43"
"174754","1005","0"
"174754","1008","192"
"174755","1004","9.51"
"174755","1005","0"
"174755","1003","28.88"
"174755","1008","209"
"174756","1003","29.46"
"174756","1004","5.46"
"174756","1005","0"
"174756","1008","175"
"174757","1005","0"
"174757","1008","167"
"174757","1003","20.95"
"174757","1004","9.3"
"174758","1004","5.38"
"174758","1005","0"
"174758","1008","140"
"174758","1003","22.15"
"174759","1003","28.95"
"174759","1004","8.15"
"174759","1005","0"
"174759","1008","194"
"174760","1005","0"
"174760","1008","138"
"174760","1004","5.54"
"174760","1003","22.15"
"174761","1005","0"
"174761","1003","22.12"
"174761","1004","5.91"
"174761","1008","148"
"174762","1005","0"
"174762","1004","7.07"
"174762","1003","22.17"
"174762","1008","158"
"174763","1005","0"
"174763","1003","21.91"
"174763","1004","4.62"
"174763","1008","135"
"174764","1005","0"
"174764","1004","9.05"
"174764","1003","28.29"
"174764","1008","202"
"174765","1005","0"
"174765","1003","22.26"
"174765","1004","3.32"
"174765","1008","125"
"174766","1005","0"
"174766","1004","3.61"
"174766","1003","21.45"
"174766","1008","124"
"174767","1005","0"
"174767","1003","34.6"
"174767","1004","6.35"
"174767","1008","205"
"174768","1005","0"
"174768","1004","5.21"
"174768","1003","33.18"
"174768","1008","189"
"174769","1005","1.99"
"174769","1008","94"
"174769","1004","4.05"
"174769","1003","11.71"
"174770","1004","5.63"
"174770","1005","0"
"174770","1003","21.26"
"174770","1008","142"
"174771","1003","26.34"
"174771","1004","9.73"
"174771","1005","0"
"174771","1008","193"
"174772","1004","7.06"
"174772","1005","0"
"174772","1003","21.17"
"174772","1008","154"
"174773","1003","27.17"
"174773","1004","6.95"
"174773","1005","0"
"174773","1008","179"
"174774","1004","7.4"
"174774","1005","0"
"174774","1003","27.89"
"174774","1008","186"
"174775","1003","27.96"
"174775","1004","6.48"
"174775","1005","0"
"174775","1008","178"
"174776","1004","5.47"
"174776","1005","0"
"174776","1003","21.57"
"174776","1008","141"
"174777","1003","21.43"
"174777","1004","5"
"174777","1005","0"
"174777","1008","137"
"174778","1003","12.6"
"174778","1004","9.5"
"174778","1005","72"
"174778","1008","424"
"174779","1003","0.46"
"174779","1004","6.53"
"174779","1005","74.64"
"174779","1008","359"
"174780","1003","24.29"
"174780","1004","13.12"
"174780","1005","47.24"
"174780","1008","396"
"174781","1004","13.18"
"174781","1003","18.49"
"174781","1005","57.27"
"174781","1008","422"
"174782","1003","7.72"
"174782","1004","14.19"
"174782","1005","51.68"
"174782","1008","347"
"174783","1003","2.94"
"174783","1004","32.35"
"174783","1005","56.82"
"174783","1008","532"
"174784","1005","67.26"
"174784","1008","491"
"174784","1003","7.95"
"174784","1004","21.11"
"174785","1003","7.5"
"174785","1004","34.02"
"174785","1005","55.16"
"174785","1008","557"
"174786","1004","12.5"
"174786","1005","50.5"
"174786","1008","415"
"174786","1003","25"
"174787","1004","12.19"
"174787","1003","20.75"
"174787","1005","52.49"
"174787","1008","403"
"174788","1005","65.49"
"174788","1008","496"
"174788","1003","8.68"
"174788","1004","22.15"
"174789","1004","22.22"
"174789","1003","8.08"
"174789","1005","64.7"
"174789","1008","491"
"174790","1003","8.2"
"174790","1004","3.1"
"174790","1008","345"
"174790","1005","71.04"
"174791","1003","4.13"
"174791","1004","29.81"
"174791","1005","57.97"
"174791","1008","517"
"174792","1004","14"
"174792","1005","45"
"174792","1003","30"
"174792","1008","426"
"174793","1003","16.67"
"174793","1004","7.69"
"174793","1005","63.42"
"174793","1008","390"
"174794","1004","15.71"
"174794","1005","53.26"
"174794","1008","429"
"174794","1003","18.57"
"174795","1004","6.67"
"174795","1003","6.67"
"174795","1005","75.47"
"174795","1008","389"
"174796","1004","23.3"
"174796","1005","60.43"
"174796","1008","473"
"174796","1003","5.32"
"174797","1004","15"
"174797","1003","15"
"174797","1005","62.78"
"174797","1008","446"
"174798","1004","7.5"
"174798","1005","86.9"
"174798","1008","415"
"174798","1003","0"
"174799","1003","14.71"
"174799","1004","5.88"
"174799","1005","65.44"
"174799","1008","346"
"174800","1003","4.17"
"174800","1004","8.33"
"174800","1005","79.17"
"174800","1008","408"
"174801","1008","487"
"174801","1004","22.86"
"174801","1005","61.14"
"174801","1003","9.14"
"174802","1004","11.43"
"174802","1005","74.29"
"174802","1008","423"
"174802","1003","5.71"
"174803","1004","10.53"
"174803","1005","58.84"
"174803","1008","383"
"174803","1003","13.16"
"174804","1003","5.3"
"174804","1004","24.74"
"174804","1005","65.34"
"174804","1008","505"
"174805","1004","35.39"
"174805","1005","53.54"
"174805","1008","560"
"174805","1003","6.72"
"174806","1008","389"
"174806","1004","6.67"
"174806","1005","78.62"
"174806","1003","3.52"
"174807","1003","1.16"
"174807","1004","0.61"
"174807","1005","4.29"
"174807","1008","27"
"174808","1004","1.21"
"174808","1003","2.58"
"174808","1005","4.35"
"174808","1008","39"
"174809","1004","0"
"174809","1005","1.03"
"174809","1008","4"
"174809","1003","0"
"174810","1003","0"
"174810","1004","0"
"174810","1005","13.4"
"174810","1008","119"
"174811","1005","21.4"
"174811","1008","87"
"174811","1004","0.1"
"174811","1003","0.1"
"174812","1003","0.06"
"174812","1004","0.06"
"174812","1005","12.82"
"174812","1008","153"
"174813","1004","3.57"
"174813","1005","43.94"
"174813","1008","405"
"174813","1003","47.62"
"174814","1003","5.87"
"174814","1004","2.17"
"174814","1005","2.28"
"174814","1008","52"
"174815","1004","0"
"174815","1005","0"
"174815","1008","231"
"174815","1003","0"
"174816","1004","0"
"174816","1005","3.75"
"174816","1008","15"
"174816","1003","0"
"174817","1003","0"
"174817","1004","0"
"174817","1005","0"
"174817","1008","231"
"174818","1004","0"
"174818","1005","0"
"174818","1008","231"
"174818","1003","0"
"174819","1004","0"
"174819","1005","0.1"
"174819","1008","250"
"174819","1003","0"
"174820","1003","0.63"
"174820","1004","1.25"
"174820","1005","9.38"
"174820","1008","50"
"174821","1003","0.42"
"174821","1004","0"
"174821","1005","15"
"174821","1008","62"
"174822","1004","0"
"174822","1005","0.42"
"174822","1008","4"
"174822","1003","0.42"
"174823","1003","3.8"
"174823","1004","2.53"
"174823","1005","16.88"
"174823","1008","105"
"174824","1003","9.09"
"174824","1004","4.5"
"174824","1005","68.31"
"174824","1008","350"
"174825","1004","0"
"174825","1008","0"
"174825","1003","0"
"174825","1005","1.13"
"174826","1003","0"
"174826","1004","0"
"174826","1005","1.13"
"174826","1008","0"
"174827","1004","0"
"174827","1005","0"
"174827","1008","0"
"174827","1003","0"
"174828","1003","0"
"174828","1004","0"
"174828","1008","49"
"174828","1005","12.83"
"174829","1003","1.22"
"174829","1004","0"
"174829","1005","8.16"
"174829","1008","37"
"174830","1004","0"
"174830","1005","8.54"
"174830","1008","41"
"174830","1003","1.22"
"174831","1003","0.22"
"174831","1004","0"
"174831","1005","4.24"
"174831","1008","18"
"174832","1003","0.4"
"174832","1004","0.96"
"174832","1005","1.31"
"174832","1008","15"
"174833","1004","0"
"174833","1005","2.6"
"174833","1003","0.07"
"174833","1008","83"
"174834","1004","0"
"174834","1005","2.45"
"174834","1003","0.07"
"174834","1008","83"
"174835","1004","0"
"174835","1005","2.31"
"174835","1003","0.07"
"174835","1008","82"
"174836","1004","0"
"174836","1005","2.58"
"174836","1003","0.07"
"174836","1008","83"
"174837","1004","0"
"174837","1005","2.6"
"174837","1003","0.07"
"174837","1008","82"
"174838","1004","0"
"174838","1005","2.46"
"174838","1003","0.07"
"174838","1008","80"
"174839","1004","0"
"174839","1005","2.62"
"174839","1003","0.07"
"174839","1008","86"
"174840","1004","0"
"174840","1005","2.4"
"174840","1003","0.07"
"174840","1008","74"
"174841","1004","0"
"174841","1005","2.06"
"174841","1003","0.07"
"174841","1008","83"
"174842","1004","0"
"174842","1005","0"
"174842","1008","0"
"174842","1003","0"
"174843","1004","0"
"174843","1005","2.6"
"174843","1003","0.07"
"174843","1008","81"
"174844","1004","0"
"174844","1005","11.39"
"174844","1008","108"
"174844","1003","0.07"
"174845","1004","0"
"174845","1005","3.12"
"174845","1003","0.07"
"174845","1008","82"
"174846","1004","0"
"174846","1003","0"
"174846","1005","8.76"
"174846","1008","34"
"174847","1004","0"
"174847","1005","9.09"
"174847","1008","36"
"174847","1003","0"
"174848","1004","0"
"174848","1005","1.94"
"174848","1003","0.07"
"174848","1008","81"
"174849","1003","0.07"
"174849","1004","0"
"174849","1005","5.23"
"174849","1008","82"
"174850","1008","1"
"174850","1004","0"
"174850","1003","0.12"
"174850","1005","0.12"
"174851","1003","0"
"174851","1004","0"
"174851","1005","10.58"
"174851","1008","41"
"174852","1004","0.25"
"174852","1005","10.36"
"174852","1008","42"
"174852","1003","0"
"174853","1003","0"
"174853","1004","0"
"174853","1005","5.16"
"174853","1008","20"
"174854","1003","0"
"174854","1004","0"
"174854","1005","12.3"
"174854","1008","48"
"174855","1003","0"
"174855","1004","0"
"174855","1005","0.25"
"174855","1008","1"
"174856","1003","0.07"
"174856","1008","45"
"174856","1005","11.58"
"174856","1004","0.01"
"174857","1004","0.1"
"174857","1005","5.1"
"174857","1008","22"
"174857","1003","0"
"174858","1004","1.05"
"174858","1003","0"
"174858","1005","97.57"
"174858","1008","376"
"174859","1004","0.04"
"174859","1005","3.59"
"174859","1008","14"
"174859","1003","0"
"174860","1003","0"
"174860","1004","1.01"
"174860","1005","97.9"
"174860","1008","380"
"174861","1004","0.07"
"174861","1005","6.9"
"174861","1008","27"
"174861","1003","0"
"174862","1003","0"
"174862","1004","0"
"174862","1005","13.79"
"174862","1008","52"
"174863","1003","0.21"
"174863","1005","8.05"
"174863","1008","37"
"174863","1004","0.12"
"174864","1003","0"
"174864","1004","0"
"174864","1005","93.33"
"174864","1008","372"
"174865","1004","3.26"
"174865","1005","11.19"
"174865","1008","87"
"174865","1003","3.29"
"174866","1004","4.76"
"174866","1003","5.1"
"174866","1005","86.94"
"174866","1008","411"
"174867","1003","3.37"
"174867","1004","3.29"
"174867","1005","11.2"
"174867","1008","85"
"174868","1004","0.07"
"174868","1005","12.34"
"174868","1008","49"
"174868","1003","0"
"174869","1005","99.1"
"174869","1008","389"
"174869","1003","0.1"
"174869","1004","0.2"
"174870","1004","3.1"
"174870","1005","12.3"
"174870","1008","88"
"174870","1003","3"
"174871","1004","0"
"174871","1005","0.3"
"174871","1008","1"
"174871","1003","0"
"174872","1003","20.21"
"174872","1004","0"
"174872","1005","58.66"
"174872","1008","315"
"174873","1003","0.06"
"174873","1005","0.17"
"174873","1008","1"
"174873","1004","0"
"174874","1003","26.79"
"174874","1004","23.86"
"174874","1005","0.05"
"174874","1008","322"
"174875","1004","22.84"
"174875","1005","0.23"
"174875","1008","275"
"174875","1003","17.02"
"174876","1003","20.88"
"174876","1004","23.39"
"174876","1005","0.03"
"174876","1008","294"
"174877","1004","4.09"
"174877","1005","0"
"174877","1008","121"
"174877","1003","20.93"
"174878","1003","20.43"
"174878","1004","4.22"
"174878","1005","0.01"
"174878","1008","120"
"174879","1004","11.78"
"174879","1005","1.51"
"174879","1008","215"
"174879","1003","25.83"
"174880","1003","31.89"
"174880","1004","2.63"
"174880","1005","0"
"174880","1008","151"
"174881","1004","5.53"
"174881","1005","0"
"174881","1008","159"
"174881","1003","27.33"
"174882","1003","8.85"
"174882","1004","51.6"
"174882","1005","0.89"
"174882","1008","503"
"174883","1005","0"
"174883","1008","540"
"174883","1004","53.23"
"174883","1003","15.28"
"174884","1003","12.53"
"174884","1004","43.75"
"174884","1005","0"
"174884","1008","444"
"174885","1003","28.6"
"174885","1004","8.35"
"174885","1005","0"
"174885","1008","190"
"174886","1004","5.63"
"174886","1005","0"
"174886","1008","174"
"174886","1003","30.73"
"174887","1003","22.49"
"174887","1004","3.53"
"174887","1005","0"
"174887","1008","122"
"174888","1004","6.71"
"174888","1005","0"
"174888","1008","184"
"174888","1003","30.97"
"174889","1003","26.52"
"174889","1004","7.63"
"174889","1005","0"
"174889","1008","175"
"174890","1004","14.64"
"174890","1005","0"
"174890","1008","244"
"174890","1003","28.01"
"174891","1005","0"
"174891","1008","538"
"174891","1003","16.9"
"174891","1004","52.3"
"174892","1004","48.5"
"174892","1005","0"
"174892","1008","487"
"174892","1003","12.59"
"174893","1003","29.52"
"174893","1004","9.5"
"174893","1005","0"
"174893","1008","204"
"174894","1004","12.68"
"174894","1005","0"
"174894","1008","196"
"174894","1003","20.58"
"174895","1005","0.08"
"174895","1008","226"
"174895","1003","30.15"
"174895","1004","11.64"
"174896","1004","9.73"
"174896","1005","0"
"174896","1008","175"
"174896","1003","21.95"
"174897","1003","30.87"
"174897","1004","7.02"
"174897","1005","0"
"174897","1008","187"
"174898","1004","16.96"
"174898","1005","0"
"174898","1008","276"
"174898","1003","30.9"
"174899","1003","10.56"
"174899","1004","1.32"
"174899","1005","52.38"
"174899","1008","264"
"174900","1003","11.14"
"174900","1004","1.43"
"174900","1005","57.39"
"174900","1008","287"
"174901","1003","10.6"
"174901","1004","2.1"
"174901","1005","53"
"174901","1008","278"
"174902","1005","63.4"
"174902","1004","15.4"
"174902","1003","8"
"174902","1008","428"
"174903","1003","7.3"
"174903","1004","12.1"
"174903","1005","48.4"
"174903","1008","335"
"174904","1004","7.83"
"174904","1003","6.7"
"174904","1005","43.7"
"174904","1008","270"
"174905","1004","9.1"
"174905","1005","51.6"
"174905","1008","319"
"174905","1003","7.8"
"174906","1004","10.5"
"174906","1005","54.6"
"174906","1008","326"
"174906","1003","4.3"
"174907","1008","195"
"174907","1003","5.2"
"174907","1004","1.5"
"174907","1005","43.3"
"174908","1005","69.5"
"174908","1008","418"
"174908","1004","12.2"
"174908","1003","7"
"174909","1003","6.59"
"174909","1005","54.46"
"174909","1004","9.58"
"174909","1008","330"
"174910","1003","6.7"
"174910","1004","7.1"
"174910","1005","43.5"
"174910","1008","266"
"174911","1004","2.14"
"174911","1005","61.93"
"174911","1008","319"
"174911","1003","13"
"174912","1003","6.6"
"174912","1004","5"
"174912","1005","56"
"174912","1008","290"
"174913","1003","9.49"
"174913","1004","2.73"
"174913","1005","48.11"
"174913","1008","259"
"174914","1003","14.52"
"174914","1004","4.6"
"174914","1005","47.11"
"174914","1008","288"
"174915","1004","1.2"
"174915","1005","55.7"
"174915","1008","275"
"174915","1003","9.1"
"174916","1004","1.71"
"174916","1003","9.8"
"174916","1005","55.89"
"174916","1008","262"
"174917","1004","2.2"
"174917","1005","43.8"
"174917","1008","245"
"174917","1003","12.1"
"174918","1003","8.7"
"174918","1004","3.1"
"174918","1005","47.5"
"174918","1008","250"
"174919","1004","3.5"
"174919","1005","43.3"
"174919","1008","210"
"174919","1003","7.6"
"174920","1003","9.1"
"174920","1004","2.9"
"174920","1005","40.5"
"174920","1008","203"
"174921","1004","2.92"
"174921","1005","42.47"
"174921","1008","217"
"174921","1003","13.32"
"174922","1003","8.7"
"174922","1004","2.5"
"174922","1005","44.3"
"174922","1008","207"
"174923","1004","4.6"
"174923","1005","43.5"
"174923","1003","8.9"
"174923","1008","243"
"174924","1004","3.33"
"174924","1005","49.42"
"174924","1008","266"
"174924","1003","8.85"
"174925","1004","4"
"174925","1003","9"
"174925","1005","54.5"
"174925","1008","290"
"174926","1003","7.7"
"174926","1004","2.6"
"174926","1005","53.6"
"174926","1008","274"
"174927","1004","5.7"
"174927","1005","49.6"
"174927","1008","285"
"174927","1003","7.9"
"174928","1004","5.3"
"174928","1003","13.35"
"174928","1005","71.98"
"174928","1008","395"
"174929","1008","412"
"174929","1003","12"
"174929","1004","9.5"
"174929","1005","68.4"
"174930","1004","3.4"
"174930","1005","76.2"
"174930","1008","386"
"174930","1003","11"
"174931","1003","2.73"
"174931","1004","12.05"
"174931","1005","18.84"
"174931","1008","195"
"174932","1004","9.8"
"174932","1005","79.2"
"174932","1008","415"
"174932","1003","5.1"
"174933","1003","2.4"
"174933","1004","12.5"
"174933","1005","38"
"174933","1008","264"
"174934","1004","20.05"
"174934","1005","52.84"
"174934","1008","389"
"174934","1003","3.48"
"174935","1004","8.14"
"174935","1005","80.16"
"174935","1008","391"
"174935","1003","4.6"
"174936","1004","10.8"
"174936","1005","53.8"
"174936","1008","331"
"174936","1003","5"
"174937","1003","5.2"
"174937","1004","10.2"
"174937","1005","51.5"
"174937","1008","311"
"174938","1004","9.6"
"174938","1005","52.8"
"174938","1008","318"
"174938","1003","5.5"
"174939","1003","2.9"
"174939","1004","9.1"
"174939","1005","61.6"
"174939","1008","324"
"174940","1003","5.2"
"174940","1004","17.9"
"174940","1005","52.5"
"174940","1008","389"
"174941","1004","14.2"
"174941","1005","48.5"
"174941","1008","346"
"174941","1003","6.1"
"174942","1004","15.93"
"174942","1005","60.31"
"174942","1008","399"
"174942","1003","3.63"
"174943","1004","11.54"
"174943","1005","64.03"
"174943","1008","374"
"174943","1003","3.47"
"174944","1003","3.16"
"174944","1004","17.75"
"174944","1005","55.36"
"174944","1008","379"
"174945","1004","17.91"
"174945","1005","56.2"
"174945","1008","391"
"174945","1003","2.99"
"174946","1005","80"
"174946","1003","4"
"174946","1004","9.8"
"174946","1008","423"
"174947","1003","3.7"
"174947","1004","3.5"
"174947","1005","81.92"
"174947","1008","374"
"174948","1003","4"
"174948","1004","14.9"
"174948","1005","76.6"
"174948","1008","434"
"174949","1004","29.1"
"174949","1005","50.2"
"174949","1008","466"
"174949","1003","6.2"
"174950","1003","6.1"
"174950","1004","18.8"
"174950","1005","68.9"
"174950","1008","467"
"174951","1004","3.7"
"174951","1005","78.3"
"174951","1008","349"
"174951","1003","5"
"174952","1004","25.2"
"174952","1005","66.1"
"174952","1008","497"
"174952","1003","4.6"
"174953","1004","21.33"
"174953","1005","61.02"
"174953","1008","451"
"174953","1003","3.98"
"174954","1004","22.6"
"174954","1005","68.2"
"174954","1008","492"
"174954","1003","4.9"
"174955","1003","5.7"
"174955","1004","28.3"
"174955","1005","58.4"
"174955","1008","488"
"174956","1003","5.6"
"174956","1004","9.8"
"174956","1005","76.9"
"174956","1008","416"
"174957","1004","10.6"
"174957","1005","77.66"
"174957","1008","430"
"174957","1003","6.69"
"174958","1003","4"
"174958","1005","66.78"
"174958","1008","500"
"174958","1004","25.8"
"174959","1004","9.1"
"174959","1005","59.7"
"174959","1008","365"
"174959","1003","10.6"
"174960","1003","6.5"
"174960","1004","19.2"
"174960","1005","67.3"
"174960","1008","462"
"174961","1004","18.9"
"174961","1005","59.1"
"174961","1008","424"
"174961","1003","5.4"
"174962","1003","6"
"174962","1004","21"
"174962","1005","65.7"
"174962","1008","471"
"174963","1004","15.76"
"174963","1005","68.95"
"174963","1008","441"
"174963","1003","5.86"
"174964","1003","9"
"174964","1004","23.8"
"174964","1005","58.9"
"174964","1008","475"
"174965","1004","21.1"
"174965","1005","65.6"
"174965","1008","478"
"174965","1003","8.8"
"174966","1003","4.1"
"174966","1004","13.6"
"174966","1005","68"
"174966","1008","401"
"174967","1004","26.22"
"174967","1005","63.78"
"174967","1008","514"
"174967","1003","5.37"
"174968","1004","32.5"
"174968","1005","58.3"
"174968","1008","542"
"174968","1003","4.9"
"174969","1003","10"
"174969","1004","34"
"174969","1005","50.8"
"174969","1008","535"
"174970","1004","28.57"
"174970","1005","66.26"
"174970","1008","531"
"174970","1003","3.57"
"174971","1003","5.35"
"174971","1004","19.55"
"174971","1005","67.34"
"174971","1008","464"
"174972","1003","4"
"174972","1004","19.48"
"174972","1005","61.22"
"174972","1008","436"
"174973","1004","15.2"
"174973","1005","73.6"
"174973","1008","441"
"174973","1003","5"
"174974","1003","4.9"
"174974","1004","16.41"
"174974","1005","72.6"
"174974","1008","455"
"174975","1003","10.93"
"174975","1004","22.74"
"174975","1005","59.42"
"174975","1008","489"
"174976","1003","12.41"
"174976","1004","25.12"
"174976","1005","56.74"
"174976","1008","496"
"174977","1004","3.2"
"174977","1005","76.6"
"174977","1008","390"
"174977","1003","12.1"
"174978","1003","11.6"
"174978","1004","3.4"
"174978","1005","77.3"
"174978","1008","389"
"174979","1004","2.3"
"174979","1005","76.4"
"174979","1008","374"
"174979","1003","12.9"
"174980","1003","7.6"
"174980","1004","13.77"
"174980","1005","71.73"
"174980","1008","446"
"174981","1004","7.2"
"174981","1005","72.3"
"174981","1008","407"
"174981","1003","13.5"
"174982","1008","510"
"174982","1004","26.43"
"174982","1005","61.3"
"174982","1003","6.64"
"174983","1004","21.1"
"174983","1005","61.7"
"174983","1008","477"
"174983","1003","9.3"
"174984","1005","58.38"
"174984","1008","494"
"174984","1004","24.54"
"174984","1003","11.47"
"174985","1004","16.4"
"174985","1005","70.73"
"174985","1008","455"
"174985","1003","7.3"
"174986","1008","360"
"174986","1004","25.9"
"174986","1005","22.8"
"174986","1003","9"
"174987","1003","8.2"
"174987","1004","21"
"174987","1005","45.8"
"174987","1008","406"
"174988","1004","8.7"
"174988","1005","37.1"
"174988","1008","254"
"174988","1003","7.4"
"174989","1003","9.2"
"174989","1004","20.9"
"174989","1005","47"
"174989","1008","414"
"174990","1003","5.31"
"174990","1004","24.93"
"174990","1005","47.06"
"174990","1008","434"
"174991","1003","4.93"
"174991","1004","25.25"
"174991","1005","51.33"
"174991","1008","452"
"174992","1003","5.2"
"174992","1004","22.9"
"174992","1005","50.8"
"174992","1008","426"
"174993","1004","19.9"
"174993","1005","57.4"
"174993","1008","417"
"174993","1003","4.5"
"174994","1004","1.69"
"174994","1003","8.87"
"174994","1005","44.17"
"174994","1008","227"
"174995","1003","10.32"
"174995","1004","2.02"
"174995","1005","52.65"
"174995","1008","270"
"174996","1003","9.1"
"174996","1004","1.8"
"174996","1005","46.3"
"174996","1008","235"
"174997","1004","1.8"
"174997","1005","48.1"
"174997","1008","240"
"174997","1003","7.91"
"174998","1004","10.8"
"174998","1005","25"
"174998","1008","229"
"174998","1003","7.7"
"174999","1003","7.7"
"174999","1004","13.5"
"174999","1005","46"
"174999","1008","337"
"175000","1004","6.9"
"175000","1005","79"
"175000","1008","417"
"175000","1003","8.1"
"175001","1003","7.9"
"175001","1004","3.8"
"175001","1005","84.1"
"175001","1008","402"
"175002","1005","51"
"175002","1008","305"
"175002","1003","5.9"
"175002","1004","8.4"
"175003","1003","7.4"
"175003","1004","10.2"
"175003","1005","49.1"
"175003","1008","321"
"175004","1004","11.3"
"175004","1005","57.9"
"175004","1008","346"
"175004","1003","5.3"
"175005","1003","7.1"
"175005","1004","12.3"
"175005","1005","44.2"
"175005","1008","316"
"175006","1004","2.5"
"175006","1005","36.7"
"175006","1008","194"
"175006","1003","5.2"
"175007","1003","10"
"175007","1004","1.7"
"175007","1005","73.6"
"175007","1008","355"
"175008","1004","7.7"
"175008","1005","28.9"
"175008","1008","218"
"175008","1003","7.8"
"175009","1003","6.4"
"175009","1004","9.7"
"175009","1005","28.3"
"175009","1008","227"
"175010","1004","6.5"
"175010","1005","29.4"
"175010","1008","208"
"175010","1003","8.5"
"175011","1003","1.9"
"175011","1004","11"
"175011","1005","34"
"175011","1008","237"
"175012","1004","12.5"
"175012","1005","37.1"
"175012","1008","265"
"175012","1003","2.4"
"175013","1003","3.4"
"175013","1004","12.9"
"175013","1005","31.6"
"175013","1008","251"
"175014","1003","4.15"
"175014","1004","22.41"
"175014","1005","38.44"
"175014","1008","353"
"175015","1004","15.4"
"175015","1005","29.6"
"175015","1008","260"
"175015","1003","3.5"
"175016","1005","37.3"
"175016","1003","2.1"
"175016","1004","16.6"
"175016","1008","298"
"175017","1004","17.6"
"175017","1005","28.5"
"175017","1008","276"
"175017","1003","2.8"
"175018","1003","3.8"
"175018","1004","12.9"
"175018","1005","39.1"
"175018","1008","285"
"175019","1004","10.8"
"175019","1005","48"
"175019","1008","289"
"175019","1003","2.6"
"175020","1008","224"
"175020","1003","1.9"
"175020","1004","10"
"175020","1005","32.9"
"175021","1003","4.5"
"175021","1004","16.69"
"175021","1005","59.61"
"175021","1008","407"
"175022","1003","6.9"
"175022","1004","31.4"
"175022","1005","52.1"
"175022","1008","518"
"175023","1004","30.4"
"175023","1005","50.4"
"175023","1008","501"
"175023","1003","6.7"
"175024","1003","6.16"
"175024","1004","26.07"
"175024","1005","48.62"
"175024","1008","457"
"175025","1004","28.59"
"175025","1005","56.24"
"175025","1008","508"
"175025","1003","6.5"
"175026","1003","6.4"
"175026","1004","34.6"
"175026","1005","47.5"
"175026","1008","527"
"175027","1003","9.5"
"175027","1004","6.4"
"175027","1005","52"
"175027","1008","307"
"175028","1008","236"
"175028","1004","4.6"
"175028","1005","40.2"
"175028","1003","9.5"
"175029","1003","10.3"
"175029","1004","3.4"
"175029","1005","53.1"
"175029","1008","286"
"175030","1004","6.3"
"175030","1005","46"
"175030","1008","273"
"175030","1003","8.6"
"175031","1004","4.3"
"175031","1005","52.7"
"175031","1008","293"
"175031","1003","9.9"
"175032","1003","3.3"
"175032","1004","11.2"
"175032","1005","41.1"
"175032","1008","274"
"175033","1004","18.3"
"175033","1005","43.7"
"175033","1008","360"
"175033","1003","7.1"
"175034","1003","6.2"
"175034","1004","16.4"
"175034","1005","50.9"
"175034","1008","372"
"175035","1003","4.2"
"175035","1004","9.95"
"175035","1005","70.32"
"175035","1008","388"
"175036","1003","5.7"
"175036","1004","2.85"
"175036","1005","44.64"
"175036","1008","218"
"175037","1004","7.99"
"175037","1005","49.38"
"175037","1008","306"
"175037","1003","8.2"
"175038","1003","6.47"
"175038","1004","9.7"
"175038","1005","42.98"
"175038","1008","285"
"175039","1003","7.9"
"175039","1004","14.1"
"175039","1005","32.9"
"175039","1008","291"
"175040","1004","0"
"175040","1005","0"
"175040","1008","0"
"175040","1003","0"
"175041","1003","0"
"175041","1004","0"
"175041","1005","61.5"
"175041","1008","258"
"175042","1004","1.9"
"175042","1005","18.1"
"175042","1003","8.4"
"175042","1008","105"
"175043","1004","7.61"
"175043","1005","41.22"
"175043","1008","325"
"175043","1003","40.44"
"175044","1003","9.7"
"175044","1004","5"
"175044","1005","47.3"
"175044","1008","264"
"175045","1004","10.1"
"175045","1005","56.7"
"175045","1008","333"
"175045","1003","4.9"
"175046","1003","5.5"
"175046","1004","9.4"
"175046","1005","55.5"
"175046","1008","313"
"175047","1004","9.3"
"175047","1005","28.7"
"175047","1008","227"
"175047","1003","6.8"
"175048","1004","9.61"
"175048","1005","49.29"
"175048","1008","312"
"175048","1003","7.19"
"175049","1004","1.6"
"175049","1005","53.4"
"175049","1008","275"
"175049","1003","10.5"
"175050","1003","10.5"
"175050","1004","1.6"
"175050","1005","53.4"
"175050","1008","275"
"175051","1004","1.6"
"175051","1005","53.4"
"175051","1008","275"
"175051","1003","10.5"
"175052","1003","6.8"
"175052","1004","23.3"
"175052","1005","46.7"
"175052","1008","418"
"175053","1004","17.9"
"175053","1005","52.5"
"175053","1008","389"
"175053","1003","5.2"
"175054","1003","3.9"
"175054","1004","9.5"
"175054","1005","81"
"175054","1008","423"
"175055","1004","11.6"
"175055","1005","78.1"
"175055","1008","432"
"175055","1003","4.4"
"175056","1003","9.5"
"175056","1004","8.85"
"175056","1005","74.34"
"175056","1008","421"
"175057","1003","9.2"
"175057","1004","11.8"
"175057","1005","71.5"
"175057","1008","434"
"175058","1004","25.3"
"175058","1005","61"
"175058","1008","502"
"175058","1003","7.4"
"175059","1003","8.6"
"175059","1004","20.6"
"175059","1005","64.9"
"175059","1008","473"
"175060","1003","10.1"
"175060","1004","25.3"
"175060","1005","58.2"
"175060","1008","503"
"175061","1004","18.5"
"175061","1005","47.8"
"175061","1008","371"
"175061","1003","5.4"
"175062","1003","6.4"
"175062","1004","22.8"
"175062","1005","44.3"
"175062","1008","403"
"175063","1004","1.8"
"175063","1005","46"
"175063","1008","235"
"175063","1003","7.7"
"175064","1003","3"
"175064","1004","16.1"
"175064","1005","42.6"
"175064","1008","316"
"175065","1004","29.2"
"175065","1005","44.1"
"175065","1008","457"
"175065","1003","3.9"
"175066","1003","10.4"
"175066","1004","4.3"
"175066","1005","71"
"175066","1008","371"
"175067","1004","22.6"
"175067","1005","62.4"
"175067","1008","468"
"175067","1003","7.2"
"175068","1003","10.5"
"175068","1004","1.6"
"175068","1005","82.3"
"175068","1008","393"
"175069","1003","3.99"
"175069","1004","5.99"
"175069","1005","76.8"
"175069","1008","372"
"175070","1003","5.54"
"175070","1004","20.92"
"175070","1005","67.2"
"175070","1008","442"
"175071","1003","4.28"
"175071","1004","24.4"
"175071","1005","65.02"
"175071","1008","497"
"175072","1003","4.89"
"175072","1004","16.53"
"175072","1005","66.76"
"175072","1008","435"
"175073","1004","12.06"
"175073","1005","69.41"
"175073","1008","403"
"175073","1003","4.25"
"175074","1003","5.48"
"175074","1004","14.08"
"175074","1005","68.17"
"175074","1008","421"
"175075","1004","12.08"
"175075","1005","69.27"
"175075","1008","406"
"175075","1003","5.17"
"175076","1004","13.26"
"175076","1005","65.92"
"175076","1008","400"
"175076","1003","4.35"
"175077","1003","4.67"
"175077","1004","11.14"
"175077","1005","76.23"
"175077","1008","424"
"175078","1004","8.7"
"175078","1005","77.45"
"175078","1008","407"
"175078","1003","4.7"
"175079","1004","4.1"
"175079","1005","73.1"
"175079","1008","381"
"175079","1003","12.6"
"175080","1003","4.42"
"175080","1005","83.58"
"175080","1008","407"
"175080","1004","6.16"
"175081","1004","13.23"
"175081","1005","59.41"
"175081","1008","388"
"175081","1003","7.81"
"175082","1003","8.7"
"175082","1004","6"
"175082","1005","49.6"
"175082","1008","287"
"175083","1003","6.99"
"175083","1004","10"
"175083","1005","76.2"
"175083","1008","424"
"175084","1005","70.23"
"175084","1008","476"
"175084","1003","4.78"
"175084","1004","21.5"
"175085","1004","3.19"
"175085","1005","0"
"175085","1008","158"
"175085","1003","30.21"
"175086","1003","21.39"
"175086","1004","4.6"
"175086","1005","0"
"175086","1008","133"
"175087","1004","6.05"
"175087","1005","0"
"175087","1008","175"
"175087","1003","28.14"
"175088","1003","7.4"
"175088","1004","0.18"
"175088","1005","78.52"
"175088","1008","345"
"175089","1004","0.73"
"175089","1003","0.12"
"175089","1005","98.55"
"175089","1008","401"
"175090","1008","35"
"175090","1004","0.06"
"175090","1005","8.61"
"175090","1003","0.01"
"175091","1003","3.3"
"175091","1004","0.6"
"175091","1005","85.4"
"175091","1008","338"
"175092","1004","0.23"
"175092","1005","5.61"
"175092","1008","29"
"175092","1003","1.21"
"175093","1004","0.02"
"175093","1003","0.07"
"175093","1005","9.56"
"175093","1008","37"
"175094","1004","0.7"
"175094","1005","43.1"
"175094","1008","175"
"175094","1003","0.3"
"175095","1005","11.4"
"175095","1008","42"
"175095","1004","0.17"
"175095","1003","0.07"
"175096","1003","0"
"175096","1004","0"
"175096","1005","0"
"175096","1008","0"
"175097","1003","0.1"
"175097","1004","0.3"
"175097","1008","336"
"175097","1005","46.8"
"175098","1008","327"
"175098","1004","15.7"
"175098","1005","20.9"
"175098","1003","2.8"
"175099","1005","0.29"
"175099","1008","2"
"175099","1003","0.11"
"175099","1004","0.03"
"175100","1004","0"
"175100","1005","39"
"175100","1008","153"
"175100","1003","0.4"
"175101","1003","0.12"
"175101","1004","0"
"175101","1005","11.32"
"175101","1008","45"
"175102","1003","3.4"
"175102","1004","2.8"
"175102","1005","18.9"
"175102","1008","113"
"175103","1005","0"
"175103","1004","0"
"175103","1008","0"
"175103","1003","0"
"175104","1003","0"
"175104","1004","0"
"175104","1005","0"
"175104","1008","0"
"175105","1003","0"
"175105","1004","0"
"175105","1005","13.2"
"175105","1008","53"
"175106","1004","0"
"175106","1005","0"
"175106","1008","0"
"175106","1003","0"
"175107","1003","0"
"175107","1004","0"
"175107","1005","0"
"175107","1008","0"
"175108","1004","0.05"
"175108","1003","0"
"175108","1005","7.84"
"175108","1008","32"
"175109","1005","1.14"
"175109","1008","5"
"175109","1004","0"
"175109","1003","0"
"175110","1003","0"
"175110","1004","0"
"175110","1005","9.77"
"175110","1008","39"
"175111","1004","0"
"175111","1005","8.81"
"175111","1008","35"
"175111","1003","0"
"175112","1003","0.2"
"175112","1004","0"
"175112","1005","11.67"
"175112","1008","152"
"175113","1004","0"
"175113","1005","0.1"
"175113","1008","0"
"175113","1003","0"
"175114","1003","25.1"
"175114","1004","3"
"175114","1005","58"
"175114","1008","359"
"175115","1003","0"
"175115","1004","0.01"
"175115","1005","9.47"
"175115","1008","37"
"175116","1003","17.96"
"175116","1004","9.04"
"175116","1005","0"
"175116","1008","158"
"175117","1004","11.59"
"175117","1003","23.03"
"175117","1005","0"
"175117","1008","203"
"175118","1003","14.19"
"175118","1004","18"
"175118","1005","9.64"
"175118","1008","262"
"175119","1004","13.89"
"175119","1005","0"
"175119","1008","205"
"175119","1003","18.6"
"175120","1003","23.85"
"175120","1004","17.81"
"175120","1005","0"
"175120","1008","262"
"175121","1004","6.3"
"175121","1005","0"
"175121","1008","156"
"175121","1003","23.19"
"175122","1003","20.28"
"175122","1004","2"
"175122","1005","0"
"175122","1008","105"
"175123","1003","19.35"
"175123","1004","3.79"
"175123","1005","0"
"175123","1008","117"
"175124","1004","4.86"
"175124","1005","0"
"175124","1008","150"
"175124","1003","24.81"
"175125","1004","1.54"
"175125","1008","79"
"175125","1003","15.31"
"175125","1005","0"
"175126","1003","18.51"
"175126","1004","1.87"
"175126","1005","0"
"175126","1008","96"
"175127","1004","0.88"
"175127","1005","0"
"175127","1008","113"
"175127","1003","24.69"
"175128","1003","19.14"
"175128","1004","1.22"
"175128","1005","0"
"175128","1008","93"
"175129","1004","0.98"
"175129","1005","0"
"175129","1008","92"
"175129","1003","19.44"
"175130","1008","56"
"175130","1004","0.41"
"175130","1003","12.19"
"175130","1005","0"
"175131","1003","22.23"
"175131","1004","1.62"
"175131","1005","0"
"175131","1008","109"
"175132","1008","143"
"175132","1003","22.32"
"175132","1004","6.42"
"175132","1005","1.5"
"175133","1003","16.41"
"175133","1004","0.7"
"175133","1008","76"
"175133","1005","0"
"175134","1003","13.41"
"175134","1004","15.3"
"175134","1005","0"
"175134","1008","195"
"175135","1003","21.43"
"175135","1004","5.5"
"175135","1005","0"
"175135","1008","141"
"175136","1004","5.93"
"175136","1005","0"
"175136","1008","146"
"175136","1003","21.62"
"175137","1003","27.36"
"175137","1004","7.5"
"175137","1005","0"
"175137","1008","184"
"175138","1004","4.4"
"175138","1008","127"
"175138","1003","20.5"
"175138","1005","0"
"175139","1004","11.45"
"175139","1005","0"
"175139","1008","208"
"175139","1003","24.62"
"175140","1003","20.86"
"175140","1004","10.45"
"175140","1005","0.54"
"175140","1008","185"
"175141","1004","2.73"
"175141","1005","0"
"175141","1008","105"
"175141","1003","18.88"
"175142","1003","18.43"
"175142","1004","2"
"175142","1005","0"
"175142","1008","97"
"175143","1004","13.82"
"175143","1005","6.39"
"175143","1008","228"
"175143","1003","18.62"
"175144","1003","20.21"
"175144","1004","2.41"
"175144","1005","0"
"175144","1008","108"
"175145","1004","1.63"
"175145","1005","0"
"175145","1008","126"
"175145","1003","26.02"
"175146","1003","17.63"
"175146","1004","2.42"
"175146","1005","0"
"175146","1008","97"
"175147","1004","3.1"
"175147","1005","0"
"175147","1008","124"
"175147","1003","22.6"
"175148","1003","20.7"
"175148","1004","5.18"
"175148","1005","0"
"175148","1008","135"
"175149","1008","173"
"175149","1004","4.4"
"175149","1005","0"
"175149","1003","31.2"
"175150","1003","16.76"
"175150","1004","2.32"
"175150","1005","0"
"175150","1008","92"
"175151","1004","0.7"
"175151","1005","0"
"175151","1008","89"
"175151","1003","19.4"
"175152","1004","4.69"
"175152","1005","0"
"175152","1008","147"
"175152","1003","24.49"
"175153","1003","20.77"
"175153","1004","6.61"
"175153","1005","0"
"175153","1008","148"
"175154","1004","3.46"
"175154","1005","0"
"175154","1008","119"
"175154","1003","20.48"
"175155","1003","22.92"
"175155","1004","5.82"
"175155","1005","0"
"175155","1008","150"
"175156","1004","1.01"
"175156","1005","0"
"175156","1008","103"
"175156","1003","22"
"175157","1008","186"
"175157","1003","26.53"
"175157","1004","8.08"
"175157","1005","0"
"175158","1003","23.62"
"175158","1004","2.97"
"175158","1005","0"
"175158","1008","128"
"175159","1004","0.49"
"175159","1008","109"
"175159","1003","24.4"
"175159","1005","0"
"175160","1003","16.04"
"175160","1004","9.26"
"175160","1005","9.41"
"175160","1008","187"
"175161","1008","116"
"175161","1004","1.69"
"175161","1005","0"
"175161","1003","23.48"
"175162","1003","17.5"
"175162","1004","2.39"
"175162","1005","0"
"175162","1008","96"
"175163","1004","5.24"
"175163","1005","0"
"175163","1008","146"
"175163","1003","23.14"
"175164","1003","18.29"
"175164","1004","0.6"
"175164","1005","0"
"175164","1008","84"
"175165","1004","5.94"
"175165","1008","119"
"175165","1003","15.23"
"175165","1005","0"
"175166","1003","18.44"
"175166","1004","7.19"
"175166","1005","0"
"175166","1008","144"
"175167","1008","208"
"175167","1004","13.42"
"175167","1003","20.42"
"175167","1005","0"
"175168","1004","12.35"
"175168","1005","0"
"175168","1003","22.1"
"175168","1008","206"
"175169","1004","0.97"
"175169","1005","0"
"175169","1008","72"
"175169","1003","14.85"
"175170","1003","17.52"
"175170","1004","1.3"
"175170","1005","0"
"175170","1008","87"
"175171","1004","2.65"
"175171","1005","4.23"
"175171","1008","79"
"175171","1003","8.87"
"175172","1004","1.55"
"175172","1005","5.53"
"175172","1008","59"
"175172","1003","5.22"
"175173","1003","7"
"175173","1004","2.12"
"175173","1005","7.28"
"175173","1008","79"
"175174","1005","0"
"175174","1003","20.63"
"175174","1004","7.17"
"175174","1008","153"
"175175","1008","138"
"175175","1004","5.02"
"175175","1003","23.1"
"175175","1005","0"
"175176","1004","1.7"
"175176","1003","20.08"
"175176","1005","0"
"175176","1008","96"
"175177","1003","26.15"
"175177","1004","2.65"
"175177","1005","0"
"175177","1008","128"
"175178","1003","20.42"
"175178","1004","0.25"
"175178","1005","0"
"175178","1008","84"
"175179","1004","0.51"
"175179","1005","0"
"175179","1008","85"
"175179","1003","20.1"
"175180","1003","23.98"
"175180","1004","0.28"
"175180","1005","0.2"
"175180","1008","99"
"175181","1003","21.23"
"175181","1004","2.73"
"175181","1005","0"
"175181","1008","110"
"175182","1005","21.14"
"175182","1008","94"
"175182","1003","4.75"
"175182","1004","0.37"
"175183","1003","6.38"
"175183","1004","3.45"
"175183","1005","16.91"
"175183","1008","121"
"175184","1005","15.39"
"175184","1008","142"
"175184","1004","6.57"
"175184","1003","6.75"
"175185","1005","19.99"
"175185","1008","106"
"175185","1003","5.19"
"175185","1004","1.55"
"175186","1005","63.25"
"175186","1008","339"
"175186","1003","21.25"
"175186","1004","0.9"
"175187","1005","24.35"
"175187","1008","130"
"175187","1004","0.35"
"175187","1003","8.18"
"175188","1005","16.55"
"175188","1003","6.03"
"175188","1004","0.29"
"175188","1008","91"
"175189","1004","1.23"
"175189","1005","60.05"
"175189","1008","335"
"175189","1003","23.03"
"175190","1005","62.37"
"175190","1008","339"
"175190","1003","21.86"
"175190","1004","1.14"
"175191","1004","0.45"
"175191","1005","21.09"
"175191","1008","118"
"175191","1003","8.33"
"175192","1005","21.02"
"175192","1008","114"
"175192","1003","7.37"
"175192","1004","0.39"
"175193","1005","60.01"
"175193","1008","333"
"175193","1004","0.83"
"175193","1003","23.58"
"175194","1005","22.8"
"175194","1008","127"
"175194","1004","0.5"
"175194","1003","8.67"
"175195","1005","14.83"
"175195","1008","81"
"175195","1003","5.22"
"175195","1004","0.36"
"175196","1003","25.33"
"175196","1004","0.45"
"175196","1005","58.33"
"175196","1008","329"
"175197","1004","0.17"
"175197","1005","21.85"
"175197","1008","123"
"175197","1003","9.49"
"175198","1005","27.91"
"175198","1008","149"
"175198","1003","9.06"
"175198","1004","0.49"
"175199","1003","21.42"
"175199","1004","1.23"
"175199","1005","62.55"
"175199","1008","347"
"175200","1005","26.22"
"175200","1008","143"
"175200","1004","0.65"
"175200","1003","9.01"
"175201","1008","82"
"175201","1003","4.6"
"175201","1004","0.56"
"175201","1005","15.18"
"175202","1005","60.27"
"175202","1008","333"
"175202","1004","0.85"
"175202","1003","23.36"
"175203","1005","25.09"
"175203","1008","139"
"175203","1003","9.73"
"175203","1004","0.35"
"175204","1005","21.2"
"175204","1008","114"
"175204","1004","0.29"
"175204","1003","7.26"
"175205","1004","1.53"
"175205","1003","26.12"
"175205","1005","58.29"
"175205","1008","341"
"175206","1004","1.95"
"175206","1005","13.49"
"175206","1008","88"
"175206","1003","4.92"
"175207","1003","6.12"
"175207","1004","3.76"
"175207","1005","13.24"
"175207","1008","103"
"175208","1003","23.85"
"175208","1004","2.07"
"175208","1005","59.64"
"175208","1008","343"
"175209","1004","0.71"
"175209","1005","20.32"
"175209","1008","117"
"175209","1003","8.13"
"175210","1005","60.74"
"175210","1003","23.9"
"175210","1004","1.69"
"175210","1008","344"
"175211","1005","20.69"
"175211","1008","117"
"175211","1004","0.58"
"175211","1003","8.14"
"175212","1004","1.6"
"175212","1005","4.5"
"175212","1003","2.9"
"175212","1008","44"
"175213","1003","3.2"
"175213","1004","1.8"
"175213","1005","4.5"
"175213","1008","47"
"175214","1004","0.82"
"175214","1005","4.1"
"175214","1003","1.6"
"175214","1008","30"
"175215","1004","1.61"
"175215","1005","1.74"
"175215","1008","33"
"175215","1003","2.86"
"175216","1003","2.47"
"175216","1004","0.04"
"175216","1005","4.14"
"175216","1008","28"
"175217","1003","2.47"
"175217","1005","8.51"
"175217","1008","44"
"175217","1004","0.04"
"175218","1004","1.65"
"175218","1005","3.29"
"175218","1008","41"
"175218","1003","2.88"
"175219","1003","2.47"
"175219","1004","1.44"
"175219","1005","4.12"
"175219","1008","41"
"175220","1004","2.06"
"175220","1005","3.29"
"175220","1008","45"
"175220","1003","2.88"
"175221","1003","2.47"
"175221","1004","1.44"
"175221","1005","4.53"
"175221","1008","41"
"175222","1004","1.44"
"175222","1005","5.76"
"175222","1008","41"
"175222","1003","2.47"
"175223","1003","2.88"
"175223","1004","1.65"
"175223","1005","1.65"
"175223","1008","33"
"175224","1004","1.44"
"175224","1005","10.29"
"175224","1008","62"
"175224","1003","2.06"
"175225","1003","2.64"
"175225","1004","1.76"
"175225","1005","13.66"
"175225","1008","79"
"175226","1004","1.76"
"175226","1005","14.71"
"175226","1008","88"
"175226","1003","2.94"
"175227","1003","2.64"
"175227","1004","1.76"
"175227","1005","9.69"
"175227","1008","66"
"175228","1004","1.18"
"175228","1005","18.24"
"175228","1008","94"
"175228","1003","2.35"
"175229","1003","2.35"
"175229","1004","1.18"
"175229","1005","17.65"
"175229","1008","88"
"175230","1004","1.18"
"175230","1005","17.06"
"175230","1008","88"
"175230","1003","2.35"
"175231","1003","0"
"175231","1004","6.67"
"175231","1005","6.67"
"175231","1008","100"
"175232","1004","6.67"
"175232","1005","20"
"175232","1008","133"
"175232","1003","0"
"175233","1004","3.4"
"175233","1008","74"
"175233","1003","9.19"
"175233","1005","1.71"
"175234","1004","5.9"
"175234","1005","2.16"
"175234","1008","115"
"175234","1003","13.24"
"175235","1004","4.6"
"175235","1008","88"
"175235","1003","10.07"
"175235","1005","1.53"
"175236","1004","4.2"
"175236","1008","80"
"175236","1005","1.52"
"175236","1003","9.08"
"175237","1003","8.86"
"175237","1004","0.54"
"175237","1005","23.71"
"175237","1008","132"
"175238","1003","6.03"
"175238","1004","0.29"
"175238","1005","16.55"
"175238","1008","91"
"175239","1004","0.35"
"175239","1005","24.35"
"175239","1008","130"
"175239","1003","8.18"
"175240","1003","9.34"
"175240","1004","0.46"
"175240","1005","24.46"
"175240","1008","136"
"175241","1004","0.76"
"175241","1005","24.02"
"175241","1008","129"
"175241","1003","7.05"
"175242","1005","22.8"
"175242","1008","127"
"175242","1004","0.5"
"175242","1003","8.67"
"175243","1003","8.12"
"175243","1004","0.93"
"175243","1005","20.8"
"175243","1008","121"
"175244","1003","9.49"
"175244","1004","0.17"
"175244","1005","21.85"
"175244","1008","123"
"175245","1003","5.22"
"175245","1004","0.36"
"175245","1005","14.83"
"175245","1008","81"
"175246","1004","0.64"
"175246","1005","25.81"
"175246","1008","142"
"175246","1003","8.97"
"175247","1004","0.56"
"175247","1005","15.18"
"175247","1008","82"
"175247","1003","4.6"
"175248","1005","25.28"
"175248","1003","9.16"
"175248","1008","144"
"175248","1004","1.08"
"175249","1005","25.09"
"175249","1008","139"
"175249","1003","9.73"
"175249","1004","0.35"
"175250","1003","4.92"
"175250","1004","1.95"
"175250","1005","13.49"
"175250","1008","88"
"175251","1003","8.13"
"175251","1004","0.71"
"175251","1005","20.32"
"175251","1008","117"
"175252","1005","20.76"
"175252","1008","116"
"175252","1004","0.53"
"175252","1003","7.73"
"175253","1003","8.14"
"175253","1004","0.58"
"175253","1005","20.7"
"175253","1008","117"
"175254","1005","19.54"
"175254","1008","114"
"175254","1004","0.38"
"175254","1003","9.02"
"175255","1005","19.15"
"175255","1008","105"
"175255","1003","7.02"
"175255","1004","0.38"
"175256","1005","18.34"
"175256","1008","105"
"175256","1004","0.55"
"175256","1003","7.54"
"175257","1005","20.51"
"175257","1008","116"
"175257","1003","8.34"
"175257","1004","0.39"
"175258","1003","28.03"
"175258","1004","52.5"
"175258","1005","15.26"
"175258","1008","599"
"175259","1003","23.43"
"175259","1004","23.88"
"175259","1005","0"
"175259","1008","315"
"175260","1003","20.65"
"175260","1004","8.61"
"175260","1008","160"
"175260","1005","0"
"175261","1004","10.63"
"175261","1008","193"
"175261","1003","24.43"
"175261","1005","0"
"175262","1003","16.16"
"175262","1004","22.89"
"175262","1005","0.24"
"175262","1008","272"
"175263","1003","28.21"
"175263","1004","26.27"
"175263","1005","0"
"175263","1008","357"
"175264","1008","154"
"175264","1004","8.3"
"175264","1003","19.72"
"175264","1005","0"
"175265","1003","31.9"
"175265","1004","6.58"
"175265","1005","0"
"175265","1008","196"
"175266","1004","67.83"
"175266","1005","0"
"175266","1008","638"
"175266","1003","6.02"
"175267","1003","9.42"
"175267","1004","66.74"
"175267","1005","0"
"175267","1008","642"
"175268","1004","3.08"
"175268","1005","0"
"175268","1008","117"
"175268","1003","20.98"
"175269","1003","21.28"
"175269","1004","1.76"
"175269","1005","0"
"175269","1008","107"
"175270","1004","5.09"
"175270","1005","0"
"175270","1008","203"
"175270","1003","36.71"
"175271","1005","9.84"
"175271","1008","216"
"175271","1003","28.41"
"175271","1004","6.27"
"175272","1004","4.62"
"175272","1005","0"
"175272","1008","183"
"175272","1003","33.17"
"175273","1003","33.57"
"175273","1004","9.15"
"175273","1005","0"
"175273","1008","226"
"175274","1004","6.94"
"175274","1005","0"
"175274","1008","175"
"175274","1003","26.32"
"175275","1003","18.86"
"175275","1004","9.01"
"175275","1005","0"
"175275","1008","162"
"175276","1004","12.53"
"175276","1005","0"
"175276","1008","251"
"175276","1003","32.43"
"175277","1003","19.27"
"175277","1004","5.28"
"175277","1005","0"
"175277","1008","130"
"175278","1004","10.14"
"175278","1005","0"
"175278","1008","228"
"175278","1003","32.06"
"175279","1003","25.32"
"175279","1004","8.42"
"175279","1005","0"
"175279","1008","184"
"175280","1004","3"
"175280","1005","0"
"175280","1008","112"
"175280","1003","19.79"
"175281","1003","25.46"
"175281","1004","8.25"
"175281","1005","0"
"175281","1008","183"
"175282","1004","2.16"
"175282","1005","0"
"175282","1008","105"
"175282","1003","20.04"
"175283","1003","35.73"
"175283","1004","5.33"
"175283","1005","0"
"175283","1008","201"
"175284","1004","5.81"
"175284","1005","0"
"175284","1008","164"
"175284","1003","26.13"
"175285","1004","6.88"
"175285","1005","0"
"175285","1008","171"
"175285","1003","25.64"
"175286","1003","19.07"
"175286","1004","7.81"
"175286","1005","0"
"175286","1008","152"
"175287","1004","13.14"
"175287","1005","0"
"175287","1008","252"
"175287","1003","31.26"
"175288","1003","25.14"
"175288","1004","10.45"
"175288","1005","0"
"175288","1008","202"
"175289","1004","4.31"
"175289","1005","0"
"175289","1008","188"
"175289","1003","34.94"
"175290","1005","0"
"175290","1003","18.58"
"175290","1008","197"
"175290","1004","13.06"
"175291","1004","7.56"
"175291","1005","0"
"175291","1008","172"
"175291","1003","24.38"
"175292","1003","22.38"
"175292","1004","2.03"
"175292","1005","0"
"175292","1008","114"
"175293","1005","0.05"
"175293","1008","146"
"175293","1004","7.21"
"175293","1003","20.23"
"175294","1003","24.05"
"175294","1004","4.8"
"175294","1005","0"
"175294","1008","146"
"175295","1004","6.96"
"175295","1005","0"
"175295","1008","212"
"175295","1003","34.85"
"175296","1003","23.3"
"175296","1004","4.8"
"175296","1005","0"
"175296","1008","143"
"175297","1003","21.51"
"175297","1004","3.33"
"175297","1005","0"
"175297","1008","122"
"175298","1004","4.38"
"175298","1005","0"
"175298","1008","160"
"175298","1003","28.3"
"175299","1003","20.39"
"175299","1004","1.37"
"175299","1005","0"
"175299","1008","99"
"175300","1004","1.8"
"175300","1005","0"
"175300","1008","131"
"175300","1003","26.83"
"175301","1003","22.95"
"175301","1004","1.45"
"175301","1005","0"
"175301","1008","111"
"175302","1004","1.9"
"175302","1005","0"
"175302","1008","146"
"175302","1003","30.19"
"175303","1003","20.6"
"175303","1004","2.31"
"175303","1005","0"
"175303","1008","109"
"175304","1008","143"
"175304","1004","3.03"
"175304","1005","0"
"175304","1003","27.1"
