"fdc_id","nutrient_id","amount"
"2705384","204","2.14"
"2705384","208","52"
"2705384","205","4.83"
"2705384","203","3.33"
"2705385","205","4.63"
"2705385","204","3.2"
"2705385","203","3.27"
"2705385","208","61"
"2705386","203","3.36"
"2705386","208","50"
"2705386","205","4.9"
"2705386","204","1.9"
"2705387","205","5.18"
"2705387","204","0.95"
"2705387","208","43"
"2705387","203","3.38"
"2705388","208","34"
"2705388","205","4.92"
"2705388","203","3.43"
"2705388","204","0.08"
"2705389","208","43"
"2705389","205","5.18"
"2705389","204","0.95"
"2705389","203","3.38"
"2705390","208","34"
"2705390","205","4.92"
"2705390","203","3.43"
"2705390","204","0.08"
"2705391","203","3.36"
"2705391","204","1.9"
"2705391","208","50"
"2705391","205","4.9"
"2705392","204","3.2"
"2705392","205","4.63"
"2705392","208","61"
"2705392","203","3.27"
"2705393","205","4.81"
"2705393","204","1.08"
"2705393","203","3.46"
"2705393","208","43"
"2705394","204","0.96"
"2705394","205","7.48"
"2705394","208","52"
"2705394","203","3.59"
"2705395","204","4.14"
"2705395","205","4.45"
"2705395","208","69"
"2705395","203","3.56"
"2705396","208","32"
"2705396","203","3.2"
"2705396","204","0.07"
"2705396","205","4.6"
"2705397","204","4.08"
"2705397","203","4.01"
"2705397","205","5.86"
"2705397","208","76"
"2705398","208","134"
"2705398","203","6.81"
"2705398","205","10.04"
"2705398","204","7.56"
"2705399","203","6.81"
"2705399","204","7.56"
"2705399","205","10.04"
"2705399","208","134"
"2705400","204","1.96"
"2705400","208","92"
"2705400","205","11.15"
"2705400","203","7.42"
"2705401","203","7.55"
"2705401","208","78"
"2705401","205","11.35"
"2705401","204","0.2"
"2705402","204","8.7"
"2705402","208","321"
"2705402","205","54.4"
"2705402","203","7.91"
"2705403","204","1.6"
"2705403","208","31"
"2705403","203","1.14"
"2705403","205","3.04"
"2705404","204","2.05"
"2705404","203","3.41"
"2705404","205","5.22"
"2705404","208","53"
"2705405","203","3.55"
"2705405","208","38"
"2705405","205","1.29"
"2705405","204","2.12"
"2705406","205","8.32"
"2705406","208","64"
"2705406","204","2.03"
"2705406","203","3.35"
"2705407","208","30"
"2705407","204","1.18"
"2705407","205","4.31"
"2705407","203","0.53"
"2705408","204","1.2"
"2705408","205","7.44"
"2705408","203","0.57"
"2705408","208","43"
"2705409","208","15"
"2705409","204","1.22"
"2705409","203","0.55"
"2705409","205","0.34"
"2705410","208","20"
"2705410","205","1.53"
"2705410","204","1.21"
"2705410","203","0.54"
"2705411","208","47"
"2705411","205","9.17"
"2705411","203","0.28"
"2705411","204","0.97"
"2705412","208","45"
"2705412","205","5.37"
"2705412","203","0.66"
"2705412","204","2.33"
"2705413","203","0.21"
"2705413","204","2.08"
"2705413","205","2.92"
"2705413","208","31"
"2705414","203","6.67"
"2705414","208","94"
"2705414","204","2.87"
"2705414","205","10.22"
"2705415","208","91"
"2705415","203","9.11"
"2705415","205","10.78"
"2705415","204","1.33"
"2705416","203","4.57"
"2705416","208","93"
"2705416","205","15.69"
"2705416","204","1.34"
"2705417","205","7.04"
"2705417","204","1.55"
"2705417","203","5.25"
"2705417","208","63"
"2705418","205","5.57"
"2705418","208","78"
"2705418","203","3.82"
"2705418","204","4.48"
"2705419","204","1.55"
"2705419","208","63"
"2705419","203","5.25"
"2705419","205","7.04"
"2705420","205","8.08"
"2705420","203","4.23"
"2705420","208","50"
"2705420","204","0.09"
"2705421","208","67"
"2705421","204","1.36"
"2705421","203","10.2"
"2705421","205","3.6"
"2705422","205","4.75"
"2705422","204","4.39"
"2705422","203","8.78"
"2705422","208","94"
"2705423","208","67"
"2705423","204","1.36"
"2705423","205","3.6"
"2705423","203","10.2"
"2705424","203","10.3"
"2705424","208","59"
"2705424","205","3.64"
"2705424","204","0.37"
"2705425","203","4.57"
"2705425","205","15.69"
"2705425","204","1.34"
"2705425","208","93"
"2705426","205","14.43"
"2705426","203","3.34"
"2705426","204","3.86"
"2705426","208","106"
"2705427","203","4.57"
"2705427","204","1.34"
"2705427","205","15.69"
"2705427","208","93"
"2705428","208","46"
"2705428","205","7.64"
"2705428","203","3.64"
"2705428","204","0.08"
"2705429","208","91"
"2705429","205","10.78"
"2705429","203","9.11"
"2705429","204","1.33"
"2705430","204","3.91"
"2705430","208","114"
"2705430","205","11.8"
"2705430","203","7.85"
"2705431","208","91"
"2705431","205","10.78"
"2705431","204","1.33"
"2705431","203","9.11"
"2705432","203","9.21"
"2705432","204","0.34"
"2705432","208","83"
"2705432","205","10.81"
"2705433","205","13.02"
"2705433","208","82"
"2705433","204","1.36"
"2705433","203","4.51"
"2705434","208","95"
"2705434","204","3.88"
"2705434","203","3.28"
"2705434","205","11.76"
"2705435","203","4.51"
"2705435","208","82"
"2705435","205","13.02"
"2705435","204","1.36"
"2705436","205","7.94"
"2705436","204","0.08"
"2705436","203","3.64"
"2705436","208","47"
"2705437","204","1.34"
"2705437","203","9.07"
"2705437","208","81"
"2705437","205","8.18"
"2705438","205","9.21"
"2705438","204","3.92"
"2705438","203","7.81"
"2705438","208","104"
"2705439","203","9.07"
"2705439","205","8.18"
"2705439","208","81"
"2705439","204","1.34"
"2705440","205","8.22"
"2705440","203","9.17"
"2705440","204","0.34"
"2705440","208","73"
"2705441","203","9.22"
"2705441","208","149"
"2705441","204","3.67"
"2705441","205","20.02"
"2705442","203","3.65"
"2705442","208","74"
"2705442","205","12.55"
"2705442","204","1.07"
"2705443","203","4.34"
"2705443","205","13.68"
"2705443","208","81"
"2705443","204","1.03"
"2705444","205","3.33"
"2705444","203","7.93"
"2705444","204","15.99"
"2705444","208","189"
"2705445","204","12.91"
"2705445","208","160"
"2705445","205","4.06"
"2705445","203","6.82"
"2705446","204","16.09"
"2705446","208","195"
"2705446","203","8.48"
"2705446","205","4.13"
"2705447","208","159"
"2705447","204","12.96"
"2705447","205","3.59"
"2705447","203","7.02"
"2705448","205","4.1"
"2705448","208","91"
"2705448","203","5.22"
"2705448","204","6"
"2705449","205","3.76"
"2705449","208","191"
"2705449","204","16.03"
"2705449","203","8.16"
"2705450","205","16.08"
"2705450","203","5.25"
"2705450","204","2.18"
"2705450","208","104"
"2705451","205","21.6"
"2705451","204","3.6"
"2705451","203","3"
"2705451","208","127"
"2705452","204","3.6"
"2705452","203","3"
"2705452","205","21.6"
"2705452","208","127"
"2705453","203","3"
"2705453","208","131"
"2705453","205","21.6"
"2705453","204","3.6"
"2705454","208","159"
"2705454","203","4"
"2705454","205","24.2"
"2705454","204","5.6"
"2705455","205","24.87"
"2705455","203","4.31"
"2705455","204","5.76"
"2705455","208","160"
"2705456","203","3.9"
"2705456","205","34.38"
"2705456","208","204"
"2705456","204","6.25"
"2705457","208","127"
"2705457","204","3.6"
"2705457","205","21.6"
"2705457","203","3"
"2705458","204","3.6"
"2705458","205","21.6"
"2705458","208","131"
"2705458","203","3"
"2705459","204","3.73"
"2705459","205","23.9"
"2705459","208","142"
"2705459","203","3.2"
"2705460","205","23.9"
"2705460","208","139"
"2705460","203","3.2"
"2705460","204","3.73"
"2705461","203","3.29"
"2705461","208","143"
"2705461","205","25.28"
"2705461","204","3.61"
"2705462","204","3.61"
"2705462","205","25.28"
"2705462","208","147"
"2705462","203","3.29"
"2705463","208","75"
"2705463","203","4.9"
"2705463","205","9.08"
"2705463","204","2.15"
"2705464","204","4.48"
"2705464","205","5.57"
"2705464","208","78"
"2705464","203","3.82"
"2705465","208","98"
"2705465","203","3.48"
"2705465","205","11.9"
"2705465","204","4.04"
"2705466","205","10.98"
"2705466","208","65"
"2705466","204","0.83"
"2705466","203","3.44"
"2705467","208","83"
"2705467","205","10.34"
"2705467","204","3.39"
"2705467","203","3.17"
"2705468","204","1.9"
"2705468","208","76"
"2705468","203","2.99"
"2705468","205","12.13"
"2705469","204","0"
"2705469","205","13.46"
"2705469","208","67"
"2705469","203","3.39"
"2705470","208","64"
"2705470","203","3.46"
"2705470","204","1.11"
"2705470","205","10.15"
"2705471","208","65"
"2705471","203","3.09"
"2705471","205","8.56"
"2705471","204","1.99"
"2705472","203","1.82"
"2705472","204","1.04"
"2705472","205","13.9"
"2705472","208","72"
"2705473","204","1.54"
"2705473","205","16.53"
"2705473","208","91"
"2705473","203","2.73"
"2705474","203","2.79"
"2705474","204","0.06"
"2705474","205","16.55"
"2705474","208","78"
"2705475","204","1.3"
"2705475","205","15.02"
"2705475","208","76"
"2705475","203","0.93"
"2705476","203","2.7"
"2705476","208","101"
"2705476","205","16.25"
"2705476","204","2.8"
"2705477","204","2.15"
"2705477","205","10.09"
"2705477","203","3.41"
"2705477","208","74"
"2705478","203","1.35"
"2705478","204","1.64"
"2705478","208","54"
"2705478","205","8.41"
"2705479","205","8.38"
"2705479","208","73"
"2705479","203","3.04"
"2705479","204","2.92"
"2705480","208","63"
"2705480","203","3.11"
"2705480","204","1.78"
"2705480","205","8.62"
"2705481","208","57"
"2705481","204","0.95"
"2705481","205","8.87"
"2705481","203","3.13"
"2705482","203","3.18"
"2705482","205","8.64"
"2705482","204","0.19"
"2705482","208","49"
"2705483","204","0.54"
"2705483","203","0.9"
"2705483","208","54"
"2705483","205","11.27"
"2705484","208","97"
"2705484","204","2.18"
"2705484","203","3.81"
"2705484","205","15.51"
"2705485","208","83"
"2705485","203","3.87"
"2705485","205","15.53"
"2705485","204","0.61"
"2705486","204","1.92"
"2705486","203","1.88"
"2705486","205","13.9"
"2705486","208","81"
"2705487","203","0.94"
"2705487","208","65"
"2705487","205","11.2"
"2705487","204","1.83"
"2705488","205","5.87"
"2705488","203","1.26"
"2705488","208","31"
"2705488","204","0.24"
"2705489","208","77"
"2705489","205","10.37"
"2705489","204","1.99"
"2705489","203","4.35"
"2705490","204","1.48"
"2705490","203","1.19"
"2705490","208","54"
"2705490","205","8.92"
"2705491","205","10.44"
"2705491","204","1.73"
"2705491","208","69"
"2705491","203","2.99"
"2705492","203","4.41"
"2705492","204","0.32"
"2705492","208","62"
"2705492","205","10.39"
"2705493","203","3.05"
"2705493","205","10.45"
"2705493","208","56"
"2705493","204","0.25"
"2705494","208","59"
"2705494","204","1.72"
"2705494","205","8.66"
"2705494","203","2.31"
"2705495","203","3.2"
"2705495","205","8.54"
"2705495","204","2.06"
"2705495","208","65"
"2705496","203","3.03"
"2705496","204","2.97"
"2705496","208","86"
"2705496","205","11.79"
"2705497","205","10.7"
"2705497","204","1.8"
"2705497","203","3.16"
"2705497","208","71"
"2705498","208","69"
"2705498","205","12.3"
"2705498","204","0.89"
"2705498","203","3.13"
"2705499","205","12.06"
"2705499","203","3.18"
"2705499","208","61"
"2705499","204","0.09"
"2705500","204","2.1"
"2705500","203","3.27"
"2705500","205","6.72"
"2705500","208","59"
"2705501","203","3.19"
"2705501","205","8.64"
"2705501","208","66"
"2705501","204","2.05"
"2705502","203","4.55"
"2705502","208","88"
"2705502","204","4.19"
"2705502","205","8.05"
"2705503","204","6.14"
"2705503","205","13.53"
"2705503","208","120"
"2705503","203","3.47"
"2705504","208","113"
"2705504","204","5.98"
"2705504","205","11.39"
"2705504","203","3.35"
"2705505","204","3.31"
"2705505","208","97"
"2705505","205","12.93"
"2705505","203","3.99"
"2705506","208","92"
"2705506","205","13.83"
"2705506","204","2.33"
"2705506","203","3.88"
"2705507","205","13.64"
"2705507","204","6.11"
"2705507","208","125"
"2705507","203","3.76"
"2705508","204","6.66"
"2705508","208","150"
"2705508","203","3.7"
"2705508","205","20.36"
"2705509","205","19.59"
"2705509","208","148"
"2705509","203","3.37"
"2705509","204","6.52"
"2705510","204","6.66"
"2705510","203","3.7"
"2705510","205","20.36"
"2705510","208","150"
"2705511","205","19.59"
"2705511","204","6.52"
"2705511","203","3.37"
"2705511","208","148"
"2705512","203","2.33"
"2705512","204","1.45"
"2705512","208","75"
"2705512","205","13.15"
"2705513","208","66"
"2705513","203","2.32"
"2705513","204","1.1"
"2705513","205","11.98"
"2705514","208","66"
"2705514","203","2.32"
"2705514","204","1.1"
"2705514","205","11.98"
"2705515","205","10.04"
"2705515","208","79"
"2705515","203","7.35"
"2705515","204","1.24"
"2705516","205","15.05"
"2705516","203","0.86"
"2705516","208","65"
"2705516","204","0.14"
"2705517","204","0.4"
"2705517","208","49"
"2705517","203","0.64"
"2705517","205","10.68"
"2705518","204","3.56"
"2705518","203","1.38"
"2705518","208","66"
"2705518","205","7.12"
"2705519","208","65"
"2705519","204","3.6"
"2705519","205","6.9"
"2705519","203","1.37"
"2705520","203","1.8"
"2705520","208","67"
"2705520","204","3.63"
"2705520","205","6.77"
"2705521","205","6.77"
"2705521","204","3.63"
"2705521","208","67"
"2705521","203","1.8"
"2705522","208","66"
"2705522","204","3.62"
"2705522","205","6.87"
"2705522","203","1.37"
"2705523","208","66"
"2705523","205","6.87"
"2705523","204","3.62"
"2705523","203","1.37"
"2705524","205","6.87"
"2705524","204","3.62"
"2705524","203","1.37"
"2705524","208","66"
"2705525","203","1.37"
"2705525","208","66"
"2705525","205","6.87"
"2705525","204","3.62"
"2705526","204","3.53"
"2705526","203","1.4"
"2705526","205","6.99"
"2705526","208","65"
"2705527","208","65"
"2705527","205","6.99"
"2705527","204","3.53"
"2705527","203","1.4"
"2705528","204","3.53"
"2705528","205","6.99"
"2705528","203","1.4"
"2705528","208","65"
"2705529","204","3.53"
"2705529","203","1.4"
"2705529","208","65"
"2705529","205","6.99"
"2705530","204","3.48"
"2705530","208","65"
"2705530","205","6.9"
"2705530","203","1.38"
"2705531","208","65"
"2705531","204","3.48"
"2705531","205","6.9"
"2705531","203","1.38"
"2705532","204","3.11"
"2705532","203","1.73"
"2705532","208","58"
"2705532","205","5.87"
"2705533","208","66"
"2705533","204","3.49"
"2705533","205","7.36"
"2705533","203","1.43"
"2705534","204","3.49"
"2705534","208","66"
"2705534","203","1.4"
"2705534","205","7.38"
"2705535","204","3.49"
"2705535","203","1.4"
"2705535","205","7.38"
"2705535","208","66"
"2705536","203","1.4"
"2705536","205","7.38"
"2705536","204","3.49"
"2705536","208","66"
"2705537","205","7.38"
"2705537","203","1.4"
"2705537","204","3.49"
"2705537","208","66"
"2705538","205","7.43"
"2705538","204","3.24"
"2705538","208","65"
"2705538","203","1.6"
"2705539","204","3.24"
"2705539","205","7.43"
"2705539","208","65"
"2705539","203","1.6"
"2705540","208","67"
"2705540","205","7.31"
"2705540","203","1.51"
"2705540","204","3.49"
"2705541","205","7.31"
"2705541","208","67"
"2705541","203","1.51"
"2705541","204","3.49"
"2705542","205","7.31"
"2705542","208","67"
"2705542","203","1.51"
"2705542","204","3.49"
"2705543","204","3.49"
"2705543","203","1.51"
"2705543","208","67"
"2705543","205","7.31"
"2705544","208","67"
"2705544","205","7"
"2705544","204","3.52"
"2705544","203","1.7"
"2705545","203","2.86"
"2705545","208","99"
"2705545","204","4.77"
"2705545","205","11.15"
"2705546","208","62"
"2705546","205","6.43"
"2705546","203","1.72"
"2705546","204","3.32"
"2705547","208","62"
"2705547","204","3.32"
"2705547","205","6.43"
"2705547","203","1.72"
"2705548","204","4.77"
"2705548","203","2.86"
"2705548","205","11.15"
"2705548","208","99"
"2705549","204","3.33"
"2705549","205","7.26"
"2705549","203","1.49"
"2705549","208","65"
"2705550","205","7.3"
"2705550","203","1.45"
"2705550","204","3.34"
"2705550","208","66"
"2705551","205","7.3"
"2705551","204","3.34"
"2705551","208","66"
"2705551","203","1.45"
"2705552","205","7.3"
"2705552","204","3.34"
"2705552","203","1.45"
"2705552","208","66"
"2705553","203","1.45"
"2705553","208","66"
"2705553","204","3.34"
"2705553","205","7.3"
"2705554","208","66"
"2705554","205","7.3"
"2705554","204","3.34"
"2705554","203","1.45"
"2705555","204","3.32"
"2705555","208","62"
"2705555","205","6.43"
"2705555","203","1.72"
"2705556","205","7.34"
"2705556","203","1.96"
"2705556","208","71"
"2705556","204","3.78"
"2705557","204","3.78"
"2705557","203","1.96"
"2705557","205","7.34"
"2705557","208","71"
"2705558","205","7.12"
"2705558","203","1.38"
"2705558","204","3.56"
"2705558","208","66"
"2705559","203","1.38"
"2705559","208","66"
"2705559","204","3.56"
"2705559","205","7.12"
"2705560","208","66"
"2705560","205","7.12"
"2705560","204","3.56"
"2705560","203","1.38"
"2705561","205","7.12"
"2705561","208","66"
"2705561","204","3.56"
"2705561","203","1.38"
"2705562","203","1.38"
"2705562","208","66"
"2705562","205","7.12"
"2705562","204","3.56"
"2705563","208","66"
"2705563","203","1.46"
"2705563","205","7.15"
"2705563","204","3.51"
"2705564","208","65"
"2705564","205","7.17"
"2705564","204","3.36"
"2705564","203","1.49"
"2705565","204","3.49"
"2705565","203","1.64"
"2705565","205","7.07"
"2705565","208","66"
"2705566","205","7.07"
"2705566","208","66"
"2705566","203","1.64"
"2705566","204","3.49"
"2705567","204","3.49"
"2705567","205","7.07"
"2705567","203","1.64"
"2705567","208","66"
"2705568","203","1.64"
"2705568","205","7.07"
"2705568","208","66"
"2705568","204","3.49"
"2705569","204","3.53"
"2705569","205","6.73"
"2705569","208","65"
"2705569","203","1.58"
"2705570","203","1.58"
"2705570","204","3.53"
"2705570","205","6.73"
"2705570","208","65"
"2705571","205","6.73"
"2705571","208","65"
"2705571","203","1.58"
"2705571","204","3.53"
"2705572","205","6.73"
"2705572","208","65"
"2705572","203","1.58"
"2705572","204","3.53"
"2705573","203","1.76"
"2705573","205","6.67"
"2705573","208","66"
"2705573","204","3.6"
"2705574","208","64"
"2705574","204","3.28"
"2705574","205","7.12"
"2705574","203","1.6"
"2705575","208","64"
"2705575","203","1.6"
"2705575","204","3.28"
"2705575","205","7.12"
"2705576","203","1.6"
"2705576","208","64"
"2705576","205","7.12"
"2705576","204","3.28"
"2705577","203","1.6"
"2705577","205","7.12"
"2705577","204","3.28"
"2705577","208","64"
"2705578","204","3.51"
"2705578","203","1.61"
"2705578","205","6.9"
"2705578","208","66"
"2705579","208","67"
"2705579","203","1.82"
"2705579","204","3.49"
"2705579","205","6.94"
"2705580","203","1.82"
"2705580","204","3.49"
"2705580","205","6.94"
"2705580","208","67"
"2705581","205","6.76"
"2705581","203","1.81"
"2705581","204","3.62"
"2705581","208","67"
"2705582","205","6.76"
"2705582","203","1.81"
"2705582","208","67"
"2705582","204","3.62"
"2705583","205","7.21"
"2705583","208","66"
"2705583","203","1.8"
"2705583","204","3.36"
"2705584","208","66"
"2705584","203","1.43"
"2705584","204","3.6"
"2705584","205","6.9"
"2705585","204","0.77"
"2705585","203","36.16"
"2705585","208","362"
"2705585","205","51.98"
"2705586","208","353"
"2705586","204","1.07"
"2705586","203","12.93"
"2705586","205","74.46"
"2705587","204","13.7"
"2705587","203","19.6"
"2705587","208","228"
"2705587","205","57.9"
"2705588","204","2.27"
"2705588","203","4.55"
"2705588","208","400"
"2705588","205","90.28"
"2705589","204","4.5"
"2705589","203","9.09"
"2705589","205","68.31"
"2705589","208","350"
"2705590","204","0"
"2705590","203","0"
"2705590","205","92.96"
"2705590","208","372"
"2705591","204","0.2"
"2705591","203","0.1"
"2705591","208","389"
"2705591","205","99.1"
"2705592","205","4.3"
"2705592","208","131"
"2705592","203","3.13"
"2705592","204","11.5"
"2705593","208","195"
"2705593","205","3.66"
"2705593","204","19.1"
"2705593","203","2.96"
"2705594","203","3.13"
"2705594","208","131"
"2705594","204","11.5"
"2705594","205","4.3"
"2705595","208","130"
"2705595","204","11.28"
"2705595","205","4.5"
"2705595","203","3.07"
"2705596","203","2.6"
"2705596","208","59"
"2705596","204","1.4"
"2705596","205","9"
"2705597","204","35.56"
"2705597","205","3.8"
"2705597","208","343"
"2705597","203","2.02"
"2705598","204","33.45"
"2705598","208","346"
"2705598","205","9.49"
"2705598","203","1.9"
"2705599","208","136"
"2705599","204","9.97"
"2705599","205","11.38"
"2705599","203","1"
"2705600","208","136"
"2705600","205","11.38"
"2705600","203","1"
"2705600","204","9.97"
"2705601","208","251"
"2705601","205","35.07"
"2705601","203","0.69"
"2705601","204","13.5"
"2705602","204","3.5"
"2705602","205","9.1"
"2705602","203","0.8"
"2705602","208","71"
"2705603","205","31.72"
"2705603","208","154"
"2705603","203","0.6"
"2705603","204","2.7"
"2705604","208","71"
"2705604","205","9.1"
"2705604","203","0.8"
"2705604","204","3.5"
"2705605","204","3.5"
"2705605","208","71"
"2705605","203","0.8"
"2705605","205","9.1"
"2705606","203","2.48"
"2705606","208","529"
"2705606","204","32.92"
"2705606","205","59.29"
"2705607","208","482"
"2705607","204","21.47"
"2705607","203","0.68"
"2705607","205","75.42"
"2705608","204","15.7"
"2705608","203","1.9"
"2705608","205","73.4"
"2705608","208","431"
"2705609","208","529"
"2705609","205","59.29"
"2705609","204","32.92"
"2705609","203","2.48"
"2705610","208","136"
"2705610","204","9.97"
"2705610","203","1"
"2705610","205","11.38"
"2705611","203","1.25"
"2705611","208","318"
"2705611","204","25.31"
"2705611","205","23.05"
"2705612","204","13.1"
"2705612","205","23.6"
"2705612","203","3"
"2705612","208","224"
"2705613","204","13.1"
"2705613","208","224"
"2705613","205","23.6"
"2705613","203","3"
"2705614","204","17.99"
"2705614","205","5.56"
"2705614","208","196"
"2705614","203","3.07"
"2705615","204","10.6"
"2705615","205","7.1"
"2705615","203","3.5"
"2705615","208","136"
"2705616","208","74"
"2705616","204","0"
"2705616","203","3.1"
"2705616","205","15.6"
"2705617","205","6.63"
"2705617","204","19.52"
"2705617","208","208"
"2705617","203","2.4"
"2705618","208","432"
"2705618","203","2.55"
"2705618","204","45.18"
"2705618","205","3.94"
"2705619","204","45.08"
"2705619","203","1.99"
"2705619","208","426"
"2705619","205","3.15"
"2705620","204","15.15"
"2705620","208","195"
"2705620","205","13.2"
"2705620","203","1.82"
"2705621","204","35.77"
"2705621","208","346"
"2705621","203","2.15"
"2705621","205","3.92"
"2705622","208","166"
"2705622","205","11.87"
"2705622","204","12.36"
"2705622","203","2"
"2705623","203","2.55"
"2705623","208","432"
"2705623","204","45.18"
"2705623","205","3.94"
"2705624","208","201"
"2705624","203","2.35"
"2705624","205","13.95"
"2705624","204","15.25"
"2705625","205","3.44"
"2705625","208","345"
"2705625","203","2.35"
"2705625","204","35.83"
"2705626","208","165"
"2705626","203","2.2"
"2705626","204","12.41"
"2705626","205","11.42"
"2705627","203","2.23"
"2705627","204","45.12"
"2705627","205","3.57"
"2705627","208","429"
"2705628","203","2.04"
"2705628","205","13.6"
"2705628","208","198"
"2705628","204","15.19"
"2705629","203","3.57"
"2705629","208","221"
"2705629","204","11.3"
"2705629","205","26.36"
"2705630","203","3.5"
"2705630","204","11"
"2705630","205","23.6"
"2705630","208","207"
"2705631","204","11.76"
"2705631","205","30.51"
"2705631","208","242"
"2705631","203","3.67"
"2705632","205","28.2"
"2705632","204","11"
"2705632","208","216"
"2705632","203","3.8"
"2705633","203","3.93"
"2705633","204","11.76"
"2705633","208","249"
"2705633","205","34.39"
"2705634","205","29.46"
"2705634","203","4.78"
"2705634","204","4.83"
"2705634","208","180"
"2705635","205","25.7"
"2705635","208","187"
"2705635","204","7.19"
"2705635","203","5"
"2705636","205","22.29"
"2705636","203","3.5"
"2705636","208","249"
"2705636","204","16.2"
"2705637","204","16.98"
"2705637","208","251"
"2705637","203","4.72"
"2705637","205","19.78"
"2705638","205","37.12"
"2705638","208","358"
"2705638","204","25.26"
"2705638","203","2.11"
"2705639","204","24.1"
"2705639","203","4.1"
"2705639","205","24.5"
"2705639","208","331"
"2705640","205","30.9"
"2705640","204","20.2"
"2705640","208","323"
"2705640","203","4.4"
"2705641","203","4.41"
"2705641","204","23.89"
"2705641","205","25.17"
"2705641","208","329"
"2705642","208","264"
"2705642","205","35.88"
"2705642","204","11.8"
"2705642","203","4.28"
"2705643","203","4.5"
"2705643","208","270"
"2705643","204","11.8"
"2705643","205","39.33"
"2705644","205","43.35"
"2705644","204","14.11"
"2705644","208","317"
"2705644","203","4.61"
"2705645","208","215"
"2705645","204","10.84"
"2705645","205","25.82"
"2705645","203","3.68"
"2705646","208","218"
"2705646","204","10.58"
"2705646","205","27.16"
"2705646","203","3.76"
"2705647","203","3.75"
"2705647","208","229"
"2705647","204","11.13"
"2705647","205","28.47"
"2705648","203","3.97"
"2705648","204","10.84"
"2705648","208","224"
"2705648","205","30.23"
"2705649","203","4.04"
"2705649","205","31.49"
"2705649","208","227"
"2705649","204","10.58"
"2705650","205","31.44"
"2705650","208","189"
"2705650","204","4.91"
"2705650","203","4.91"
"2705651","203","5.12"
"2705651","205","27.83"
"2705651","204","7.18"
"2705651","208","196"
"2705652","203","4.96"
"2705652","204","4.77"
"2705652","205","32.67"
"2705652","208","193"
"2705653","204","6.99"
"2705653","208","200"
"2705653","203","5.17"
"2705653","205","29.14"
"2705654","203","5.21"
"2705654","205","34.38"
"2705654","208","354"
"2705654","204","21.88"
"2705655","208","353"
"2705655","204","21.8"
"2705655","203","5.35"
"2705655","205","34.62"
"2705656","203","0.92"
"2705656","205","14.02"
"2705656","204","2.9"
"2705656","208","85"
"2705657","203","1"
"2705657","204","2.9"
"2705657","205","15.23"
"2705657","208","87"
"2705658","203","3.7"
"2705658","204","11.16"
"2705658","205","31.94"
"2705658","208","243"
"2705659","204","9.2"
"2705659","208","221"
"2705659","205","32.7"
"2705659","203","2.72"
"2705660","203","2.42"
"2705660","204","6.88"
"2705660","208","199"
"2705660","205","32.59"
"2705661","205","31.94"
"2705661","208","243"
"2705661","204","11.16"
"2705661","203","3.7"
"2705662","205","30.63"
"2705662","203","2.95"
"2705662","208","213"
"2705662","204","9.18"
"2705663","208","282"
"2705663","205","32.77"
"2705663","204","15.16"
"2705663","203","3.94"
"2705664","205","25.44"
"2705664","208","174"
"2705664","203","4.38"
"2705664","204","6.14"
"2705665","208","174"
"2705665","203","4.38"
"2705665","204","6.14"
"2705665","205","25.44"
"2705666","203","4.27"
"2705666","205","26.24"
"2705666","204","6.46"
"2705666","208","180"
"2705667","203","4"
"2705667","208","176"
"2705667","204","6.06"
"2705667","205","26.18"
"2705668","208","239"
"2705668","203","4.93"
"2705668","205","37.26"
"2705668","204","8.15"
"2705669","208","243"
"2705669","203","4.85"
"2705669","204","8.4"
"2705669","205","37.86"
"2705670","205","18.76"
"2705670","203","3.23"
"2705670","204","16.65"
"2705670","208","236"
"2705671","204","16.62"
"2705671","205","19.15"
"2705671","203","3.39"
"2705671","208","236"
"2705672","203","3.31"
"2705672","204","16.86"
"2705672","208","240"
"2705672","205","19.74"
"2705673","203","1.54"
"2705673","205","32.75"
"2705673","204","3.08"
"2705673","208","165"
"2705674","204","3.67"
"2705674","205","29.99"
"2705674","208","163"
"2705674","203","2.56"
"2705675","203","5.41"
"2705675","208","223"
"2705675","205","34.23"
"2705675","204","7.3"
"2705676","203","5.32"
"2705676","205","34.87"
"2705676","208","227"
"2705676","204","7.56"
"2705677","203","1.1"
"2705677","208","144"
"2705677","204","2"
"2705677","205","30.4"
"2705678","203","3.67"
"2705678","204","1.87"
"2705678","208","124"
"2705678","205","23.11"
"2705679","203","2.09"
"2705679","204","4.6"
"2705679","208","142"
"2705679","205","23.01"
"2705680","203","5.6"
"2705680","208","156"
"2705680","205","23.53"
"2705680","204","4.86"
"2705681","203","1.45"
"2705681","205","22.6"
"2705681","208","130"
"2705681","204","3.78"
"2705682","204","3.64"
"2705682","205","10.97"
"2705682","203","5.08"
"2705682","208","97"
"2705683","208","178"
"2705683","205","28.24"
"2705683","203","5.23"
"2705683","204","4.94"
"2705684","203","4.06"
"2705684","205","17.85"
"2705684","204","2.83"
"2705684","208","113"
"2705685","208","108"
"2705685","204","2.15"
"2705685","203","3.23"
"2705685","205","18.39"
"2705686","204","3.11"
"2705686","208","144"
"2705686","205","25.13"
"2705686","203","3.58"
"2705687","203","1.95"
"2705687","204","3.88"
"2705687","205","21.69"
"2705687","208","130"
"2705688","203","2.78"
"2705688","208","106"
"2705688","205","19.38"
"2705688","204","1.89"
"2705689","205","20.32"
"2705689","204","2.1"
"2705689","208","113"
"2705689","203","3.14"
"2705690","203","3.18"
"2705690","204","2.07"
"2705690","205","9.53"
"2705690","208","70"
"2705691","203","3.48"
"2705691","205","10.48"
"2705691","204","2.16"
"2705691","208","76"
"2705692","203","1.45"
"2705692","204","3.78"
"2705692","205","22.6"
"2705692","208","130"
"2705693","204","2.07"
"2705693","203","3.18"
"2705693","205","9.53"
"2705693","208","70"
"2705694","208","142"
"2705694","204","4.6"
"2705694","203","2.09"
"2705694","205","23.01"
"2705695","204","2.16"
"2705695","208","76"
"2705695","203","3.48"
"2705695","205","10.48"
"2705696","203","1.95"
"2705696","205","21.69"
"2705696","208","130"
"2705696","204","3.88"
"2705697","203","2.57"
"2705697","204","4.26"
"2705697","208","160"
"2705697","205","28"
"2705698","208","212"
"2705698","203","4.2"
"2705698","205","16.23"
"2705698","204","15.12"
"2705699","204","7.35"
"2705699","205","55.35"
"2705699","203","6.84"
"2705699","208","315"
"2705700","205","40.43"
"2705700","204","11.36"
"2705700","203","5.42"
"2705700","208","284"
"2705701","208","169"
"2705701","205","23.24"
"2705701","204","7.15"
"2705701","203","3.52"
"2705702","204","23.86"
"2705702","208","353"
"2705702","203","5.65"
"2705702","205","29.44"
"2705703","208","144"
"2705703","204","10.2"
"2705703","203","3.84"
"2705703","205","9.21"
"2705704","208","381"
"2705704","204","31.26"
"2705704","203","20.7"
"2705704","205","4.33"
"2705705","205","2.34"
"2705705","208","353"
"2705705","203","21.4"
"2705705","204","28.74"
"2705706","203","23.24"
"2705706","208","371"
"2705706","205","2.79"
"2705706","204","29.68"
"2705707","208","300"
"2705707","205","0.46"
"2705707","203","19.8"
"2705707","204","24.26"
"2705708","203","20.75"
"2705708","205","0.45"
"2705708","204","27.68"
"2705708","208","334"
"2705709","205","2.44"
"2705709","204","34"
"2705709","203","23.3"
"2705709","208","409"
"2705710","208","316"
"2705710","204","20.41"
"2705710","203","27.35"
"2705710","205","2.67"
"2705711","205","7.14"
"2705711","208","157"
"2705711","204","0"
"2705711","203","32.14"
"2705712","205","2.57"
"2705712","203","23.76"
"2705712","204","32.11"
"2705712","208","394"
"2705713","204","32.37"
"2705713","205","2.24"
"2705713","203","23.19"
"2705713","208","393"
"2705714","204","19.08"
"2705714","203","19.71"
"2705714","208","273"
"2705714","205","5.58"
"2705715","204","31.14"
"2705715","208","389"
"2705715","205","1.55"
"2705715","203","25.6"
"2705716","204","29.84"
"2705716","205","0.12"
"2705716","203","21.58"
"2705716","208","364"
"2705717","203","24.94"
"2705717","208","356"
"2705717","204","27.44"
"2705717","205","2.22"
"2705718","204","32.34"
"2705718","208","413"
"2705718","203","29.81"
"2705718","205","0.36"
"2705719","203","20.05"
"2705719","205","0.49"
"2705719","208","327"
"2705719","204","27.25"
"2705720","208","392"
"2705720","205","1.9"
"2705720","204","32.63"
"2705720","203","22.62"
"2705721","204","21.6"
"2705721","208","313"
"2705721","203","28.2"
"2705721","205","0.7"
"2705722","203","23.7"
"2705722","204","20.4"
"2705722","208","296"
"2705722","205","4.44"
"2705723","208","296"
"2705723","205","4.44"
"2705723","203","23.7"
"2705723","204","20.4"
"2705724","205","3.1"
"2705724","208","280"
"2705724","204","17.1"
"2705724","203","27.5"
"2705725","204","0"
"2705725","208","141"
"2705725","205","3.5"
"2705725","203","31.7"
"2705726","204","30.04"
"2705726","208","368"
"2705726","203","23.41"
"2705726","205","1.12"
"2705727","208","271"
"2705727","203","24.7"
"2705727","205","3.5"
"2705727","204","17.6"
"2705728","205","8.36"
"2705728","204","28.75"
"2705728","203","29.87"
"2705728","208","412"
"2705729","204","16.5"
"2705729","203","34.8"
"2705729","205","26.2"
"2705729","208","395"
"2705730","205","8.36"
"2705730","208","412"
"2705730","204","28.75"
"2705730","203","29.87"
"2705731","204","5"
"2705731","203","40"
"2705731","205","40"
"2705731","208","370"
"2705732","203","24.94"
"2705732","204","27.44"
"2705732","205","2.22"
"2705732","208","356"
"2705733","205","2.45"
"2705733","204","28.13"
"2705733","203","23.45"
"2705733","208","357"
"2705734","203","24.7"
"2705734","205","3.5"
"2705734","204","17.6"
"2705734","208","274"
"2705735","205","1.44"
"2705735","204","31"
"2705735","208","393"
"2705735","203","27"
"2705736","205","3.4"
"2705736","204","27.4"
"2705736","208","374"
"2705736","203","28.4"
"2705737","203","28.4"
"2705737","208","179"
"2705737","205","3.4"
"2705737","204","5.1"
"2705738","205","3.4"
"2705738","203","28.4"
"2705738","208","127"
"2705738","204","0"
"2705739","204","32.62"
"2705739","203","24.35"
"2705739","205","1.91"
"2705739","208","398"
"2705740","203","15.86"
"2705740","205","22.46"
"2705740","208","299"
"2705740","204","15.52"
"2705741","205","2.4"
"2705741","208","362"
"2705741","204","29.34"
"2705741","203","21.92"
"2705742","204","19.4"
"2705742","208","282"
"2705742","205","3.41"
"2705742","203","24.69"
"2705743","203","21.44"
"2705743","208","373"
"2705743","204","29.98"
"2705743","205","4.63"
"2705744","203","22.14"
"2705744","204","22.1"
"2705744","205","2.4"
"2705744","208","297"
"2705745","204","23.36"
"2705745","203","18.88"
"2705745","208","298"
"2705745","205","2.96"
"2705746","204","27.24"
"2705746","203","23.84"
"2705746","205","2.72"
"2705746","208","351"
"2705747","205","4.31"
"2705747","208","82"
"2705747","203","11"
"2705747","204","2.3"
"2705748","204","4.22"
"2705748","208","103"
"2705748","205","4.6"
"2705748","203","11.62"
"2705749","208","148"
"2705749","203","10.96"
"2705749","204","9.73"
"2705749","205","4.33"
"2705750","208","148"
"2705750","205","6"
"2705750","203","9.6"
"2705750","204","9.46"
"2705751","205","4.94"
"2705751","208","74"
"2705751","204","1.96"
"2705751","203","9.41"
"2705752","203","9.78"
"2705752","205","5.63"
"2705752","208","79"
"2705752","204","1.98"
"2705753","208","72"
"2705753","205","6.66"
"2705753","203","10.34"
"2705753","204","0.29"
"2705754","208","71"
"2705754","205","6.59"
"2705754","203","10.24"
"2705754","204","0.29"
"2705755","208","298"
"2705755","205","2.96"
"2705755","203","18.88"
"2705755","204","23.36"
"2705756","208","82"
"2705756","203","11"
"2705756","205","4.31"
"2705756","204","2.3"
"2705757","204","1.57"
"2705757","208","85"
"2705757","205","10.3"
"2705757","203","7.3"
"2705758","203","12.4"
"2705758","205","2.7"
"2705758","204","1"
"2705758","208","72"
"2705759","205","4.31"
"2705759","203","11"
"2705759","204","2.3"
"2705759","208","82"
"2705760","204","33.49"
"2705760","203","5.79"
"2705760","205","4.56"
"2705760","208","343"
"2705761","203","8.23"
"2705761","208","275"
"2705761","205","14.09"
"2705761","204","20.55"
"2705762","203","9.09"
"2705762","205","5.59"
"2705762","204","22.66"
"2705762","208","264"
"2705763","204","27.16"
"2705763","203","16.79"
"2705763","205","7.16"
"2705763","208","340"
"2705764","203","16.79"
"2705764","204","27.16"
"2705764","208","340"
"2705764","205","7.16"
"2705765","204","14.1"
"2705765","205","10.6"
"2705765","203","17.6"
"2705765","208","240"
"2705766","204","0"
"2705766","208","126"
"2705766","203","21.05"
"2705766","205","10.53"
"2705767","208","376"
"2705767","203","22.2"
"2705767","204","31.19"
"2705767","205","1.6"
"2705768","203","13.41"
"2705768","205","10.71"
"2705768","204","8.88"
"2705768","208","176"
"2705769","208","105"
"2705769","203","15.69"
"2705769","204","1"
"2705769","205","7.66"
"2705770","204","23.06"
"2705770","205","8.85"
"2705770","208","307"
"2705770","203","16.09"
"2705771","208","356"
"2705771","205","3.48"
"2705771","204","31.7"
"2705771","203","14.14"
"2705772","208","307"
"2705772","204","23.06"
"2705772","203","16.09"
"2705772","205","8.85"
"2705773","203","16.41"
"2705773","208","290"
"2705773","205","8.73"
"2705773","204","21.23"
"2705774","204","21.23"
"2705774","203","16.41"
"2705774","205","8.73"
"2705774","208","290"
"2705775","208","295"
"2705775","203","7.1"
"2705775","205","3.5"
"2705775","204","28.6"
"2705776","205","8.73"
"2705776","204","21.23"
"2705776","203","16.41"
"2705776","208","290"
"2705777","204","32"
"2705777","205","1"
"2705777","203","25"
"2705777","208","390"
"2705778","204","2.27"
"2705778","203","6.82"
"2705778","205","9.03"
"2705778","208","83"
"2705779","208","75"
"2705779","204","1.74"
"2705779","203","5.32"
"2705779","205","9.91"
"2705780","203","8.03"
"2705780","208","85"
"2705780","205","7.11"
"2705780","204","2.8"
"2705781","205","4.84"
"2705781","208","441"
"2705781","204","38.88"
"2705781","203","17.89"
"2705782","203","3.86"
"2705782","205","5.78"
"2705782","208","331"
"2705782","204","32.67"
"2705783","204","32.76"
"2705783","208","329"
"2705783","205","5.07"
"2705783","203","4.21"
"2705784","208","337"
"2705784","205","4.2"
"2705784","203","6.18"
"2705784","204","32.8"
"2705785","204","9.51"
"2705785","208","143"
"2705785","205","11.14"
"2705785","203","3.14"
"2705786","208","163"
"2705786","203","3.14"
"2705786","205","7.86"
"2705786","204","13.27"
"2705787","204","14.67"
"2705787","205","7.62"
"2705787","208","230"
"2705787","203","16.86"
"2705788","203","15.59"
"2705788","208","247"
"2705788","204","15.61"
"2705788","205","12.18"
"2705789","204","24.52"
"2705789","208","321"
"2705789","205","5.65"
"2705789","203","19.19"
"2705790","205","7.66"
"2705790","204","22.03"
"2705790","208","299"
"2705790","203","17.55"
"2705791","205","1.95"
"2705791","204","21.2"
"2705791","203","19.32"
"2705791","208","276"
"2705792","203","9.43"
"2705792","205","6.38"
"2705792","204","16.01"
"2705792","208","207"
"2705793","204","12.26"
"2705793","203","7.5"
"2705793","205","6.32"
"2705793","208","165"
"2705794","203","12.46"
"2705794","205","31.89"
"2705794","208","297"
"2705794","204","13.29"
"2705795","203","12.46"
"2705795","208","297"
"2705795","205","31.89"
"2705795","204","13.29"
"2705796","203","13.62"
"2705796","208","295"
"2705796","205","29.67"
"2705796","204","13.52"
"2705797","208","325"
"2705797","203","15.14"
"2705797","205","29.95"
"2705797","204","16.11"
"2705798","204","16.34"
"2705798","203","16.3"
"2705798","205","27.72"
"2705798","208","323"
"2705799","204","7.92"
"2705799","208","256"
"2705799","203","12.79"
"2705799","205","33.31"
"2705800","208","254"
"2705800","203","13.95"
"2705800","204","8.14"
"2705800","205","31.08"
"2705801","203","11.03"
"2705801","205","28.09"
"2705801","208","343"
"2705801","204","20.78"
"2705802","204","20.78"
"2705802","205","28.09"
"2705802","208","343"
"2705802","203","11.03"
"2705803","208","341"
"2705803","203","12.05"
"2705803","204","20.98"
"2705803","205","26.13"
"2705804","203","13.38"
"2705804","205","26.38"
"2705804","204","23.26"
"2705804","208","368"
"2705805","205","24.42"
"2705805","208","366"
"2705805","204","23.46"
"2705805","203","14.4"
"2705806","208","307"
"2705806","204","16.05"
"2705806","203","11.32"
"2705806","205","29.33"
"2705807","204","16.25"
"2705807","208","305"
"2705807","205","27.38"
"2705807","203","12.34"
"2705808","208","163"
"2705808","205","7.86"
"2705808","203","3.14"
"2705808","204","13.27"
"2705809","205","1.77"
"2705809","208","150"
"2705809","204","15"
"2705809","203","2.12"
"2705810","208","122"
"2705810","204","11.54"
"2705810","205","2.65"
"2705810","203","2.07"
"2705811","205","1.44"
"2705811","208","171"
"2705811","204","15.34"
"2705811","203","6.52"
"2705812","203","6.47"
"2705812","208","148"
"2705812","205","2.15"
"2705812","204","12.53"
"2705813","204","13.6"
"2705813","203","6.87"
"2705813","205","1.44"
"2705813","208","156"
"2705814","208","133"
"2705814","203","6.83"
"2705814","205","2.15"
"2705814","204","10.79"
"2705815","205","1.99"
"2705815","208","145"
"2705815","204","12.46"
"2705815","203","5.91"
"2705816","208","122"
"2705816","205","2.7"
"2705816","204","9.66"
"2705816","203","5.87"
"2705817","203","14.75"
"2705817","205","25.14"
"2705817","204","18.33"
"2705817","208","325"
"2705818","203","7.17"
"2705818","208","139"
"2705818","205","3.86"
"2705818","204","10.87"
"2705819","208","215"
"2705819","204","11.29"
"2705819","205","0"
"2705819","203","27.13"
"2705820","208","262"
"2705820","205","0"
"2705820","203","25.62"
"2705820","204","17.04"
"2705821","203","12.58"
"2705821","205","1.25"
"2705821","208","112"
"2705821","204","5.99"
"2705822","204","13.04"
"2705822","208","231"
"2705822","203","27.13"
"2705822","205","0"
"2705823","203","26.95"
"2705823","208","230"
"2705823","205","0"
"2705823","204","12.99"
"2705824","208","229"
"2705824","204","12.88"
"2705824","205","0"
"2705824","203","27"
"2705825","204","13.43"
"2705825","205","0.21"
"2705825","208","225"
"2705825","203","25.97"
"2705826","208","187"
"2705826","204","7.1"
"2705826","205","0"
"2705826","203","28.83"
"2705827","203","29.13"
"2705827","204","14.09"
"2705827","208","243"
"2705827","205","0"
"2705828","203","24.99"
"2705828","205","0"
"2705828","204","17.73"
"2705828","208","260"
"2705829","208","289"
"2705829","205","0"
"2705829","203","23.5"
"2705829","204","21.64"
"2705830","208","230"
"2705830","205","0"
"2705830","203","26.47"
"2705830","204","13.83"
"2705831","204","4.25"
"2705831","208","166"
"2705831","205","0"
"2705831","203","29.72"
"2705832","204","13.98"
"2705832","203","27.14"
"2705832","205","0"
"2705832","208","239"
"2705833","205","0"
"2705833","208","262"
"2705833","204","16.65"
"2705833","203","26.23"
"2705834","203","28.05"
"2705834","205","0"
"2705834","208","216"
"2705834","204","11.32"
"2705835","208","239"
"2705835","203","27.14"
"2705835","205","0"
"2705835","204","13.98"
"2705836","208","262"
"2705836","203","26.23"
"2705836","204","16.65"
"2705836","205","0"
"2705837","204","11.32"
"2705837","208","216"
"2705837","205","0"
"2705837","203","28.05"
"2705838","203","26.16"
"2705838","205","0"
"2705838","204","15.56"
"2705838","208","252"
"2705839","203","25.2"
"2705839","205","0"
"2705839","208","274"
"2705839","204","18.42"
"2705840","204","12.69"
"2705840","208","230"
"2705840","203","27.12"
"2705840","205","0"
"2705841","208","196"
"2705841","204","8.25"
"2705841","203","30.46"
"2705841","205","0"
"2705842","203","19.9"
"2705842","204","21.05"
"2705842","208","306"
"2705842","205","7.94"
"2705843","205","0"
"2705843","208","257"
"2705843","204","16.46"
"2705843","203","25.9"
"2705844","204","16.46"
"2705844","205","0"
"2705844","208","257"
"2705844","203","25.9"
"2705845","204","14.1"
"2705845","205","12.13"
"2705845","203","18.2"
"2705845","208","253"
"2705846","204","16.46"
"2705846","208","257"
"2705846","205","0"
"2705846","203","25.9"
"2705847","208","206"
"2705847","203","29.08"
"2705847","205","0"
"2705847","204","9.72"
"2705848","203","28.39"
"2705848","205","0"
"2705848","204","15.35"
"2705848","208","251"
"2705849","203","28.39"
"2705849","205","0"
"2705849","208","251"
"2705849","204","15.35"
"2705850","205","0.47"
"2705850","204","18.98"
"2705850","208","251"
"2705850","203","18.17"
"2705851","204","12.04"
"2705851","208","231"
"2705851","205","0"
"2705851","203","29.41"
"2705852","205","0"
"2705852","203","18.26"
"2705852","208","326"
"2705852","204","27.59"
"2705853","204","14.88"
"2705853","203","18.44"
"2705853","208","213"
"2705853","205","0"
"2705854","204","16.82"
"2705854","205","0"
"2705854","203","25.55"
"2705854","208","261"
"2705855","204","18.18"
"2705855","203","25.45"
"2705855","208","272"
"2705855","205","0"
"2705856","204","34.4"
"2705856","205","1.4"
"2705856","203","31.3"
"2705856","208","449"
"2705857","204","41.78"
"2705857","205","1.43"
"2705857","203","37.04"
"2705857","208","541"
"2705858","205","2.76"
"2705858","208","153"
"2705858","204","1.94"
"2705858","203","31.1"
"2705859","203","28.12"
"2705859","204","11.32"
"2705859","205","2.5"
"2705859","208","225"
"2705860","203","33.2"
"2705860","205","11"
"2705860","204","25.6"
"2705860","208","410"
"2705861","204","2.52"
"2705861","203","12.03"
"2705861","205","2.43"
"2705861","208","81"
"2705862","203","27.14"
"2705862","204","8.67"
"2705862","208","192"
"2705862","205","0"
"2705863","208","299"
"2705863","205","0"
"2705863","204","21.22"
"2705863","203","26.92"
"2705864","208","271"
"2705864","204","18.33"
"2705864","205","0"
"2705864","203","24.57"
"2705865","203","35"
"2705865","205","9.73"
"2705865","208","412"
"2705865","204","24.73"
"2705866","205","0"
"2705866","208","183"
"2705866","203","27.5"
"2705866","204","7.55"
"2705867","208","195"
"2705867","205","0.01"
"2705867","203","26.97"
"2705867","204","9.17"
"2705868","205","0"
"2705868","203","28.03"
"2705868","208","171"
"2705868","204","5.94"
"2705869","208","219"
"2705869","204","9.18"
"2705869","205","7.2"
"2705869","203","25.54"
"2705870","204","10.58"
"2705870","203","25.06"
"2705870","208","229"
"2705870","205","7.16"
"2705871","208","208"
"2705871","204","7.74"
"2705871","203","25.99"
"2705871","205","7.16"
"2705872","204","9.04"
"2705872","205","7.82"
"2705872","208","190"
"2705872","203","18.37"
"2705873","203","25.93"
"2705873","208","247"
"2705873","205","0"
"2705873","204","15.08"
"2705874","208","264"
"2705874","205","0.01"
"2705874","204","17.36"
"2705874","203","25.15"
"2705875","204","12.8"
"2705875","203","26.71"
"2705875","208","230"
"2705875","205","0"
"2705876","208","275"
"2705876","203","24.16"
"2705876","204","15.8"
"2705876","205","7.2"
"2705877","208","134"
"2705877","204","3.38"
"2705877","203","24.65"
"2705877","205","0.09"
"2705878","203","19.04"
"2705878","208","117"
"2705878","205","1.58"
"2705878","204","3.87"
"2705879","203","27.8"
"2705879","205","0.3"
"2705879","204","8.32"
"2705879","208","195"
"2705880","208","167"
"2705880","203","20.94"
"2705880","205","0.49"
"2705880","204","8.43"
"2705881","203","20.94"
"2705881","208","167"
"2705881","204","8.43"
"2705881","205","0.49"
"2705882","205","0"
"2705882","204","7.49"
"2705882","208","181"
"2705882","203","26.63"
"2705883","203","13.07"
"2705883","204","28.39"
"2705883","205","4.49"
"2705883","208","329"
"2705884","203","28.31"
"2705884","205","1.8"
"2705884","208","146"
"2705884","204","2.78"
"2705885","203","37.41"
"2705885","204","35.8"
"2705885","205","1.9"
"2705885","208","484"
"2705886","204","20"
"2705886","208","253"
"2705886","205","4.8"
"2705886","203","13.33"
"2705887","204","35.8"
"2705887","208","484"
"2705887","205","1.9"
"2705887","203","37.41"
"2705888","203","37.04"
"2705888","204","41.78"
"2705888","208","541"
"2705888","205","1.43"
"2705889","203","33.92"
"2705889","205","1.7"
"2705889","204","35.09"
"2705889","208","468"
"2705890","204","35.09"
"2705890","205","1.7"
"2705890","208","468"
"2705890","203","33.92"
"2705891","204","41.78"
"2705891","203","37.04"
"2705891","205","1.43"
"2705891","208","541"
"2705892","205","0"
"2705892","203","2.68"
"2705892","208","750"
"2705892","204","81.93"
"2705893","203","16.52"
"2705893","208","254"
"2705893","205","12.13"
"2705893","204","14.97"
"2705894","204","15.12"
"2705894","208","254"
"2705894","203","16.22"
"2705894","205","12.13"
"2705895","204","41.74"
"2705895","208","569"
"2705895","203","45.03"
"2705895","205","0"
"2705896","204","13.78"
"2705896","208","236"
"2705896","203","26.15"
"2705896","205","0"
"2705897","205","0"
"2705897","204","13.78"
"2705897","208","236"
"2705897","203","26.15"
"2705898","205","0"
"2705898","204","15.92"
"2705898","208","236"
"2705898","203","21.77"
"2705899","203","11.63"
"2705899","205","0.01"
"2705899","204","10.02"
"2705899","208","140"
"2705900","203","14.64"
"2705900","208","268"
"2705900","204","22.79"
"2705900","205","1.09"
"2705901","203","26.58"
"2705901","204","32.24"
"2705901","208","404"
"2705901","205","0"
"2705902","203","61.3"
"2705902","204","31.3"
"2705902","208","544"
"2705902","205","0"
"2705903","208","97"
"2705903","205","3.7"
"2705903","203","11.3"
"2705903","204","3.8"
"2705904","208","188"
"2705904","204","14.2"
"2705904","205","1.4"
"2705904","203","13.7"
"2705905","204","20.77"
"2705905","203","24.32"
"2705905","205","0"
"2705905","208","292"
"2705906","208","264"
"2705906","204","16.27"
"2705906","205","0"
"2705906","203","27.36"
"2705907","203","24.55"
"2705907","204","19.49"
"2705907","208","281"
"2705907","205","0"
"2705908","203","26.88"
"2705908","204","3.01"
"2705908","205","0"
"2705908","208","142"
"2705909","204","4.4"
"2705909","208","158"
"2705909","203","29.51"
"2705909","205","0.07"
"2705910","208","213"
"2705910","203","25.62"
"2705910","205","1.5"
"2705910","204","11.69"
"2705911","203","21.54"
"2705911","204","13.59"
"2705911","208","242"
"2705911","205","8.04"
"2705912","204","8.34"
"2705912","205","0"
"2705912","203","30.14"
"2705912","208","204"
"2705913","204","5.26"
"2705913","208","167"
"2705913","203","28.1"
"2705913","205","0"
"2705914","204","2.36"
"2705914","208","149"
"2705914","205","0"
"2705914","203","29.96"
"2705915","203","32.2"
"2705915","208","398"
"2705915","204","22.41"
"2705915","205","14.72"
"2705916","205","0"
"2705916","208","312"
"2705916","203","20.23"
"2705916","204","25.08"
"2705917","205","0"
"2705917","204","0.96"
"2705917","208","133"
"2705917","203","29.04"
"2705918","205","0"
"2705918","204","13.28"
"2705918","203","32.16"
"2705918","208","257"
"2705919","203","29.53"
"2705919","208","166"
"2705919","204","4.38"
"2705919","205","0"
"2705920","204","8.55"
"2705920","203","25.25"
"2705920","208","178"
"2705920","205","0"
"2705921","204","4.34"
"2705921","205","0"
"2705921","208","159"
"2705921","203","28.08"
"2705922","204","10.12"
"2705922","208","219"
"2705922","205","0"
"2705922","203","29.96"
"2705923","203","30.53"
"2705923","208","172"
"2705923","204","4.65"
"2705923","205","0"
"2705924","203","34.57"
"2705924","208","210"
"2705924","204","6.9"
"2705924","205","0"
"2705925","205","0"
"2705925","208","253"
"2705925","204","14.38"
"2705925","203","28.97"
"2705926","204","4.34"
"2705926","205","0"
"2705926","208","159"
"2705926","203","28.08"
"2705927","204","4.34"
"2705927","208","159"
"2705927","203","28.08"
"2705927","205","0"
"2705928","205","0"
"2705928","208","174"
"2705928","204","7.01"
"2705928","203","25.93"
"2705929","204","6.36"
"2705929","205","0"
"2705929","208","164"
"2705929","203","26.79"
"2705930","208","196"
"2705930","204","10.65"
"2705930","205","0.1"
"2705930","203","25.07"
"2705931","203","26.79"
"2705931","204","6.36"
"2705931","208","164"
"2705931","205","0"
"2705932","203","27.32"
"2705932","204","5.32"
"2705932","205","0"
"2705932","208","165"
"2705933","204","10.8"
"2705933","208","203"
"2705933","203","24.7"
"2705933","205","0"
"2705934","208","165"
"2705934","203","27.32"
"2705934","204","5.32"
"2705934","205","0"
"2705935","204","6.36"
"2705935","208","164"
"2705935","205","0"
"2705935","203","26.79"
"2705936","205","0.1"
"2705936","208","196"
"2705936","204","10.65"
"2705936","203","25.07"
"2705937","203","26.79"
"2705937","205","0"
"2705937","204","6.36"
"2705937","208","164"
"2705938","208","156"
"2705938","205","0"
"2705938","203","26.03"
"2705938","204","5.38"
"2705939","203","23.58"
"2705939","205","0"
"2705939","204","10.86"
"2705939","208","196"
"2705940","205","0"
"2705940","208","156"
"2705940","203","26.03"
"2705940","204","5.38"
"2705941","205","0"
"2705941","204","7.2"
"2705941","208","179"
"2705941","203","26.74"
"2705942","203","24.19"
"2705942","205","0"
"2705942","208","217"
"2705942","204","12.57"
"2705943","204","7.2"
"2705943","203","26.74"
"2705943","208","179"
"2705943","205","0"
"2705944","203","21.98"
"2705944","205","7.31"
"2705944","208","180"
"2705944","204","6.36"
"2705945","208","211"
"2705945","204","10.74"
"2705945","205","7.31"
"2705945","203","19.89"
"2705946","205","7.31"
"2705946","203","21.98"
"2705946","204","6.36"
"2705946","208","180"
"2705947","203","24.19"
"2705947","204","12.57"
"2705947","205","0"
"2705947","208","217"
"2705948","203","26.74"
"2705948","204","7.2"
"2705948","208","179"
"2705948","205","0"
"2705949","205","7.14"
"2705949","204","15.02"
"2705949","203","21.75"
"2705949","208","251"
"2705950","203","26.18"
"2705950","208","164"
"2705950","204","6.58"
"2705950","205","0.07"
"2705951","205","7.14"
"2705951","204","15.02"
"2705951","208","251"
"2705951","203","21.75"
"2705952","204","6.58"
"2705952","205","0.07"
"2705952","203","26.18"
"2705952","208","164"
"2705953","208","175"
"2705953","204","7.67"
"2705953","203","26.37"
"2705953","205","0.09"
"2705954","205","0"
"2705954","203","28.04"
"2705954","208","144"
"2705954","204","3.57"
"2705955","203","26.25"
"2705955","205","0"
"2705955","208","192"
"2705955","204","8.8"
"2705956","208","161"
"2705956","205","0"
"2705956","203","30.22"
"2705956","204","3.52"
"2705957","203","26.37"
"2705957","205","0.09"
"2705957","208","175"
"2705957","204","7.67"
"2705958","204","3.57"
"2705958","205","0"
"2705958","203","28.04"
"2705958","208","144"
"2705959","204","10.6"
"2705959","203","25.67"
"2705959","205","0"
"2705959","208","206"
"2705960","203","29.56"
"2705960","204","5.44"
"2705960","208","176"
"2705960","205","0"
"2705961","203","25.32"
"2705961","204","10.45"
"2705961","208","204"
"2705961","205","0.31"
"2705962","205","0.31"
"2705962","204","5.38"
"2705962","203","29.13"
"2705962","208","175"
"2705963","204","7.67"
"2705963","208","175"
"2705963","205","0.09"
"2705963","203","26.37"
"2705964","205","0"
"2705964","204","3.57"
"2705964","208","144"
"2705964","203","28.04"
"2705965","203","24.7"
"2705965","208","181"
"2705965","204","8.28"
"2705965","205","0"
"2705966","205","0"
"2705966","203","27.96"
"2705966","204","3.26"
"2705966","208","149"
"2705967","204","10.62"
"2705967","205","0"
"2705967","203","25.72"
"2705967","208","206"
"2705968","208","176"
"2705968","204","5.45"
"2705968","205","0"
"2705968","203","29.62"
"2705969","203","21.15"
"2705969","208","202"
"2705969","204","9.15"
"2705969","205","7.34"
"2705970","203","24.33"
"2705970","208","178"
"2705970","204","4.93"
"2705970","205","7.34"
"2705971","205","0"
"2705971","203","25.72"
"2705971","208","206"
"2705971","204","10.62"
"2705972","205","0"
"2705972","204","5.45"
"2705972","203","29.62"
"2705972","208","176"
"2705973","208","243"
"2705973","204","14.11"
"2705973","205","6.01"
"2705973","203","21.46"
"2705974","204","5.45"
"2705974","208","176"
"2705974","203","29.62"
"2705974","205","0"
"2705975","203","24.56"
"2705975","204","9.99"
"2705975","208","219"
"2705975","205","6.01"
"2705976","203","20.58"
"2705976","205","7.21"
"2705976","208","250"
"2705976","204","14.79"
"2705977","208","176"
"2705977","204","5.45"
"2705977","203","29.62"
"2705977","205","0"
"2705978","203","19.32"
"2705978","204","16.95"
"2705978","205","10.72"
"2705978","208","273"
"2705979","205","6.01"
"2705979","204","10.78"
"2705979","208","213"
"2705979","203","22.77"
"2705980","204","9.9"
"2705980","205","4.01"
"2705980","208","207"
"2705980","203","23.75"
"2705981","208","176"
"2705981","203","29.62"
"2705981","204","5.45"
"2705981","205","0"
"2705982","205","0.12"
"2705982","208","218"
"2705982","203","23.77"
"2705982","204","13.63"
"2705983","208","185"
"2705983","204","9.15"
"2705983","205","0"
"2705983","203","25.54"
"2705984","208","214"
"2705984","205","0"
"2705984","203","23.16"
"2705984","204","12.81"
"2705985","205","0"
"2705985","204","7.13"
"2705985","208","168"
"2705985","203","24.41"
"2705986","203","23.77"
"2705986","204","13.63"
"2705986","208","218"
"2705986","205","0.12"
"2705987","204","9.15"
"2705987","203","25.54"
"2705987","205","0"
"2705987","208","185"
"2705988","203","22.45"
"2705988","205","0"
"2705988","204","13.44"
"2705988","208","211"
"2705989","203","24.1"
"2705989","204","7.5"
"2705989","208","164"
"2705989","205","0"
"2705990","208","228"
"2705990","203","22.65"
"2705990","204","14.52"
"2705990","205","0"
"2705991","203","23.87"
"2705991","204","8.96"
"2705991","208","183"
"2705991","205","0"
"2705992","208","220"
"2705992","204","12.32"
"2705992","203","18.64"
"2705992","205","7.28"
"2705993","204","7.79"
"2705993","208","183"
"2705993","205","7.28"
"2705993","203","19.63"
"2705994","204","14.52"
"2705994","203","22.65"
"2705994","208","228"
"2705994","205","0"
"2705995","205","0"
"2705995","204","8.96"
"2705995","203","23.87"
"2705995","208","183"
"2705996","204","17.2"
"2705996","205","5.98"
"2705996","208","260"
"2705996","203","19.04"
"2705997","204","8.98"
"2705997","205","0"
"2705997","203","23.92"
"2705997","208","183"
"2705998","203","20.99"
"2705998","205","3.98"
"2705998","208","226"
"2705998","204","13.4"
"2705999","203","23.87"
"2705999","205","0"
"2705999","204","8.96"
"2705999","208","183"
"2706000","205","0.12"
"2706000","208","206"
"2706000","203","25.65"
"2706000","204","11.46"
"2706001","204","6.76"
"2706001","203","27.71"
"2706001","208","172"
"2706001","205","0"
"2706002","203","23.21"
"2706002","205","0"
"2706002","208","190"
"2706002","204","10.09"
"2706003","205","0"
"2706003","204","5.67"
"2706003","208","154"
"2706003","203","24.1"
"2706004","204","11.46"
"2706004","203","25.65"
"2706004","205","0.12"
"2706004","208","206"
"2706005","205","0"
"2706005","203","27.71"
"2706005","204","6.76"
"2706005","208","172"
"2706006","205","0"
"2706006","208","203"
"2706006","203","22.66"
"2706006","204","11.83"
"2706007","204","7.51"
"2706007","205","0"
"2706007","208","168"
"2706007","203","23.52"
"2706008","204","11.46"
"2706008","205","0.12"
"2706008","208","206"
"2706008","203","25.65"
"2706009","208","172"
"2706009","204","6.76"
"2706009","203","27.71"
"2706009","205","0"
"2706010","205","0"
"2706010","204","11.85"
"2706010","203","22.7"
"2706010","208","204"
"2706011","205","0"
"2706011","204","7.53"
"2706011","203","23.57"
"2706011","208","169"
"2706012","204","10.15"
"2706012","208","200"
"2706012","203","18.68"
"2706012","205","7.28"
"2706013","203","19.39"
"2706013","208","172"
"2706013","205","7.28"
"2706013","204","6.62"
"2706014","208","186"
"2706014","205","0"
"2706014","203","22.54"
"2706014","204","10.64"
"2706015","208","148"
"2706015","204","5.9"
"2706015","205","0"
"2706015","203","23.71"
"2706016","205","0"
"2706016","208","204"
"2706016","204","11.85"
"2706016","203","22.7"
"2706017","208","169"
"2706017","203","23.57"
"2706017","204","7.53"
"2706017","205","0"
"2706018","204","15.07"
"2706018","203","19.08"
"2706018","205","5.98"
"2706018","208","241"
"2706019","205","0"
"2706019","204","7.54"
"2706019","208","169"
"2706019","203","23.61"
"2706020","204","11.6"
"2706020","203","19.73"
"2706020","208","212"
"2706020","205","5.96"
"2706021","203","18.3"
"2706021","208","247"
"2706021","205","7.15"
"2706021","204","15.66"
"2706022","208","169"
"2706022","203","23.57"
"2706022","205","0"
"2706022","204","7.53"
"2706023","204","18.76"
"2706023","203","17.77"
"2706023","205","12.14"
"2706023","208","288"
"2706024","203","21.82"
"2706024","208","213"
"2706024","205","6.12"
"2706024","204","11.21"
"2706025","205","3.98"
"2706025","208","205"
"2706025","203","21.04"
"2706025","204","11.01"
"2706026","208","169"
"2706026","205","0"
"2706026","203","23.57"
"2706026","204","7.53"
"2706027","204","15.08"
"2706027","208","226"
"2706027","203","22.51"
"2706027","205","0.12"
"2706028","204","10.74"
"2706028","208","193"
"2706028","203","24.09"
"2706028","205","0"
"2706029","205","0"
"2706029","208","231"
"2706029","204","14.62"
"2706029","203","23.12"
"2706030","208","178"
"2706030","204","8.1"
"2706030","205","0"
"2706030","203","24.61"
"2706031","208","226"
"2706031","204","15.08"
"2706031","205","0.12"
"2706031","203","22.51"
"2706032","203","24.09"
"2706032","204","10.74"
"2706032","205","0"
"2706032","208","193"
"2706033","204","16.25"
"2706033","208","243"
"2706033","203","22.57"
"2706033","205","0"
"2706034","204","9.89"
"2706034","203","24.02"
"2706034","205","0"
"2706034","208","192"
"2706035","205","0.12"
"2706035","208","226"
"2706035","204","15.08"
"2706035","203","22.51"
"2706036","208","193"
"2706036","204","10.74"
"2706036","203","24.09"
"2706036","205","0"
"2706037","204","15.31"
"2706037","205","0"
"2706037","208","227"
"2706037","203","22.39"
"2706038","204","8.56"
"2706038","203","24.36"
"2706038","205","0"
"2706038","208","175"
"2706039","204","16.29"
"2706039","208","243"
"2706039","205","0"
"2706039","203","22.61"
"2706040","204","9.91"
"2706040","205","0"
"2706040","203","24.07"
"2706040","208","192"
"2706041","204","13.77"
"2706041","205","7.28"
"2706041","208","233"
"2706041","203","18.61"
"2706042","203","19.8"
"2706042","204","8.56"
"2706042","208","191"
"2706042","205","7.28"
"2706043","205","0"
"2706043","208","243"
"2706043","203","22.61"
"2706043","204","16.29"
"2706044","208","192"
"2706044","204","9.91"
"2706044","205","0"
"2706044","203","24.07"
"2706045","204","18.61"
"2706045","203","19.01"
"2706045","205","5.98"
"2706045","208","273"
"2706046","204","9.93"
"2706046","203","24.12"
"2706046","208","192"
"2706046","205","0"
"2706047","203","20.14"
"2706047","205","5.96"
"2706047","204","13.49"
"2706047","208","231"
"2706048","205","7.15"
"2706048","204","19.01"
"2706048","203","18.23"
"2706048","208","277"
"2706049","204","9.91"
"2706049","203","24.07"
"2706049","208","192"
"2706049","205","0"
"2706050","208","294"
"2706050","204","19.67"
"2706050","203","16.26"
"2706050","205","13"
"2706051","205","6.31"
"2706051","203","19.42"
"2706051","208","218"
"2706051","204","12.8"
"2706052","208","294"
"2706052","204","19.67"
"2706052","203","16.26"
"2706052","205","13"
"2706053","203","19.42"
"2706053","208","218"
"2706053","205","6.31"
"2706053","204","12.8"
"2706054","204","14.99"
"2706054","205","3.98"
"2706054","203","20.96"
"2706054","208","240"
"2706055","205","0"
"2706055","208","192"
"2706055","203","24.07"
"2706055","204","9.91"
"2706056","204","18.04"
"2706056","208","257"
"2706056","205","0.6"
"2706056","203","23.42"
"2706057","205","0"
"2706057","204","16.74"
"2706057","203","23.6"
"2706057","208","252"
"2706058","204","18.04"
"2706058","203","23.42"
"2706058","208","257"
"2706058","205","0.6"
"2706059","203","23.08"
"2706059","204","18.35"
"2706059","205","0"
"2706059","208","264"
"2706060","208","257"
"2706060","204","18.04"
"2706060","205","0.6"
"2706060","203","23.42"
"2706061","203","22.6"
"2706061","205","0"
"2706061","204","16.69"
"2706061","208","247"
"2706062","203","23.13"
"2706062","204","18.39"
"2706062","205","0"
"2706062","208","265"
"2706063","204","15.49"
"2706063","208","250"
"2706063","203","19.03"
"2706063","205","7.28"
"2706064","208","265"
"2706064","204","18.39"
"2706064","203","23.13"
"2706064","205","0"
"2706065","208","289"
"2706065","204","20.24"
"2706065","205","5.96"
"2706065","203","19.39"
"2706066","204","20.59"
"2706066","203","18.62"
"2706066","205","7.15"
"2706066","208","294"
"2706067","204","21.28"
"2706067","208","323"
"2706067","205","15"
"2706067","203","17.77"
"2706068","204","21.28"
"2706068","203","17.77"
"2706068","205","15"
"2706068","208","323"
"2706069","208","260"
"2706069","204","16.87"
"2706069","203","21.42"
"2706069","205","3.98"
"2706070","203","16.78"
"2706070","208","272"
"2706070","205","6.18"
"2706070","204","20.2"
"2706071","203","16.95"
"2706071","208","276"
"2706071","204","17.39"
"2706071","205","13.13"
"2706072","203","17.77"
"2706072","204","21.28"
"2706072","208","323"
"2706072","205","15"
"2706073","208","254"
"2706073","205","2.5"
"2706073","203","17.57"
"2706073","204","19.48"
"2706074","205","9.42"
"2706074","203","17.74"
"2706074","204","16.67"
"2706074","208","258"
"2706075","204","20.59"
"2706075","203","18.62"
"2706075","208","294"
"2706075","205","7.15"
"2706076","205","5.08"
"2706076","204","19.98"
"2706076","208","267"
"2706076","203","17.02"
"2706077","205","12.01"
"2706077","208","271"
"2706077","203","17.19"
"2706077","204","17.17"
"2706078","204","21.07"
"2706078","208","314"
"2706078","205","12.64"
"2706078","203","18.03"
"2706079","205","20.03"
"2706079","203","12.36"
"2706079","208","282"
"2706079","204","16.87"
"2706080","208","232"
"2706080","204","11.82"
"2706080","205","19.98"
"2706080","203","11.39"
"2706081","208","298"
"2706081","205","0"
"2706081","203","25.73"
"2706081","204","20.8"
"2706082","204","17.95"
"2706082","208","245"
"2706082","203","19.45"
"2706082","205","0"
"2706083","204","40.68"
"2706083","205","0"
"2706083","208","454"
"2706083","203","20.36"
"2706084","205","0"
"2706084","203","20.19"
"2706084","204","40.34"
"2706084","208","450"
"2706085","205","0.2"
"2706085","208","215"
"2706085","203","19.4"
"2706085","204","14.6"
"2706086","203","25.3"
"2706086","204","8.1"
"2706086","205","0.9"
"2706086","208","185"
"2706087","208","164"
"2706087","205","0"
"2706087","204","6.33"
"2706087","203","26.68"
"2706088","205","12.84"
"2706088","208","287"
"2706088","204","19.58"
"2706088","203","14.85"
"2706089","204","13.58"
"2706089","205","14.86"
"2706089","203","14.62"
"2706089","208","240"
"2706090","208","151"
"2706090","204","5.81"
"2706090","203","22.31"
"2706090","205","2.36"
"2706091","203","27.14"
"2706091","204","10.31"
"2706091","205","0"
"2706091","208","201"
"2706092","205","14.93"
"2706092","208","307"
"2706092","204","20.36"
"2706092","203","15.92"
"2706093","205","14.93"
"2706093","208","307"
"2706093","204","20.36"
"2706093","203","15.92"
"2706094","204","20.36"
"2706094","208","307"
"2706094","205","14.93"
"2706094","203","15.92"
"2706095","204","12.9"
"2706095","203","15.67"
"2706095","208","270"
"2706095","205","22.86"
"2706096","208","298"
"2706096","205","17.88"
"2706096","203","13.36"
"2706096","204","19.23"
"2706097","208","304"
"2706097","203","15.15"
"2706097","204","20.02"
"2706097","205","15.81"
"2706098","208","271"
"2706098","203","19.22"
"2706098","204","13.95"
"2706098","205","17.25"
"2706099","205","17.25"
"2706099","203","19.22"
"2706099","204","13.95"
"2706099","208","271"
"2706100","205","16.9"
"2706100","203","18.82"
"2706100","208","283"
"2706100","204","15.62"
"2706101","204","12.9"
"2706101","205","22.86"
"2706101","208","270"
"2706101","203","15.67"
"2706102","208","240"
"2706102","205","14.86"
"2706102","204","13.58"
"2706102","203","14.62"
"2706103","208","262"
"2706103","203","17.84"
"2706103","204","13.84"
"2706103","205","16.53"
"2706104","205","0"
"2706104","203","28.81"
"2706104","208","139"
"2706104","204","2.06"
"2706105","205","0"
"2706105","203","28.81"
"2706105","208","139"
"2706105","204","2.06"
"2706106","205","0.03"
"2706106","208","169"
"2706106","204","5.55"
"2706106","203","28.28"
"2706107","204","3.69"
"2706107","203","27.26"
"2706107","205","6.46"
"2706107","208","173"
"2706108","208","200"
"2706108","203","26.78"
"2706108","205","6.48"
"2706108","204","6.84"
"2706109","203","28.81"
"2706109","205","0"
"2706109","208","139"
"2706109","204","2.06"
"2706110","203","28.28"
"2706110","205","0.03"
"2706110","208","169"
"2706110","204","5.55"
"2706111","205","0"
"2706111","203","26.94"
"2706111","208","167"
"2706111","204","5.98"
"2706112","208","202"
"2706112","204","10.16"
"2706112","205","0.05"
"2706112","203","26.46"
"2706113","203","27.99"
"2706113","208","151"
"2706113","205","0"
"2706113","204","3.76"
"2706114","208","183"
"2706114","204","7.54"
"2706114","205","0.04"
"2706114","203","27.48"
"2706115","203","27.22"
"2706115","204","5.06"
"2706115","208","165"
"2706115","205","1.42"
"2706116","204","8.51"
"2706116","205","1.42"
"2706116","208","192"
"2706116","203","26.2"
"2706117","205","0.19"
"2706117","203","31.18"
"2706117","204","2.66"
"2706117","208","158"
"2706118","204","8.52"
"2706118","208","204"
"2706118","203","30.25"
"2706118","205","0.14"
"2706119","203","28.1"
"2706119","204","9.7"
"2706119","205","0"
"2706119","208","208"
"2706120","204","5"
"2706120","208","162"
"2706120","205","0"
"2706120","203","29.3"
"2706121","204","3.38"
"2706121","203","28.52"
"2706121","205","0"
"2706121","208","144"
"2706122","204","9.74"
"2706122","203","27.64"
"2706122","205","0"
"2706122","208","206"
"2706123","204","3.38"
"2706123","203","28.52"
"2706123","205","0"
"2706123","208","144"
"2706124","208","203"
"2706124","204","10.07"
"2706124","203","26.86"
"2706124","205","0"
"2706125","204","9.26"
"2706125","203","24.36"
"2706125","205","0.27"
"2706125","208","182"
"2706126","203","26.94"
"2706126","205","0"
"2706126","204","5.98"
"2706126","208","161"
"2706127","203","22.29"
"2706127","205","0"
"2706127","208","161"
"2706127","204","7.3"
"2706128","204","2.06"
"2706128","203","28.81"
"2706128","205","0"
"2706128","208","139"
"2706129","204","9.97"
"2706129","203","26.87"
"2706129","208","202"
"2706129","205","0"
"2706130","205","0"
"2706130","203","22.25"
"2706130","208","294"
"2706130","204","22.8"
"2706131","205","0"
"2706131","203","25.58"
"2706131","208","203"
"2706131","204","11.26"
"2706132","208","185"
"2706132","205","0.9"
"2706132","203","25.3"
"2706132","204","8.1"
"2706133","205","0"
"2706133","204","11.5"
"2706133","203","26.87"
"2706133","208","211"
"2706134","204","8.66"
"2706134","208","236"
"2706134","205","17.14"
"2706134","203","22.19"
"2706135","204","25.87"
"2706135","205","4.24"
"2706135","203","29.5"
"2706135","208","368"
"2706136","208","253"
"2706136","205","4.8"
"2706136","204","20"
"2706136","203","13.33"
"2706137","204","28.23"
"2706137","203","18.91"
"2706137","208","336"
"2706137","205","0"
"2706138","208","200"
"2706138","205","0"
"2706138","204","11.15"
"2706138","203","23.38"
"2706139","205","0"
"2706139","204","28.23"
"2706139","203","18.91"
"2706139","208","336"
"2706140","205","0"
"2706140","204","11.15"
"2706140","208","200"
"2706140","203","23.38"
"2706141","205","6.47"
"2706141","204","11.76"
"2706141","208","154"
"2706141","203","5.32"
"2706142","203","25.06"
"2706142","205","0"
"2706142","204","21.83"
"2706142","208","304"
"2706143","205","0"
"2706143","204","18.06"
"2706143","203","22.08"
"2706143","208","257"
"2706144","208","133"
"2706144","203","23.11"
"2706144","205","0"
"2706144","204","3.84"
"2706145","203","22.08"
"2706145","205","0"
"2706145","204","18.06"
"2706145","208","257"
"2706146","203","23.11"
"2706146","204","3.84"
"2706146","208","133"
"2706146","205","0"
"2706147","204","12.95"
"2706147","208","212"
"2706147","205","0"
"2706147","203","23.8"
"2706148","205","1.46"
"2706148","208","223"
"2706148","203","23.06"
"2706148","204","13.84"
"2706149","205","0"
"2706149","204","14.04"
"2706149","208","226"
"2706149","203","25"
"2706150","205","0"
"2706150","203","32.26"
"2706150","204","12.05"
"2706150","208","238"
"2706151","208","130"
"2706151","204","7.9"
"2706151","205","0.1"
"2706151","203","13.7"
"2706152","204","6.2"
"2706152","203","11.5"
"2706152","205","1.4"
"2706152","208","111"
"2706153","208","174"
"2706153","203","26.31"
"2706153","204","4.64"
"2706153","205","5.12"
"2706154","205","6.48"
"2706154","208","189"
"2706154","203","20.02"
"2706154","204","8.69"
"2706155","208","201"
"2706155","203","13.45"
"2706155","204","13.1"
"2706155","205","6.55"
"2706156","208","164"
"2706156","203","28.25"
"2706156","205","0.15"
"2706156","204","4.69"
"2706157","203","27.05"
"2706157","204","4.61"
"2706157","208","157"
"2706157","205","0"
"2706158","205","0"
"2706158","204","3.08"
"2706158","203","22.49"
"2706158","208","124"
"2706159","204","10.45"
"2706159","203","11.58"
"2706159","208","150"
"2706159","205","1.47"
"2706160","205","0"
"2706160","208","282"
"2706160","204","22.12"
"2706160","203","19.14"
"2706161","204","25.04"
"2706161","203","21.03"
"2706161","208","317"
"2706161","205","0.32"
"2706162","203","12.6"
"2706162","204","3.85"
"2706162","205","0"
"2706162","208","89"
"2706163","203","12.39"
"2706163","208","231"
"2706163","205","0"
"2706163","204","20.16"
"2706164","204","15.97"
"2706164","203","26.53"
"2706164","208","250"
"2706164","205","0"
"2706165","203","30.15"
"2706165","204","2.66"
"2706165","205","0"
"2706165","208","153"
"2706166","205","2.89"
"2706166","208","310"
"2706166","203","11.7"
"2706166","204","28"
"2706167","205","2.89"
"2706167","208","310"
"2706167","203","11.7"
"2706167","204","28"
"2706168","204","24.18"
"2706168","205","5.02"
"2706168","208","277"
"2706168","203","9.72"
"2706169","204","15.66"
"2706169","203","13.75"
"2706169","208","216"
"2706169","205","5.1"
"2706170","208","223"
"2706170","203","12.23"
"2706170","205","3.81"
"2706170","204","17.29"
"2706171","208","341"
"2706171","205","3.37"
"2706171","203","13.3"
"2706171","204","28.7"
"2706172","203","13.65"
"2706172","208","341"
"2706172","204","28.54"
"2706172","205","3.75"
"2706173","204","34.5"
"2706173","208","379"
"2706173","205","1.29"
"2706173","203","14.6"
"2706174","204","29.18"
"2706174","208","333"
"2706174","205","2.85"
"2706174","203","13.72"
"2706175","205","3.28"
"2706175","208","334"
"2706175","204","28.98"
"2706175","203","14.03"
"2706176","203","10.34"
"2706176","208","281"
"2706176","204","23.77"
"2706176","205","6.31"
"2706177","203","11.8"
"2706177","205","5.2"
"2706177","208","204"
"2706177","204","14.8"
"2706178","204","23.77"
"2706178","208","281"
"2706178","203","10.34"
"2706178","205","6.31"
"2706179","208","341"
"2706179","203","19.3"
"2706179","205","2.63"
"2706179","204","28.1"
"2706180","203","13.83"
"2706180","208","157"
"2706180","205","0"
"2706180","204","10.9"
"2706181","208","307"
"2706181","203","11.1"
"2706181","205","3.2"
"2706181","204","27.7"
"2706182","208","311"
"2706182","205","3.05"
"2706182","203","16.37"
"2706182","204","25.39"
"2706183","203","21.8"
"2706183","205","0.36"
"2706183","208","147"
"2706183","204","5.82"
"2706184","203","18.62"
"2706184","208","115"
"2706184","204","3.69"
"2706184","205","0.64"
"2706185","208","504"
"2706185","205","1.18"
"2706185","204","46.28"
"2706185","203","19.25"
"2706186","208","378"
"2706186","203","21.07"
"2706186","205","0.72"
"2706186","204","31.65"
"2706187","205","1.18"
"2706187","203","19.25"
"2706187","204","46.28"
"2706187","208","504"
"2706188","205","5.03"
"2706188","203","12.45"
"2706188","208","337"
"2706188","204","29.68"
"2706189","203","18.2"
"2706189","208","317"
"2706189","205","2.15"
"2706189","204","26.2"
"2706190","208","325"
"2706190","204","27.25"
"2706190","203","18.53"
"2706190","205","1.42"
"2706191","205","1.42"
"2706191","208","325"
"2706191","204","27.25"
"2706191","203","18.53"
"2706192","208","267"
"2706192","204","20.32"
"2706192","205","0.15"
"2706192","203","20.94"
"2706193","205","13.25"
"2706193","204","11.13"
"2706193","203","19.93"
"2706193","208","233"
"2706194","203","15.92"
"2706194","205","2.4"
"2706194","204","27.98"
"2706194","208","333"
"2706195","205","0.72"
"2706195","204","31.65"
"2706195","208","378"
"2706195","203","21.07"
"2706196","203","19.2"
"2706196","204","9.21"
"2706196","205","1.55"
"2706196","208","172"
"2706197","204","31.65"
"2706197","205","0.72"
"2706197","203","21.07"
"2706197","208","378"
"2706198","203","8.57"
"2706198","208","227"
"2706198","205","14.96"
"2706198","204","14.76"
"2706199","203","17.45"
"2706199","204","30.43"
"2706199","205","3.33"
"2706199","208","362"
"2706200","208","193"
"2706200","203","19.65"
"2706200","205","1.09"
"2706200","204","12.24"
"2706201","205","13.32"
"2706201","204","10.7"
"2706201","203","20.03"
"2706201","208","230"
"2706202","204","23"
"2706202","208","307"
"2706202","203","22.7"
"2706202","205","0.7"
"2706203","205","2.6"
"2706203","208","230"
"2706203","203","10.5"
"2706203","204","19.4"
"2706204","204","25.99"
"2706204","205","2.13"
"2706204","208","314"
"2706204","203","18.06"
"2706205","205","0.27"
"2706205","204","3.73"
"2706205","203","16.7"
"2706205","208","101"
"2706206","203","16.7"
"2706206","205","0.27"
"2706206","208","101"
"2706206","204","3.73"
"2706207","203","16.7"
"2706207","208","101"
"2706207","205","0.27"
"2706207","204","3.73"
"2706208","208","98"
"2706208","204","1.86"
"2706208","203","17.4"
"2706208","205","2.92"
"2706209","208","98"
"2706209","205","2.92"
"2706209","203","17.4"
"2706209","204","1.86"
"2706210","205","1.57"
"2706210","204","4.39"
"2706210","208","117"
"2706210","203","17.99"
"2706211","204","26.6"
"2706211","203","13.4"
"2706211","208","315"
"2706211","205","4.6"
"2706212","203","12.5"
"2706212","204","25.1"
"2706212","205","3.4"
"2706212","208","293"
"2706213","203","14.5"
"2706213","204","28.5"
"2706213","208","327"
"2706213","205","3.1"
"2706214","205","8.46"
"2706214","208","225"
"2706214","203","11.23"
"2706214","204","15.95"
"2706215","205","2.2"
"2706215","203","14.81"
"2706215","204","3.77"
"2706215","208","106"
"2706216","204","3.77"
"2706216","203","14.81"
"2706216","205","2.2"
"2706216","208","106"
"2706217","203","14.81"
"2706217","204","3.77"
"2706217","208","106"
"2706217","205","2.2"
"2706218","205","0.64"
"2706218","208","115"
"2706218","204","3.69"
"2706218","203","18.62"
"2706219","208","115"
"2706219","204","3.69"
"2706219","205","0.64"
"2706219","203","18.62"
"2706220","204","17.34"
"2706220","205","11.94"
"2706220","203","7.66"
"2706220","208","235"
"2706221","203","11.64"
"2706221","204","13.52"
"2706221","208","200"
"2706221","205","7.41"
"2706222","208","216"
"2706222","203","8.68"
"2706222","205","10.64"
"2706222","204","15.53"
"2706223","204","2.34"
"2706223","205","0"
"2706223","208","94"
"2706223","203","17.22"
"2706224","203","19.32"
"2706224","204","14.52"
"2706224","208","238"
"2706224","205","6.64"
"2706225","204","12.39"
"2706225","203","23"
"2706225","208","208"
"2706225","205","0.01"
"2706226","203","20.73"
"2706226","208","223"
"2706226","205","7.79"
"2706226","204","11.67"
"2706227","203","16.05"
"2706227","205","11.72"
"2706227","204","17.23"
"2706227","208","269"
"2706228","203","23.41"
"2706228","208","171"
"2706228","204","8.11"
"2706228","205","0"
"2706229","205","0"
"2706229","208","156"
"2706229","203","23.19"
"2706229","204","6.3"
"2706230","204","0.96"
"2706230","205","0"
"2706230","203","25.23"
"2706230","208","116"
"2706231","205","21.66"
"2706231","208","277"
"2706231","204","16.23"
"2706231","203","11.01"
"2706232","203","28.89"
"2706232","204","9.71"
"2706232","208","210"
"2706232","205","0"
"2706233","204","10.72"
"2706233","208","213"
"2706233","203","19.97"
"2706233","205","7.79"
"2706234","205","11.72"
"2706234","208","255"
"2706234","203","13.49"
"2706234","204","16.68"
"2706235","204","11.91"
"2706235","208","189"
"2706235","205","0.01"
"2706235","203","18.93"
"2706236","203","19.31"
"2706236","204","9.8"
"2706236","208","171"
"2706236","205","0"
"2706237","203","17.24"
"2706237","205","7.79"
"2706237","208","205"
"2706237","204","11.08"
"2706238","204","16.68"
"2706238","203","13.49"
"2706238","205","11.72"
"2706238","208","255"
"2706239","204","7.5"
"2706239","203","19.24"
"2706239","205","0"
"2706239","208","150"
"2706240","208","217"
"2706240","203","13.52"
"2706240","204","12.48"
"2706240","205","11.72"
"2706241","203","18.98"
"2706241","208","126"
"2706241","205","0.01"
"2706241","204","5.04"
"2706242","204","2.79"
"2706242","203","19.36"
"2706242","208","108"
"2706242","205","0"
"2706243","205","7.79"
"2706243","204","5.28"
"2706243","203","17.29"
"2706243","208","152"
"2706244","204","12.48"
"2706244","205","11.72"
"2706244","203","13.52"
"2706244","208","217"
"2706245","205","0"
"2706245","203","19.29"
"2706245","204","0.52"
"2706245","208","87"
"2706246","208","189"
"2706246","205","7.79"
"2706246","204","8.17"
"2706246","203","19.92"
"2706247","203","20.61"
"2706247","204","17.07"
"2706247","208","273"
"2706247","205","7.79"
"2706248","205","0.01"
"2706248","208","128"
"2706248","203","15.42"
"2706248","204","6.93"
"2706249","205","0.01"
"2706249","204","6.93"
"2706249","208","128"
"2706249","203","15.42"
"2706250","205","0"
"2706250","204","4.72"
"2706250","203","15.74"
"2706250","208","109"
"2706251","204","6.87"
"2706251","205","7.79"
"2706251","203","14.29"
"2706251","208","153"
"2706252","205","11.72"
"2706252","208","217"
"2706252","204","13.64"
"2706252","203","11.35"
"2706253","208","88"
"2706253","203","15.68"
"2706253","204","2.44"
"2706253","205","0"
"2706254","208","217"
"2706254","204","12.51"
"2706254","203","14.31"
"2706254","205","11.72"
"2706255","208","126"
"2706255","205","0.01"
"2706255","203","20.26"
"2706255","204","5.1"
"2706256","204","2.84"
"2706256","205","0"
"2706256","203","20.67"
"2706256","208","108"
"2706257","205","7.79"
"2706257","204","5.32"
"2706257","208","152"
"2706257","203","18.37"
"2706258","208","217"
"2706258","203","14.31"
"2706258","205","11.72"
"2706258","204","12.51"
"2706259","204","0.57"
"2706259","208","87"
"2706259","203","20.59"
"2706259","205","0"
"2706260","204","6.24"
"2706260","203","20.73"
"2706260","205","7.79"
"2706260","208","175"
"2706261","203","20.1"
"2706261","208","245"
"2706261","204","14.32"
"2706261","205","7.79"
"2706262","204","18"
"2706262","205","9.64"
"2706262","203","14.19"
"2706262","208","262"
"2706263","208","237"
"2706263","203","24.94"
"2706263","205","0.01"
"2706263","204","14.33"
"2706264","204","14.33"
"2706264","205","0.01"
"2706264","203","24.94"
"2706264","208","237"
"2706265","205","0"
"2706265","204","12.27"
"2706265","208","221"
"2706265","203","25.45"
"2706266","208","245"
"2706266","204","13.12"
"2706266","205","7.79"
"2706266","203","22.32"
"2706267","205","11.72"
"2706267","204","18.17"
"2706267","203","17.17"
"2706267","208","284"
"2706268","205","0"
"2706268","203","23.19"
"2706268","204","6.3"
"2706268","208","156"
"2706269","203","21.56"
"2706269","205","7.79"
"2706269","204","8.82"
"2706269","208","202"
"2706270","203","13.56"
"2706270","205","11.72"
"2706270","208","224"
"2706270","204","13.34"
"2706271","204","6.45"
"2706271","208","139"
"2706271","203","19.03"
"2706271","205","0.01"
"2706272","205","0"
"2706272","208","121"
"2706272","204","4.22"
"2706272","203","19.42"
"2706273","208","163"
"2706273","205","7.79"
"2706273","203","17.33"
"2706273","204","6.46"
"2706274","208","224"
"2706274","205","11.72"
"2706274","203","13.56"
"2706274","204","13.34"
"2706275","208","115"
"2706275","204","1.16"
"2706275","203","24.5"
"2706275","205","0"
"2706276","203","21.47"
"2706276","208","172"
"2706276","205","7.79"
"2706276","204","5.58"
"2706277","208","244"
"2706277","204","16.3"
"2706277","203","22.96"
"2706277","205","0.01"
"2706278","208","244"
"2706278","203","22.96"
"2706278","204","16.3"
"2706278","205","0.01"
"2706279","203","23.43"
"2706279","205","0"
"2706279","204","14.27"
"2706279","208","228"
"2706280","204","14.77"
"2706280","203","20.65"
"2706280","208","252"
"2706280","205","7.79"
"2706281","208","289"
"2706281","205","11.72"
"2706281","204","19.37"
"2706281","203","15.96"
"2706282","203","23.35"
"2706282","208","207"
"2706282","204","11.96"
"2706282","205","0"
"2706283","205","7.79"
"2706283","208","185"
"2706283","204","6.26"
"2706283","203","22.78"
"2706284","208","188"
"2706284","205","0"
"2706284","203","20.44"
"2706284","204","11.16"
"2706285","203","25.4"
"2706285","208","274"
"2706285","204","18.4"
"2706285","205","0.01"
"2706286","203","25.4"
"2706286","208","274"
"2706286","205","0.01"
"2706286","204","18.4"
"2706287","205","0"
"2706287","208","259"
"2706287","204","16.48"
"2706287","203","25.92"
"2706288","205","7.79"
"2706288","208","277"
"2706288","203","22.7"
"2706288","204","16.58"
"2706289","204","20.68"
"2706289","203","17.45"
"2706289","208","307"
"2706289","205","11.72"
"2706290","208","237"
"2706290","203","25.82"
"2706290","205","0"
"2706290","204","14.1"
"2706291","203","24.62"
"2706291","205","0"
"2706291","204","4.21"
"2706291","208","136"
"2706292","203","18.28"
"2706292","208","117"
"2706292","205","0"
"2706292","204","4.32"
"2706293","204","11.45"
"2706293","208","208"
"2706293","205","0"
"2706293","203","24.62"
"2706294","204","7.02"
"2706294","203","22.9"
"2706294","208","161"
"2706294","205","0.01"
"2706295","205","0.01"
"2706295","208","161"
"2706295","203","22.9"
"2706295","204","7.02"
"2706296","208","143"
"2706296","205","0"
"2706296","203","23.37"
"2706296","204","4.8"
"2706297","204","6.95"
"2706297","203","20.6"
"2706297","208","182"
"2706297","205","7.79"
"2706298","204","13.69"
"2706298","205","11.72"
"2706298","203","15.93"
"2706298","208","238"
"2706299","204","2.53"
"2706299","205","0"
"2706299","203","23.28"
"2706299","208","123"
"2706300","208","216"
"2706300","203","23.27"
"2706300","204","9.58"
"2706300","205","7.79"
"2706301","203","21.89"
"2706301","208","231"
"2706301","205","7.79"
"2706301","204","11.82"
"2706302","205","11.72"
"2706302","204","16.87"
"2706302","208","271"
"2706302","203","17.08"
"2706303","205","0.01"
"2706303","204","12.21"
"2706303","208","216"
"2706303","203","24.78"
"2706304","204","10.1"
"2706304","203","25.28"
"2706304","208","199"
"2706304","205","0"
"2706305","204","11.33"
"2706305","205","7.79"
"2706305","203","22.18"
"2706305","208","228"
"2706306","203","17.08"
"2706306","204","16.87"
"2706306","205","11.72"
"2706306","208","271"
"2706307","208","178"
"2706307","204","7.81"
"2706307","203","25.19"
"2706307","205","0"
"2706308","208","109"
"2706308","203","24.4"
"2706308","204","0.49"
"2706308","205","0"
"2706309","208","85"
"2706309","204","0.94"
"2706309","205","0.08"
"2706309","203","19"
"2706310","205","0.01"
"2706310","208","176"
"2706310","204","5.14"
"2706310","203","30.31"
"2706311","204","0.94"
"2706311","203","19"
"2706311","208","85"
"2706311","205","0.08"
"2706312","203","15.84"
"2706312","204","13.17"
"2706312","208","233"
"2706312","205","11.72"
"2706313","208","153"
"2706313","204","6.16"
"2706313","203","22.75"
"2706313","205","0.01"
"2706314","204","3.93"
"2706314","203","23.22"
"2706314","208","134"
"2706314","205","0"
"2706315","205","7.79"
"2706315","208","174"
"2706315","204","6.22"
"2706315","203","20.47"
"2706316","205","11.72"
"2706316","208","233"
"2706316","203","15.84"
"2706316","204","13.17"
"2706317","208","114"
"2706317","204","1.66"
"2706317","205","0"
"2706317","203","23.13"
"2706318","204","6.65"
"2706318","203","24.95"
"2706318","208","160"
"2706318","205","0.01"
"2706319","203","24.95"
"2706319","208","160"
"2706319","204","6.65"
"2706319","205","0.01"
"2706320","208","142"
"2706320","204","4.42"
"2706320","205","0"
"2706320","203","25.46"
"2706321","205","7.79"
"2706321","203","22.33"
"2706321","208","180"
"2706321","204","6.63"
"2706322","208","237"
"2706322","205","11.72"
"2706322","204","13.46"
"2706322","203","17.18"
"2706323","204","2.15"
"2706323","203","25.37"
"2706323","208","121"
"2706323","205","0"
"2706324","204","5.85"
"2706324","208","143"
"2706324","205","0.01"
"2706324","203","21.96"
"2706325","204","5.85"
"2706325","208","143"
"2706325","203","21.96"
"2706325","205","0.01"
"2706326","203","19.77"
"2706326","205","7.79"
"2706326","204","5.95"
"2706326","208","166"
"2706327","205","11.72"
"2706327","203","15.32"
"2706327","204","12.96"
"2706327","208","227"
"2706328","203","22.33"
"2706328","208","104"
"2706328","205","0"
"2706328","204","1.33"
"2706329","204","3.6"
"2706329","208","125"
"2706329","203","22.41"
"2706329","205","0"
"2706330","208","220"
"2706330","203","14.38"
"2706330","204","12.4"
"2706330","205","11.72"
"2706331","203","13.25"
"2706331","208","226"
"2706331","205","13.39"
"2706331","204","12.96"
"2706332","204","17.9"
"2706332","208","264"
"2706332","205","4"
"2706332","203","24.6"
"2706333","204","6.25"
"2706333","205","3.83"
"2706333","208","155"
"2706333","203","19.36"
"2706334","205","14.06"
"2706334","204","13.22"
"2706334","203","13.76"
"2706334","208","234"
"2706335","203","24.59"
"2706335","208","157"
"2706335","204","5.8"
"2706335","205","0"
"2706336","205","4.9"
"2706336","204","6.67"
"2706336","203","15.46"
"2706336","208","146"
"2706337","205","7.46"
"2706337","203","21.24"
"2706337","204","6.12"
"2706337","208","177"
"2706338","204","0.96"
"2706338","203","14.67"
"2706338","208","86"
"2706338","205","3.57"
"2706339","208","143"
"2706339","204","5.2"
"2706339","205","6.74"
"2706339","203","16.14"
"2706340","208","148"
"2706340","204","5.73"
"2706340","205","4.44"
"2706340","203","18.23"
"2706341","208","230"
"2706341","203","13.07"
"2706341","204","12.9"
"2706341","205","14.43"
"2706342","205","4.52"
"2706342","203","18.57"
"2706342","204","1.22"
"2706342","208","109"
"2706343","204","1.2"
"2706343","205","4.46"
"2706343","208","108"
"2706343","203","18.34"
"2706344","208","83"
"2706344","203","17.88"
"2706344","205","0"
"2706344","204","0.74"
"2706345","208","83"
"2706345","204","0.74"
"2706345","205","0"
"2706345","203","17.88"
"2706346","205","11.72"
"2706346","204","12.73"
"2706346","203","15.51"
"2706346","208","227"
"2706347","208","223"
"2706347","203","14.06"
"2706347","205","11.72"
"2706347","204","12.89"
"2706348","204","1.2"
"2706348","203","20.22"
"2706348","205","0"
"2706348","208","97"
"2706349","205","0"
"2706349","204","0.95"
"2706349","208","97"
"2706349","203","20.91"
"2706350","204","2.84"
"2706350","208","109"
"2706350","205","4.67"
"2706350","203","15.06"
"2706351","205","2.72"
"2706351","208","51"
"2706351","204","1.71"
"2706351","203","5.71"
"2706352","203","7.11"
"2706352","205","3.39"
"2706352","204","6.66"
"2706352","208","104"
"2706353","203","7.23"
"2706353","205","3.44"
"2706353","208","65"
"2706353","204","2.16"
"2706354","204","13.47"
"2706354","208","203"
"2706354","203","6.26"
"2706354","205","13.79"
"2706355","205","4.25"
"2706355","204","2.68"
"2706355","203","7.67"
"2706355","208","74"
"2706356","208","126"
"2706356","204","5.14"
"2706356","205","3.96"
"2706356","203","14.99"
"2706357","203","15.3"
"2706357","208","108"
"2706357","204","2.89"
"2706357","205","4.04"
"2706358","208","87"
"2706358","204","0.62"
"2706358","203","15.24"
"2706358","205","4.02"
"2706359","208","217"
"2706359","205","14.14"
"2706359","203","11.08"
"2706359","204","12.54"
"2706360","203","15.46"
"2706360","205","4.9"
"2706360","208","146"
"2706360","204","6.67"
"2706361","204","5.79"
"2706361","203","16.92"
"2706361","208","129"
"2706361","205","1.14"
"2706362","203","17.26"
"2706362","208","110"
"2706362","205","1.16"
"2706362","204","3.55"
"2706363","203","17.19"
"2706363","204","1.28"
"2706363","205","1.15"
"2706363","208","90"
"2706364","203","12.26"
"2706364","204","12.94"
"2706364","208","218"
"2706364","205","12.41"
"2706365","208","154"
"2706365","204","5.91"
"2706365","203","15.55"
"2706365","205","8.74"
"2706366","208","250"
"2706366","204","3.4"
"2706366","205","0"
"2706366","203","51.05"
"2706367","203","20.42"
"2706367","208","100"
"2706367","204","1.36"
"2706367","205","0"
"2706368","204","6.91"
"2706368","205","2.48"
"2706368","203","19.99"
"2706368","208","158"
"2706369","208","226"
"2706369","205","12.23"
"2706369","203","18.14"
"2706369","204","11.17"
"2706370","203","21.72"
"2706370","204","6.36"
"2706370","205","1.58"
"2706370","208","149"
"2706371","203","18.48"
"2706371","208","148"
"2706371","205","4.19"
"2706371","204","6"
"2706372","203","10.85"
"2706372","205","2.52"
"2706372","204","6.62"
"2706372","208","115"
"2706373","203","9.8"
"2706373","204","4.33"
"2706373","208","118"
"2706373","205","10.25"
"2706374","208","160"
"2706374","205","6.68"
"2706374","203","12.04"
"2706374","204","9.35"
"2706375","208","118"
"2706375","204","4.33"
"2706375","205","10.25"
"2706375","203","9.8"
"2706376","203","8.5"
"2706376","204","3.38"
"2706376","205","10.82"
"2706376","208","106"
"2706377","203","13.32"
"2706377","208","139"
"2706377","204","8.22"
"2706377","205","2.41"
"2706378","204","7.63"
"2706378","203","12.06"
"2706378","205","5.48"
"2706378","208","140"
"2706379","205","1.58"
"2706379","203","21.56"
"2706379","204","7.05"
"2706379","208","156"
"2706380","208","149"
"2706380","203","6.98"
"2706380","204","10.47"
"2706380","205","6.78"
"2706381","203","22.5"
"2706381","204","9.31"
"2706381","208","185"
"2706381","205","2.75"
"2706382","205","6.21"
"2706382","204","9.33"
"2706382","208","150"
"2706382","203","10.06"
"2706383","204","8.05"
"2706383","208","133"
"2706383","203","7.65"
"2706383","205","7.57"
"2706384","208","170"
"2706384","203","12.48"
"2706384","205","6.29"
"2706384","204","10.3"
"2706385","208","163"
"2706385","205","1.83"
"2706385","203","21.97"
"2706385","204","7.54"
"2706386","205","3.35"
"2706386","203","15.86"
"2706386","208","187"
"2706386","204","12.38"
"2706387","208","198"
"2706387","203","28.86"
"2706387","204","8.25"
"2706387","205","1.94"
"2706388","203","7.57"
"2706388","208","113"
"2706388","204","6.57"
"2706388","205","6.53"
"2706389","205","15.12"
"2706389","204","4.05"
"2706389","208","119"
"2706389","203","5.61"
"2706390","205","12.23"
"2706390","208","228"
"2706390","203","19.83"
"2706390","204","10.79"
"2706391","205","0"
"2706391","208","252"
"2706391","204","15.15"
"2706391","203","27.97"
"2706392","205","14.22"
"2706392","203","9.29"
"2706392","208","211"
"2706392","204","12.81"
"2706393","208","169"
"2706393","205","1.28"
"2706393","203","14.27"
"2706393","204","11.38"
"2706394","203","17.45"
"2706394","204","15.6"
"2706394","205","0.34"
"2706394","208","216"
"2706395","203","14.33"
"2706395","204","15.31"
"2706395","205","6.9"
"2706395","208","225"
"2706396","208","278"
"2706396","204","22.81"
"2706396","203","13.75"
"2706396","205","3.83"
"2706397","208","258"
"2706397","205","3.91"
"2706397","203","17.69"
"2706397","204","19.13"
"2706398","204","7.49"
"2706398","203","20.15"
"2706398","205","1.58"
"2706398","208","160"
"2706399","208","226"
"2706399","205","12.23"
"2706399","204","11.3"
"2706399","203","17.57"
"2706400","204","15.87"
"2706400","203","24.75"
"2706400","208","249"
"2706400","205","0"
"2706401","205","25.5"
"2706401","208","260"
"2706401","204","13.6"
"2706401","203","8.88"
"2706402","204","8.85"
"2706402","205","5.19"
"2706402","203","7.62"
"2706402","208","131"
"2706403","208","167"
"2706403","205","1.84"
"2706403","204","7.98"
"2706403","203","20.55"
"2706404","203","20.3"
"2706404","208","153"
"2706404","205","1.59"
"2706404","204","6.8"
"2706405","208","234"
"2706405","204","19.09"
"2706405","203","13.28"
"2706405","205","2.58"
"2706406","205","7.65"
"2706406","208","180"
"2706406","203","6.78"
"2706406","204","13.61"
"2706407","203","10.31"
"2706407","205","2.52"
"2706407","204","7.09"
"2706407","208","118"
"2706408","203","14.88"
"2706408","205","3.35"
"2706408","208","190"
"2706408","204","12.68"
"2706409","208","202"
"2706409","203","10.01"
"2706409","205","7.09"
"2706409","204","14.98"
"2706410","208","223"
"2706410","205","3.6"
"2706410","204","19.61"
"2706410","203","8.52"
"2706411","204","3.99"
"2706411","205","2.68"
"2706411","203","11.64"
"2706411","208","95"
"2706412","203","17.91"
"2706412","208","200"
"2706412","205","2.75"
"2706412","204","12.69"
"2706413","204","15.37"
"2706413","208","219"
"2706413","203","17.29"
"2706413","205","1.58"
"2706414","203","22.32"
"2706414","208","265"
"2706414","204","18.08"
"2706414","205","1.98"
"2706415","204","17.47"
"2706415","208","241"
"2706415","203","18.71"
"2706415","205","1.47"
"2706416","205","6.74"
"2706416","203","17.82"
"2706416","204","8.54"
"2706416","208","175"
"2706417","203","15.33"
"2706417","205","8.33"
"2706417","208","204"
"2706417","204","11.92"
"2706418","208","219"
"2706418","205","9.34"
"2706418","204","9.69"
"2706418","203","23.66"
"2706419","203","25.64"
"2706419","208","140"
"2706419","205","1.59"
"2706419","204","2.84"
"2706420","205","1.58"
"2706420","203","25.48"
"2706420","208","147"
"2706420","204","3.53"
"2706421","204","10.62"
"2706421","203","13.19"
"2706421","208","174"
"2706421","205","6.92"
"2706422","204","2.62"
"2706422","203","6.29"
"2706422","208","75"
"2706422","205","6.54"
"2706423","203","6.39"
"2706423","204","2.39"
"2706423","205","6.05"
"2706423","208","71"
"2706424","205","2.48"
"2706424","204","7.06"
"2706424","203","11.98"
"2706424","208","120"
"2706425","208","99"
"2706425","203","10.2"
"2706425","204","2.08"
"2706425","205","10.25"
"2706426","204","3.71"
"2706426","205","2.41"
"2706426","208","100"
"2706426","203","14.11"
"2706427","204","1.91"
"2706427","205","9.68"
"2706427","203","9.92"
"2706427","208","95"
"2706428","208","129"
"2706428","204","5.21"
"2706428","205","1.58"
"2706428","203","18.88"
"2706429","204","7.16"
"2706429","203","10.68"
"2706429","208","121"
"2706429","205","3.54"
"2706430","204","3.46"
"2706430","208","125"
"2706430","203","20.46"
"2706430","205","1.58"
"2706431","204","7.48"
"2706431","208","157"
"2706431","203","19.82"
"2706431","205","2.75"
"2706432","203","19.29"
"2706432","205","1.84"
"2706432","208","136"
"2706432","204","5.7"
"2706433","203","25.73"
"2706433","208","163"
"2706433","204","5.96"
"2706433","205","1.62"
"2706434","205","12.23"
"2706434","208","167"
"2706434","203","19"
"2706434","204","4.64"
"2706435","203","10.1"
"2706435","205","23.86"
"2706435","208","250"
"2706435","204","12.65"
"2706436","208","250"
"2706436","203","10.1"
"2706436","204","12.65"
"2706436","205","23.86"
"2706437","203","6.48"
"2706437","205","6.54"
"2706437","208","107"
"2706437","204","6.48"
"2706438","204","4"
"2706438","203","4.96"
"2706438","208","116"
"2706438","205","15.12"
"2706439","204","5.58"
"2706439","205","3.22"
"2706439","208","137"
"2706439","203","18.97"
"2706440","208","173"
"2706440","204","8.9"
"2706440","203","21.77"
"2706440","205","1.64"
"2706441","204","9.17"
"2706441","203","22.64"
"2706441","205","9.29"
"2706441","208","210"
"2706442","204","8.34"
"2706442","208","174"
"2706442","203","16.25"
"2706442","205","8.3"
"2706443","205","22.46"
"2706443","203","14.46"
"2706443","208","262"
"2706443","204","12.68"
"2706444","203","14.33"
"2706444","208","293"
"2706444","205","26.88"
"2706444","204","14.25"
"2706445","204","19.21"
"2706445","203","21.31"
"2706445","208","280"
"2706445","205","5.45"
"2706446","208","236"
"2706446","203","28.4"
"2706446","204","10.54"
"2706446","205","6.51"
"2706447","205","2.75"
"2706447","204","3.64"
"2706447","203","17.05"
"2706447","208","116"
"2706448","203","10.08"
"2706448","205","1.96"
"2706448","204","10.95"
"2706448","208","149"
"2706449","208","99"
"2706449","203","13.24"
"2706449","205","7.92"
"2706449","204","1.22"
"2706450","205","2.81"
"2706450","208","102"
"2706450","204","3.71"
"2706450","203","14.42"
"2706451","203","10.64"
"2706451","205","4.66"
"2706451","208","251"
"2706451","204","21.16"
"2706452","208","203"
"2706452","204","17.45"
"2706452","205","2.51"
"2706452","203","8.53"
"2706453","208","64"
"2706453","203","5.33"
"2706453","204","1.48"
"2706453","205","7.09"
"2706454","204","1.25"
"2706454","205","6.6"
"2706454","208","60"
"2706454","203","5.43"
"2706455","205","2.16"
"2706455","203","16.78"
"2706455","204","7.85"
"2706455","208","151"
"2706456","208","172"
"2706456","204","9.22"
"2706456","205","16.19"
"2706456","203","5.92"
"2706457","205","3.64"
"2706457","204","0.01"
"2706457","208","35"
"2706457","203","5.06"
"2706458","205","2.27"
"2706458","203","15.41"
"2706458","204","12.98"
"2706458","208","192"
"2706459","205","1.59"
"2706459","203","16.28"
"2706459","208","80"
"2706459","204","0.69"
"2706460","203","4.94"
"2706460","205","6.65"
"2706460","204","5.42"
"2706460","208","93"
"2706461","208","107"
"2706461","204","3.36"
"2706461","203","4.03"
"2706461","205","15.19"
"2706462","205","3.34"
"2706462","208","120"
"2706462","204","1.56"
"2706462","203","21.62"
"2706463","205","3.58"
"2706463","203","10.53"
"2706463","208","63"
"2706463","204","0.76"
"2706464","208","144"
"2706464","204","8.9"
"2706464","203","12.52"
"2706464","205","2.92"
"2706465","203","11.56"
"2706465","204","24.96"
"2706465","208","281"
"2706465","205","2.45"
"2706466","204","0.42"
"2706466","208","46"
"2706466","205","2.75"
"2706466","203","7.63"
"2706467","203","18.02"
"2706467","205","0.15"
"2706467","204","12.02"
"2706467","208","186"
"2706468","203","19.85"
"2706468","205","10.7"
"2706468","208","325"
"2706468","204","22"
"2706469","203","21.72"
"2706469","204","6.36"
"2706469","208","149"
"2706469","205","1.58"
"2706470","205","6.54"
"2706470","203","5.94"
"2706470","204","4.36"
"2706470","208","90"
"2706471","205","6.05"
"2706471","203","6.03"
"2706471","208","86"
"2706471","204","4.13"
"2706472","203","16.7"
"2706472","208","139"
"2706472","204","6.98"
"2706472","205","1.45"
"2706473","208","156"
"2706473","203","21.56"
"2706473","204","7.05"
"2706473","205","1.58"
"2706474","204","4.93"
"2706474","208","133"
"2706474","205","14.52"
"2706474","203","7.92"
"2706475","204","3.79"
"2706475","203","8.04"
"2706475","205","8.66"
"2706475","208","100"
"2706476","204","5.1"
"2706476","203","13.2"
"2706476","205","10.74"
"2706476","208","140"
"2706477","203","8.73"
"2706477","208","164"
"2706477","204","10.24"
"2706477","205","9.27"
"2706478","208","126"
"2706478","204","5.6"
"2706478","205","11.1"
"2706478","203","8.15"
"2706479","208","137"
"2706479","205","5.6"
"2706479","203","10.42"
"2706479","204","7.88"
"2706480","203","11.37"
"2706480","204","8.41"
"2706480","208","189"
"2706480","205","16.24"
"2706481","205","12.26"
"2706481","204","5.42"
"2706481","203","9.12"
"2706481","208","137"
"2706482","205","10.67"
"2706482","208","115"
"2706482","204","3.93"
"2706482","203","8.74"
"2706483","203","8.99"
"2706483","204","3.65"
"2706483","208","126"
"2706483","205","14.35"
"2706484","205","15.39"
"2706484","204","5.07"
"2706484","208","139"
"2706484","203","7.7"
"2706485","205","15.02"
"2706485","204","5.33"
"2706485","203","7.86"
"2706485","208","140"
"2706486","203","7.76"
"2706486","208","129"
"2706486","205","8.99"
"2706486","204","6.8"
"2706487","205","14.96"
"2706487","203","7.54"
"2706487","208","136"
"2706487","204","5.14"
"2706488","205","7.54"
"2706488","208","173"
"2706488","203","13.19"
"2706488","204","10.05"
"2706489","203","7.27"
"2706489","208","146"
"2706489","205","17.23"
"2706489","204","5"
"2706490","205","12.19"
"2706490","203","8.5"
"2706490","204","6.79"
"2706490","208","145"
"2706491","204","5.15"
"2706491","203","6.39"
"2706491","205","15.88"
"2706491","208","136"
"2706492","208","153"
"2706492","204","6.21"
"2706492","205","13.39"
"2706492","203","10.36"
"2706493","204","5.12"
"2706493","208","137"
"2706493","203","6.28"
"2706493","205","15.98"
"2706494","208","139"
"2706494","203","6.7"
"2706494","204","5.24"
"2706494","205","15.9"
"2706495","204","5.18"
"2706495","203","6.25"
"2706495","208","135"
"2706495","205","15.53"
"2706496","203","10.34"
"2706496","205","10.71"
"2706496","208","157"
"2706496","204","7.76"
"2706497","203","13.58"
"2706497","208","178"
"2706497","204","10.26"
"2706497","205","7.96"
"2706498","204","5.35"
"2706498","205","14.66"
"2706498","208","142"
"2706498","203","8.08"
"2706499","203","17.48"
"2706499","208","199"
"2706499","204","10.72"
"2706499","205","7.2"
"2706500","208","159"
"2706500","203","13.78"
"2706500","205","6.77"
"2706500","204","8.35"
"2706501","203","19.16"
"2706501","205","10.25"
"2706501","204","27.43"
"2706501","208","368"
"2706502","205","9.27"
"2706502","208","164"
"2706502","204","10.24"
"2706502","203","8.73"
"2706503","203","14.57"
"2706503","204","14.85"
"2706503","208","220"
"2706503","205","6.53"
"2706504","203","20.65"
"2706504","205","6.16"
"2706504","204","7.52"
"2706504","208","179"
"2706505","205","15.32"
"2706505","208","139"
"2706505","203","6.81"
"2706505","204","5.44"
"2706506","203","5.37"
"2706506","205","16.28"
"2706506","208","136"
"2706506","204","5.19"
"2706507","203","6.26"
"2706507","204","8.27"
"2706507","205","10.43"
"2706507","208","143"
"2706508","203","17.97"
"2706508","208","273"
"2706508","205","2.6"
"2706508","204","20.74"
"2706509","205","16.78"
"2706509","208","140"
"2706509","203","6.42"
"2706509","204","5"
"2706510","205","16.4"
"2706510","204","5.49"
"2706510","208","134"
"2706510","203","4.63"
"2706511","204","6.02"
"2706511","203","4.86"
"2706511","205","16.8"
"2706511","208","142"
"2706512","205","13.94"
"2706512","203","6.32"
"2706512","208","151"
"2706512","204","7.61"
"2706513","205","14.83"
"2706513","204","7.8"
"2706513","208","153"
"2706513","203","5.91"
"2706514","203","7.15"
"2706514","205","15.88"
"2706514","204","5.54"
"2706514","208","144"
"2706515","203","6.73"
"2706515","205","16.8"
"2706515","208","143"
"2706515","204","4.99"
"2706516","204","6.33"
"2706516","208","126"
"2706516","205","11.68"
"2706516","203","5.4"
"2706517","208","127"
"2706517","205","11.11"
"2706517","204","5.69"
"2706517","203","7.86"
"2706518","205","4.13"
"2706518","204","8.7"
"2706518","208","136"
"2706518","203","9.99"
"2706519","204","5.42"
"2706519","208","109"
"2706519","203","8.35"
"2706519","205","6.29"
"2706520","204","5.58"
"2706520","208","133"
"2706520","205","10.81"
"2706520","203","9.35"
"2706521","205","7.44"
"2706521","203","14.05"
"2706521","208","192"
"2706521","204","11.58"
"2706522","203","5.13"
"2706522","205","12.53"
"2706522","208","129"
"2706522","204","6.46"
"2706523","205","12.48"
"2706523","208","126"
"2706523","204","6.22"
"2706523","203","5.26"
"2706524","203","6.8"
"2706524","205","15.63"
"2706524","208","141"
"2706524","204","5.48"
"2706525","208","166"
"2706525","203","19.02"
"2706525","205","6.31"
"2706525","204","6.73"
"2706526","204","5.37"
"2706526","205","14.48"
"2706526","208","141"
"2706526","203","8.37"
"2706527","204","4.1"
"2706527","203","9.57"
"2706527","208","110"
"2706527","205","8.27"
"2706528","203","7.47"
"2706528","205","9.04"
"2706528","204","6.35"
"2706528","208","122"
"2706529","205","15.47"
"2706529","204","6.14"
"2706529","203","7.73"
"2706529","208","148"
"2706530","203","6.99"
"2706530","208","140"
"2706530","205","15.23"
"2706530","204","5.67"
"2706531","208","136"
"2706531","203","6.92"
"2706531","204","5.46"
"2706531","205","14.86"
"2706532","208","140"
"2706532","203","7.39"
"2706532","204","5.51"
"2706532","205","15.24"
"2706533","204","6.16"
"2706533","203","8.95"
"2706533","208","146"
"2706533","205","13.56"
"2706534","203","11.96"
"2706534","205","6.96"
"2706534","208","119"
"2706534","204","4.79"
"2706535","204","5.44"
"2706535","205","15.17"
"2706535","208","137"
"2706535","203","7.12"
"2706536","205","7.6"
"2706536","203","11.61"
"2706536","208","157"
"2706536","204","9.02"
"2706537","205","16.97"
"2706537","203","6.46"
"2706537","208","149"
"2706537","204","5.84"
"2706538","203","7.15"
"2706538","205","13.55"
"2706538","208","104"
"2706538","204","2.38"
"2706539","205","12.78"
"2706539","204","5.86"
"2706539","208","136"
"2706539","203","8.13"
"2706540","208","135"
"2706540","203","5.67"
"2706540","204","5.48"
"2706540","205","15.43"
"2706541","204","6.18"
"2706541","208","142"
"2706541","205","15.66"
"2706541","203","5.72"
"2706542","205","8.01"
"2706542","203","11.97"
"2706542","204","9.21"
"2706542","208","162"
"2706543","203","15.69"
"2706543","204","5.55"
"2706543","205","8.04"
"2706543","208","144"
"2706544","208","172"
"2706544","205","11.74"
"2706544","204","4.88"
"2706544","203","20.04"
"2706545","203","20.83"
"2706545","208","262"
"2706545","205","2.59"
"2706545","204","18.75"
"2706546","204","11.33"
"2706546","208","171"
"2706546","203","11.72"
"2706546","205","5.59"
"2706547","205","8.08"
"2706547","203","18.77"
"2706547","204","7.27"
"2706547","208","172"
"2706548","205","7.29"
"2706548","208","145"
"2706548","204","6.2"
"2706548","203","15.46"
"2706549","204","14.97"
"2706549","203","14.4"
"2706549","208","214"
"2706549","205","4.48"
"2706550","203","13.63"
"2706550","208","212"
"2706550","204","12.64"
"2706550","205","10.4"
"2706551","203","10.39"
"2706551","204","0.41"
"2706551","205","8.74"
"2706551","208","82"
"2706552","208","285"
"2706552","204","22.1"
"2706552","205","4.46"
"2706552","203","16.07"
"2706553","208","146"
"2706553","204","5.5"
"2706553","205","16.43"
"2706553","203","7.3"
"2706554","204","5.18"
"2706554","203","6.02"
"2706554","205","14.7"
"2706554","208","131"
"2706555","208","133"
"2706555","203","6.31"
"2706555","204","5.24"
"2706555","205","15.05"
"2706556","208","143"
"2706556","204","5.32"
"2706556","203","7.14"
"2706556","205","16.25"
"2706557","205","8.17"
"2706557","208","141"
"2706557","203","10.22"
"2706557","204","7.25"
"2706558","204","5.37"
"2706558","203","8.18"
"2706558","208","136"
"2706558","205","13.45"
"2706559","204","5.22"
"2706559","208","134"
"2706559","205","15.39"
"2706559","203","6.46"
"2706560","203","15.33"
"2706560","204","14.92"
"2706560","208","206"
"2706560","205","2.65"
"2706561","205","6.79"
"2706561","204","15.35"
"2706561","203","19.02"
"2706561","208","246"
"2706562","203","15.07"
"2706562","205","5.73"
"2706562","208","136"
"2706562","204","5.52"
"2706563","204","8.26"
"2706563","203","14.98"
"2706563","205","9.83"
"2706563","208","177"
"2706564","203","11.8"
"2706564","208","162"
"2706564","205","10.3"
"2706564","204","7.9"
"2706565","203","13.93"
"2706565","205","5.26"
"2706565","208","218"
"2706565","204","15.34"
"2706566","204","9.01"
"2706566","205","6.16"
"2706566","203","16.39"
"2706566","208","174"
"2706567","208","222"
"2706567","203","8.46"
"2706567","205","12.01"
"2706567","204","15.42"
"2706568","208","95"
"2706568","205","15"
"2706568","204","0.46"
"2706568","203","7.62"
"2706569","204","9.98"
"2706569","205","5.56"
"2706569","203","9.94"
"2706569","208","153"
"2706570","203","10.12"
"2706570","205","15.41"
"2706570","204","7.3"
"2706570","208","168"
"2706571","205","13.92"
"2706571","204","5.18"
"2706571","203","9.02"
"2706571","208","139"
"2706572","205","15.39"
"2706572","204","5.17"
"2706572","203","4.57"
"2706572","208","128"
"2706573","205","16.53"
"2706573","203","5.41"
"2706573","208","135"
"2706573","204","5.12"
"2706574","203","5.54"
"2706574","204","4.98"
"2706574","205","15.76"
"2706574","208","133"
"2706575","204","5.16"
"2706575","208","135"
"2706575","205","16.11"
"2706575","203","5.34"
"2706576","208","131"
"2706576","204","5.11"
"2706576","205","14.79"
"2706576","203","6.3"
"2706577","205","15.74"
"2706577","208","135"
"2706577","204","5.04"
"2706577","203","6.58"
"2706578","205","8.47"
"2706578","208","146"
"2706578","204","7.02"
"2706578","203","12.02"
"2706579","208","202"
"2706579","204","11.04"
"2706579","203","17.49"
"2706579","205","7.2"
"2706580","208","143"
"2706580","204","7.51"
"2706580","203","12.22"
"2706580","205","6.28"
"2706581","205","7.18"
"2706581","208","196"
"2706581","204","10.5"
"2706581","203","17.27"
"2706582","205","7.18"
"2706582","208","196"
"2706582","203","17.27"
"2706582","204","10.5"
"2706583","208","157"
"2706583","205","6.75"
"2706583","204","8.18"
"2706583","203","13.63"
"2706584","208","164"
"2706584","204","10.24"
"2706584","203","8.73"
"2706584","205","9.27"
"2706585","208","219"
"2706585","205","13.06"
"2706585","203","5.08"
"2706585","204","16.36"
"2706586","204","8.02"
"2706586","205","4.16"
"2706586","208","143"
"2706586","203","12.84"
"2706587","204","5.15"
"2706587","205","13.46"
"2706587","208","126"
"2706587","203","6.93"
"2706588","205","14.97"
"2706588","204","5.1"
"2706588","208","131"
"2706588","203","6.97"
"2706589","203","4.76"
"2706589","205","13.73"
"2706589","204","6"
"2706589","208","127"
"2706590","203","4.84"
"2706590","205","15.35"
"2706590","208","127"
"2706590","204","5.38"
"2706591","204","5.96"
"2706591","205","6.54"
"2706591","203","5"
"2706591","208","100"
"2706592","208","107"
"2706592","204","5.07"
"2706592","205","6.29"
"2706592","203","8.76"
"2706593","208","132"
"2706593","205","10.81"
"2706593","204","5.23"
"2706593","203","9.76"
"2706594","204","6.3"
"2706594","208","123"
"2706594","205","8.72"
"2706594","203","7.64"
"2706595","203","5.23"
"2706595","205","11.17"
"2706595","204","7.16"
"2706595","208","129"
"2706596","204","6.34"
"2706596","203","5.3"
"2706596","208","126"
"2706596","205","12.36"
"2706597","203","5.28"
"2706597","205","11.13"
"2706597","204","7.06"
"2706597","208","127"
"2706598","205","12.19"
"2706598","203","5.33"
"2706598","204","6.69"
"2706598","208","128"
"2706599","205","11.13"
"2706599","204","6.96"
"2706599","208","126"
"2706599","203","5.33"
"2706600","203","5.39"
"2706600","208","126"
"2706600","204","6.56"
"2706600","205","12.28"
"2706601","203","8.14"
"2706601","205","11.82"
"2706601","208","127"
"2706601","204","5.43"
"2706602","205","12.97"
"2706602","204","5.43"
"2706602","208","131"
"2706602","203","8.17"
"2706603","203","11.75"
"2706603","204","8.82"
"2706603","205","5.96"
"2706603","208","149"
"2706604","208","148"
"2706604","204","8.81"
"2706604","203","11.78"
"2706604","205","5.8"
"2706605","203","8.71"
"2706605","204","5.19"
"2706605","205","16.71"
"2706605","208","148"
"2706606","203","8.78"
"2706606","205","18.29"
"2706606","204","4.91"
"2706606","208","151"
"2706607","203","10.78"
"2706607","204","4.89"
"2706607","208","129"
"2706607","205","11.17"
"2706608","204","7.58"
"2706608","205","7.6"
"2706608","203","10.31"
"2706608","208","139"
"2706609","204","7.64"
"2706609","205","7.44"
"2706609","203","10.4"
"2706609","208","139"
"2706610","205","13.74"
"2706610","203","6.74"
"2706610","204","5.06"
"2706610","208","126"
"2706611","204","5.07"
"2706611","208","130"
"2706611","203","6.77"
"2706611","205","14.86"
"2706612","205","13.58"
"2706612","203","6.6"
"2706612","208","125"
"2706612","204","5.06"
"2706613","204","5.03"
"2706613","205","14.63"
"2706613","203","6.63"
"2706613","208","129"
"2706614","205","13.81"
"2706614","203","6.65"
"2706614","208","127"
"2706614","204","5.04"
"2706615","204","5.05"
"2706615","205","14.94"
"2706615","208","131"
"2706615","203","6.68"
"2706616","204","4.86"
"2706616","203","7.54"
"2706616","205","18.38"
"2706616","208","149"
"2706617","205","20"
"2706617","208","149"
"2706617","203","7.62"
"2706617","204","4.29"
"2706618","204","5.4"
"2706618","203","5.85"
"2706618","205","14.9"
"2706618","208","131"
"2706619","204","4.99"
"2706619","203","5.91"
"2706619","208","132"
"2706619","205","16.08"
"2706620","203","8.3"
"2706620","208","114"
"2706620","205","8.83"
"2706620","204","5.06"
"2706621","208","228"
"2706621","204","17.03"
"2706621","203","8.15"
"2706621","205","11.3"
"2706622","205","14.69"
"2706622","203","5.78"
"2706622","204","5.23"
"2706622","208","130"
"2706623","203","5.81"
"2706623","208","133"
"2706623","204","5.23"
"2706623","205","15.73"
"2706624","204","5.51"
"2706624","208","147"
"2706624","203","8.58"
"2706624","205","15.54"
"2706625","204","5.24"
"2706625","203","8.18"
"2706625","208","143"
"2706625","205","15.85"
"2706626","204","5.18"
"2706626","208","131"
"2706626","203","5.77"
"2706626","205","15.01"
"2706627","204","5.18"
"2706627","205","16.13"
"2706627","208","135"
"2706627","203","5.8"
"2706628","205","7.9"
"2706628","204","7.7"
"2706628","208","143"
"2706628","203","10.56"
"2706629","204","7.96"
"2706629","208","145"
"2706629","205","7.75"
"2706629","203","10.88"
"2706630","203","8.92"
"2706630","208","271"
"2706630","205","23.95"
"2706630","204","15.37"
"2706631","203","6.15"
"2706631","205","11.7"
"2706631","208","127"
"2706631","204","6.36"
"2706632","208","130"
"2706632","205","12.85"
"2706632","203","6.19"
"2706632","204","6.16"
"2706633","208","152"
"2706633","203","8.89"
"2706633","204","5.84"
"2706633","205","15.63"
"2706634","203","8.42"
"2706634","204","4.91"
"2706634","208","151"
"2706634","205","18.31"
"2706635","208","148"
"2706635","203","8.35"
"2706635","205","16.74"
"2706635","204","5.19"
"2706636","205","15.32"
"2706636","208","155"
"2706636","203","9.18"
"2706636","204","6.42"
"2706637","208","128"
"2706637","203","6.55"
"2706637","205","13.44"
"2706637","204","5.43"
"2706638","204","5.02"
"2706638","208","125"
"2706638","205","13.75"
"2706638","203","6.48"
"2706639","208","131"
"2706639","205","15.34"
"2706639","203","5.26"
"2706639","204","5.69"
"2706640","205","14.19"
"2706640","203","5.22"
"2706640","204","5.69"
"2706640","208","127"
"2706641","205","11.24"
"2706641","208","128"
"2706641","204","7.06"
"2706641","203","5.03"
"2706642","208","127"
"2706642","204","6.64"
"2706642","205","12.28"
"2706642","203","5.12"
"2706643","208","128"
"2706643","203","3.73"
"2706643","204","7.53"
"2706643","205","11.61"
"2706644","208","128"
"2706644","203","3.78"
"2706644","204","7.12"
"2706644","205","12.78"
"2706645","203","4.98"
"2706645","208","126"
"2706645","205","11.22"
"2706645","204","6.84"
"2706646","204","6.43"
"2706646","203","5.03"
"2706646","205","12.37"
"2706646","208","126"
"2706647","205","14.94"
"2706647","203","6.59"
"2706647","208","133"
"2706647","204","5.44"
"2706648","203","10.41"
"2706648","204","6.38"
"2706648","208","143"
"2706648","205","11.17"
"2706649","205","7.9"
"2706649","204","7.89"
"2706649","208","144"
"2706649","203","9.96"
"2706650","203","10.25"
"2706650","208","147"
"2706650","204","8.15"
"2706650","205","7.75"
"2706651","203","5.61"
"2706651","208","129"
"2706651","204","5.07"
"2706651","205","14.96"
"2706652","204","5.07"
"2706652","205","16.08"
"2706652","203","5.64"
"2706652","208","133"
"2706653","205","15.02"
"2706653","204","5.06"
"2706653","208","126"
"2706653","203","5.56"
"2706654","208","128"
"2706654","203","5.47"
"2706654","205","13.4"
"2706654","204","5.9"
"2706655","208","187"
"2706655","203","9.81"
"2706655","205","16.46"
"2706655","204","8.83"
"2706656","204","5.51"
"2706656","208","136"
"2706656","203","5.05"
"2706656","205","16.34"
"2706657","208","130"
"2706657","204","5.31"
"2706657","205","15.15"
"2706657","203","5.13"
"2706658","203","5.02"
"2706658","204","5.5"
"2706658","205","15.2"
"2706658","208","133"
"2706659","203","8.17"
"2706659","208","271"
"2706659","204","21.52"
"2706659","205","11.89"
"2706660","208","117"
"2706660","204","6.39"
"2706660","203","8.19"
"2706660","205","6.29"
"2706661","208","214"
"2706661","205","6.83"
"2706661","204","12.7"
"2706661","203","17.14"
"2706662","208","127"
"2706662","203","5.95"
"2706662","204","6.5"
"2706662","205","11.17"
"2706663","205","12.31"
"2706663","203","6.01"
"2706663","204","6.1"
"2706663","208","127"
"2706664","205","13.64"
"2706664","204","5.11"
"2706664","208","130"
"2706664","203","7.43"
"2706665","208","134"
"2706665","204","5.11"
"2706665","205","14.75"
"2706665","203","7.47"
"2706666","205","13.27"
"2706666","208","123"
"2706666","203","4.51"
"2706666","204","6.11"
"2706667","208","129"
"2706667","204","5.97"
"2706667","205","13.29"
"2706667","203","6.16"
"2706668","204","5.7"
"2706668","205","14.81"
"2706668","208","132"
"2706668","203","6.21"
"2706669","205","11.17"
"2706669","204","6.82"
"2706669","203","4.72"
"2706669","208","123"
"2706670","205","12.27"
"2706670","208","127"
"2706670","204","6.82"
"2706670","203","4.75"
"2706671","208","126"
"2706671","205","11.08"
"2706671","204","7.12"
"2706671","203","4.79"
"2706672","203","4.84"
"2706672","208","126"
"2706672","205","12.14"
"2706672","204","6.75"
"2706673","208","129"
"2706673","203","7.54"
"2706673","205","11.71"
"2706673","204","5.93"
"2706674","204","5.93"
"2706674","208","133"
"2706674","205","12.86"
"2706674","203","7.57"
"2706675","204","7.02"
"2706675","203","4.81"
"2706675","208","124"
"2706675","205","11.09"
"2706676","208","128"
"2706676","204","7.03"
"2706676","203","4.84"
"2706676","205","12.18"
"2706677","204","2.49"
"2706677","208","108"
"2706677","205","10.81"
"2706677","203","10.24"
"2706678","208","84"
"2706678","204","2.34"
"2706678","203","9.24"
"2706678","205","6.29"
"2706679","208","147"
"2706679","203","7.95"
"2706679","205","16.59"
"2706679","204","5.46"
"2706680","208","151"
"2706680","203","8"
"2706680","205","18.11"
"2706680","204","5.41"
"2706681","208","129"
"2706681","203","6.08"
"2706681","205","13.69"
"2706681","204","5.62"
"2706682","204","5.2"
"2706682","205","14.86"
"2706682","203","6.13"
"2706682","208","130"
"2706683","205","13.46"
"2706683","204","5.64"
"2706683","203","6.06"
"2706683","208","128"
"2706684","208","132"
"2706684","204","5.64"
"2706684","203","6.09"
"2706684","205","14.49"
"2706685","204","5.84"
"2706685","205","13.58"
"2706685","208","130"
"2706685","203","6.16"
"2706686","208","134"
"2706686","205","14.69"
"2706686","204","5.84"
"2706686","203","6.19"
"2706687","205","11.15"
"2706687","203","9.91"
"2706687","208","131"
"2706687","204","5.43"
"2706688","203","8.9"
"2706688","208","145"
"2706688","204","5.97"
"2706688","205","14.16"
"2706689","205","15.32"
"2706689","204","5.97"
"2706689","203","8.93"
"2706689","208","149"
"2706690","205","18.2"
"2706690","204","5.47"
"2706690","208","150"
"2706690","203","6.78"
"2706691","205","19.78"
"2706691","208","151"
"2706691","203","6.85"
"2706691","204","4.96"
"2706692","205","14.89"
"2706692","208","132"
"2706692","203","5.21"
"2706692","204","5.66"
"2706693","208","135"
"2706693","203","5.25"
"2706693","204","5.46"
"2706693","205","16.03"
"2706694","204","7.85"
"2706694","208","149"
"2706694","205","14.43"
"2706694","203","5.62"
"2706695","205","7.95"
"2706695","204","6.92"
"2706695","203","9.36"
"2706695","208","131"
"2706696","208","133"
"2706696","205","7.79"
"2706696","204","7.15"
"2706696","203","9.64"
"2706697","205","14.57"
"2706697","204","5.68"
"2706697","203","5.26"
"2706697","208","131"
"2706698","204","5.29"
"2706698","208","131"
"2706698","203","5.31"
"2706698","205","15.67"
"2706699","203","8.05"
"2706699","208","142"
"2706699","204","5.15"
"2706699","205","15.54"
"2706700","205","16.69"
"2706700","208","146"
"2706700","203","8.09"
"2706700","204","5.16"
"2706701","203","5.32"
"2706701","208","130"
"2706701","204","5.47"
"2706701","205","14.84"
"2706702","203","5.35"
"2706702","204","5.48"
"2706702","208","133"
"2706702","205","15.94"
"2706703","205","23.95"
"2706703","204","13.54"
"2706703","203","9.24"
"2706703","208","255"
"2706704","203","7.12"
"2706704","205","13.28"
"2706704","204","8.74"
"2706704","208","159"
"2706705","208","165"
"2706705","203","7.17"
"2706705","204","8.75"
"2706705","205","14.85"
"2706706","205","11.27"
"2706706","204","7.18"
"2706706","208","131"
"2706706","203","5.46"
"2706707","208","128"
"2706707","203","5.22"
"2706707","204","6.82"
"2706707","205","11.81"
"2706708","204","6.64"
"2706708","203","5.59"
"2706708","208","127"
"2706708","205","11.62"
"2706709","205","12.8"
"2706709","203","5.65"
"2706709","204","6.22"
"2706709","208","128"
"2706710","204","10.65"
"2706710","203","12.13"
"2706710","208","172"
"2706710","205","7.17"
"2706711","205","16.44"
"2706711","204","4.76"
"2706711","208","143"
"2706711","203","8.03"
"2706712","205","11.37"
"2706712","204","4.03"
"2706712","203","9.05"
"2706712","208","117"
"2706713","205","11.92"
"2706713","204","3.64"
"2706713","203","10.12"
"2706713","208","123"
"2706714","208","149"
"2706714","205","14.16"
"2706714","204","6.22"
"2706714","203","8.99"
"2706715","208","137"
"2706715","203","8.35"
"2706715","204","5.22"
"2706715","205","14.16"
"2706716","208","141"
"2706716","205","15.32"
"2706716","203","8.39"
"2706716","204","5.22"
"2706717","204","3.05"
"2706717","203","8.25"
"2706717","208","67"
"2706717","205","1.59"
"2706718","208","124"
"2706718","204","4.46"
"2706718","205","12.96"
"2706718","203","8.11"
"2706719","203","3.53"
"2706719","208","135"
"2706719","204","5.43"
"2706719","205","18.46"
"2706720","205","11.06"
"2706720","204","12.24"
"2706720","203","9.2"
"2706720","208","190"
"2706721","208","99"
"2706721","203","8.93"
"2706721","204","4.11"
"2706721","205","6.29"
"2706722","205","11.15"
"2706722","204","5.43"
"2706722","203","9.91"
"2706722","208","131"
"2706723","208","169"
"2706723","204","7.17"
"2706723","205","15.77"
"2706723","203","9.53"
"2706724","203","10.36"
"2706724","205","11.16"
"2706724","208","134"
"2706724","204","5.57"
"2706725","204","4.05"
"2706725","203","8.56"
"2706725","205","9.49"
"2706725","208","109"
"2706726","205","6.55"
"2706726","208","89"
"2706726","204","3.43"
"2706726","203","8.16"
"2706727","205","8.65"
"2706727","204","7.97"
"2706727","208","161"
"2706727","203","13.76"
"2706728","208","116"
"2706728","205","3"
"2706728","203","11.41"
"2706728","204","6.73"
"2706729","208","121"
"2706729","205","5.16"
"2706729","203","10.03"
"2706729","204","7.09"
"2706730","203","14.8"
"2706730","204","4.88"
"2706730","208","122"
"2706730","205","5.06"
"2706731","205","4.48"
"2706731","204","6.99"
"2706731","208","110"
"2706731","203","8.24"
"2706732","203","15.48"
"2706732","205","3.67"
"2706732","204","4.42"
"2706732","208","115"
"2706733","204","9.08"
"2706733","205","6.61"
"2706733","208","195"
"2706733","203","20.56"
"2706734","205","5.96"
"2706734","204","7.18"
"2706734","203","7.67"
"2706734","208","115"
"2706735","204","7.16"
"2706735","203","7.8"
"2706735","205","5.24"
"2706735","208","115"
"2706736","204","7.16"
"2706736","208","121"
"2706736","205","6.97"
"2706736","203","7.85"
"2706737","208","144"
"2706737","203","11.72"
"2706737","205","4.65"
"2706737","204","8.81"
"2706738","205","5.09"
"2706738","203","10.43"
"2706738","204","10.63"
"2706738","208","160"
"2706739","203","7.3"
"2706739","205","4.75"
"2706739","204","7.68"
"2706739","208","115"
"2706740","203","7.08"
"2706740","208","105"
"2706740","204","5.3"
"2706740","205","7.29"
"2706741","205","7.29"
"2706741","203","7.08"
"2706741","204","5.3"
"2706741","208","105"
"2706742","204","2.61"
"2706742","205","3.85"
"2706742","208","82"
"2706742","203","10.76"
"2706743","203","17.93"
"2706743","204","14.44"
"2706743","208","216"
"2706743","205","4.55"
"2706744","204","9.15"
"2706744","203","12.13"
"2706744","205","4.34"
"2706744","208","147"
"2706745","203","7.52"
"2706745","204","7.96"
"2706745","208","117"
"2706745","205","4.45"
"2706746","205","14.24"
"2706746","203","4.79"
"2706746","208","93"
"2706746","204","2.24"
"2706747","203","11.88"
"2706747","204","9.12"
"2706747","205","4.34"
"2706747","208","145"
"2706748","208","228"
"2706748","205","1.05"
"2706748","203","21.86"
"2706748","204","14.54"
"2706749","204","19.32"
"2706749","203","17.85"
"2706749","208","261"
"2706749","205","2.9"
"2706750","203","12.97"
"2706750","208","181"
"2706750","205","6.37"
"2706750","204","11.32"
"2706751","203","10.73"
"2706751","204","4.81"
"2706751","205","4.44"
"2706751","208","102"
"2706752","203","8.06"
"2706752","205","4.5"
"2706752","204","7.34"
"2706752","208","115"
"2706753","204","7.34"
"2706753","205","6.47"
"2706753","208","122"
"2706753","203","8.11"
"2706754","203","20.92"
"2706754","208","321"
"2706754","204","24.12"
"2706754","205","3.89"
"2706755","204","2.58"
"2706755","208","75"
"2706755","205","4.9"
"2706755","203","7.75"
"2706756","203","13.26"
"2706756","208","230"
"2706756","205","2.83"
"2706756","204","18.09"
"2706757","205","3.42"
"2706757","204","17.31"
"2706757","203","7.56"
"2706757","208","198"
"2706758","203","11.2"
"2706758","205","3.14"
"2706758","208","123"
"2706758","204","7.27"
"2706759","208","47"
"2706759","204","1.41"
"2706759","203","4.91"
"2706759","205","4.68"
"2706760","208","116"
"2706760","205","4.75"
"2706760","203","7"
"2706760","204","7.77"
"2706761","205","6.97"
"2706761","203","7.43"
"2706761","204","3.64"
"2706761","208","89"
"2706762","205","3.35"
"2706762","203","14.88"
"2706762","204","12.68"
"2706762","208","190"
"2706763","205","4.55"
"2706763","203","16.89"
"2706763","208","219"
"2706763","204","14.76"
"2706764","203","10.41"
"2706764","208","153"
"2706764","204","10.7"
"2706764","205","4.01"
"2706765","205","5.43"
"2706765","204","9.14"
"2706765","208","149"
"2706765","203","11.06"
"2706766","205","1.96"
"2706766","208","186"
"2706766","204","13.66"
"2706766","203","12.94"
"2706767","205","2.59"
"2706767","204","8.28"
"2706767","208","115"
"2706767","203","7.45"
"2706768","204","7.83"
"2706768","203","7.56"
"2706768","205","5.12"
"2706768","208","120"
"2706769","204","7.03"
"2706769","208","124"
"2706769","203","10.07"
"2706769","205","5.52"
"2706770","204","8.05"
"2706770","208","118"
"2706770","203","7.21"
"2706770","205","4.45"
"2706771","204","4.3"
"2706771","208","98"
"2706771","205","3.85"
"2706771","203","10.34"
"2706772","203","7.76"
"2706772","205","4.48"
"2706772","208","111"
"2706772","204","7.13"
"2706773","204","7.14"
"2706773","208","118"
"2706773","205","6.44"
"2706773","203","7.81"
"2706774","204","8.34"
"2706774","205","4.94"
"2706774","203","5.56"
"2706774","208","113"
"2706775","203","5.62"
"2706775","208","120"
"2706775","205","6.94"
"2706775","204","8.34"
"2706776","203","13.99"
"2706776","204","19.87"
"2706776","208","247"
"2706776","205","3.26"
"2706777","203","11.02"
"2706777","204","9.03"
"2706777","205","4.65"
"2706777","208","145"
"2706778","203","11.4"
"2706778","208","149"
"2706778","204","9.37"
"2706778","205","4.34"
"2706779","203","13.87"
"2706779","204","5.17"
"2706779","208","124"
"2706779","205","5.06"
"2706780","208","162"
"2706780","203","12.02"
"2706780","204","10.28"
"2706780","205","5.06"
"2706781","203","9.66"
"2706781","208","118"
"2706781","205","2.88"
"2706781","204","7.78"
"2706782","203","8.72"
"2706782","204","7.96"
"2706782","205","5.08"
"2706782","208","123"
"2706783","208","104"
"2706783","204","3.69"
"2706783","203","13.04"
"2706783","205","5.06"
"2706784","203","13.8"
"2706784","208","103"
"2706784","204","4.22"
"2706784","205","2.99"
"2706785","205","4.47"
"2706785","203","7.1"
"2706785","204","7.44"
"2706785","208","112"
"2706786","208","119"
"2706786","205","6.43"
"2706786","204","7.45"
"2706786","203","7.16"
"2706787","203","9.41"
"2706787","204","13.8"
"2706787","205","6.76"
"2706787","208","187"
"2706788","204","13.34"
"2706788","203","9.57"
"2706788","205","6.31"
"2706788","208","181"
"2706789","203","15.51"
"2706789","205","4.01"
"2706789","208","140"
"2706789","204","7.26"
"2706790","205","5.38"
"2706790","208","95"
"2706790","204","4.56"
"2706790","203","8.18"
"2706791","203","10.7"
"2706791","204","8.22"
"2706791","208","133"
"2706791","205","4.39"
"2706792","203","7.23"
"2706792","205","4.42"
"2706792","208","113"
"2706792","204","7.8"
"2706793","208","120"
"2706793","203","7.28"
"2706793","204","7.81"
"2706793","205","6.35"
"2706794","204","16.36"
"2706794","203","12.9"
"2706794","205","23.99"
"2706794","208","295"
"2706795","203","7.11"
"2706795","204","2.44"
"2706795","205","4.87"
"2706795","208","69"
"2706796","203","9.76"
"2706796","204","6.98"
"2706796","208","129"
"2706796","205","6.87"
"2706797","203","15.66"
"2706797","205","4.46"
"2706797","208","195"
"2706797","204","13.16"
"2706798","208","83"
"2706798","203","9.78"
"2706798","205","3.84"
"2706798","204","3.23"
"2706799","203","13.92"
"2706799","208","235"
"2706799","204","18.76"
"2706799","205","2.88"
"2706800","204","17.91"
"2706800","208","235"
"2706800","205","6.11"
"2706800","203","12.51"
"2706801","205","2.73"
"2706801","208","228"
"2706801","203","13.81"
"2706801","204","18.06"
"2706802","203","13.55"
"2706802","204","8.15"
"2706802","208","146"
"2706802","205","4.76"
"2706803","204","7.95"
"2706803","203","13.68"
"2706803","205","5.95"
"2706803","208","148"
"2706804","208","146"
"2706804","203","13.55"
"2706804","204","8.15"
"2706804","205","4.76"
"2706805","208","188"
"2706805","205","4.02"
"2706805","203","13.76"
"2706805","204","13.09"
"2706806","203","13.75"
"2706806","208","128"
"2706806","205","4.28"
"2706806","204","6.36"
"2706807","204","7.84"
"2706807","208","146"
"2706807","203","13.62"
"2706807","205","5.37"
"2706808","203","13.56"
"2706808","205","4.93"
"2706808","204","4.71"
"2706808","208","116"
"2706809","203","13.32"
"2706809","205","6.28"
"2706809","208","111"
"2706809","204","3.81"
"2706810","205","3.04"
"2706810","208","64"
"2706810","203","10.1"
"2706810","204","1.33"
"2706811","205","2.62"
"2706811","203","10.85"
"2706811","204","1.41"
"2706811","208","66"
"2706812","203","10.95"
"2706812","205","3"
"2706812","208","106"
"2706812","204","5.61"
"2706813","203","6.78"
"2706813","208","122"
"2706813","204","7.72"
"2706813","205","6.36"
"2706814","208","93"
"2706814","204","4.52"
"2706814","205","3.02"
"2706814","203","10.26"
"2706815","204","7.9"
"2706815","205","6.47"
"2706815","203","6.5"
"2706815","208","123"
"2706816","208","130"
"2706816","204","5.46"
"2706816","203","11.44"
"2706816","205","9.5"
"2706817","204","5.26"
"2706817","208","116"
"2706817","203","10.24"
"2706817","205","8.11"
"2706818","205","2.99"
"2706818","204","1.94"
"2706818","203","8.52"
"2706818","208","63"
"2706819","208","115"
"2706819","203","6.31"
"2706819","204","6.85"
"2706819","205","7.08"
"2706820","204","7.24"
"2706820","205","3.88"
"2706820","203","9.83"
"2706820","208","119"
"2706821","205","5.54"
"2706821","203","9.87"
"2706821","208","124"
"2706821","204","7.24"
"2706822","205","2.54"
"2706822","204","13.12"
"2706822","203","14"
"2706822","208","183"
"2706823","208","200"
"2706823","203","25.15"
"2706823","204","11.01"
"2706823","205","0"
"2706824","208","188"
"2706824","205","1.27"
"2706824","203","9.4"
"2706824","204","15.89"
"2706825","205","1.22"
"2706825","208","187"
"2706825","204","15.4"
"2706825","203","10.29"
"2706826","203","10.82"
"2706826","205","2.73"
"2706826","204","17.36"
"2706826","208","213"
"2706827","203","8.8"
"2706827","205","4.27"
"2706827","208","69"
"2706827","204","1.69"
"2706828","204","15.84"
"2706828","203","10.07"
"2706828","208","194"
"2706828","205","2.89"
"2706829","203","9.78"
"2706829","208","106"
"2706829","205","4.75"
"2706829","204","5.4"
"2706830","203","9.88"
"2706830","205","5.92"
"2706830","204","5.19"
"2706830","208","108"
"2706831","208","106"
"2706831","203","9.78"
"2706831","205","4.75"
"2706831","204","5.4"
"2706832","205","4.02"
"2706832","208","148"
"2706832","204","10.29"
"2706832","203","9.98"
"2706833","205","7.38"
"2706833","204","1.16"
"2706833","203","9.82"
"2706833","208","78"
"2706834","203","9.83"
"2706834","208","106"
"2706834","205","5.35"
"2706834","204","5.08"
"2706835","204","2"
"2706835","203","9.78"
"2706835","208","76"
"2706835","205","4.91"
"2706836","203","9.6"
"2706836","208","72"
"2706836","205","6.25"
"2706836","204","1.15"
"2706837","203","10.68"
"2706837","204","16.2"
"2706837","205","1.27"
"2706837","208","196"
"2706838","204","15.82"
"2706838","205","1.25"
"2706838","208","190"
"2706838","203","10.12"
"2706839","203","11.33"
"2706839","205","2.85"
"2706839","204","17.58"
"2706839","208","214"
"2706840","203","10.28"
"2706840","205","2.74"
"2706840","204","15.4"
"2706840","208","190"
"2706841","205","2.77"
"2706841","208","65"
"2706841","203","8.28"
"2706841","204","2.04"
"2706842","203","8.8"
"2706842","204","2.14"
"2706842","205","2.39"
"2706842","208","67"
"2706843","203","4.07"
"2706843","204","16.28"
"2706843","205","8.66"
"2706843","208","197"
"2706844","208","177"
"2706844","203","4.01"
"2706844","204","16"
"2706844","205","4.53"
"2706845","208","47"
"2706845","203","7.66"
"2706845","204","0.5"
"2706845","205","2.62"
"2706846","203","7.12"
"2706846","205","3.04"
"2706846","208","47"
"2706846","204","0.49"
"2706847","208","64"
"2706847","205","2.39"
"2706847","204","2.05"
"2706847","203","8.41"
"2706848","203","7.91"
"2706848","204","1.95"
"2706848","205","2.77"
"2706848","208","62"
"2706849","204","7.53"
"2706849","208","134"
"2706849","203","7.64"
"2706849","205","9.38"
"2706850","204","1.86"
"2706850","205","3.31"
"2706850","208","60"
"2706850","203","7.55"
"2706851","203","9.35"
"2706851","204","7.25"
"2706851","205","3.8"
"2706851","208","118"
"2706852","208","124"
"2706852","203","9.25"
"2706852","204","6.87"
"2706852","205","6.78"
"2706853","203","9.16"
"2706853","204","6.4"
"2706853","205","5.15"
"2706853","208","116"
"2706854","204","6.64"
"2706854","208","118"
"2706854","203","9.47"
"2706854","205","4.86"
"2706855","205","5.74"
"2706855","208","83"
"2706855","204","1.59"
"2706855","203","11.23"
"2706856","204","5.16"
"2706856","205","4.51"
"2706856","208","124"
"2706856","203","14.33"
"2706857","203","13.94"
"2706857","208","173"
"2706857","204","10.74"
"2706857","205","5.32"
"2706858","203","9.04"
"2706858","204","5.12"
"2706858","205","8.39"
"2706858","208","115"
"2706859","203","9.41"
"2706859","205","5.89"
"2706859","204","6.38"
"2706859","208","120"
"2706860","205","5.63"
"2706860","203","9.73"
"2706860","204","6.62"
"2706860","208","122"
"2706861","208","111"
"2706861","203","6.25"
"2706861","205","5.92"
"2706861","204","6.92"
"2706862","204","6.93"
"2706862","203","6.3"
"2706862","205","7.63"
"2706862","208","117"
"2706863","208","106"
"2706863","204","7.26"
"2706863","205","4.39"
"2706863","203","6.28"
"2706864","208","112"
"2706864","205","6.3"
"2706864","203","6.33"
"2706864","204","7.26"
"2706865","204","5.99"
"2706865","208","104"
"2706865","205","4.64"
"2706865","203","7.79"
"2706866","208","106"
"2706866","204","6.22"
"2706866","203","8.04"
"2706866","205","4.33"
"2706867","203","9.41"
"2706867","205","5.06"
"2706867","208","68"
"2706867","204","1.05"
"2706868","208","155"
"2706868","203","11.81"
"2706868","204","10.3"
"2706868","205","3.42"
"2706869","205","3.94"
"2706869","204","10.55"
"2706869","203","10.75"
"2706869","208","154"
"2706870","208","170"
"2706870","203","9.67"
"2706870","205","5.56"
"2706870","204","11.95"
"2706871","205","2.81"
"2706871","208","183"
"2706871","204","15.94"
"2706871","203","6.61"
"2706872","203","9.78"
"2706872","208","83"
"2706872","204","3.23"
"2706872","205","3.84"
"2706873","208","140"
"2706873","205","0"
"2706873","203","15.25"
"2706873","204","8.32"
"2706874","208","158"
"2706874","203","11.62"
"2706874","205","3.75"
"2706874","204","10.7"
"2706875","203","12.89"
"2706875","208","226"
"2706875","204","17.69"
"2706875","205","2.87"
"2706876","208","129"
"2706876","203","16.68"
"2706876","205","6.97"
"2706876","204","3.6"
"2706877","208","214"
"2706877","204","18.5"
"2706877","203","8.38"
"2706877","205","3.83"
"2706878","203","20.26"
"2706878","208","179"
"2706878","205","4.41"
"2706878","204","8.69"
"2706879","204","3.68"
"2706879","208","83"
"2706879","203","8.54"
"2706879","205","4.03"
"2706880","203","12.75"
"2706880","205","33.83"
"2706880","204","12.03"
"2706880","208","287"
"2706881","204","9.4"
"2706881","208","232"
"2706881","203","12.77"
"2706881","205","23.3"
"2706882","208","238"
"2706882","203","15.34"
"2706882","204","8.12"
"2706882","205","24.86"
"2706883","204","6.42"
"2706883","203","11.32"
"2706883","208","185"
"2706883","205","19.95"
"2706884","204","6.44"
"2706884","203","11.85"
"2706884","205","18.43"
"2706884","208","180"
"2706885","204","8.5"
"2706885","205","24.86"
"2706885","208","245"
"2706885","203","16.48"
"2706886","205","23.3"
"2706886","208","240"
"2706886","203","17.02"
"2706886","204","8.52"
"2706887","208","298"
"2706887","205","25.02"
"2706887","203","16.15"
"2706887","204","14.29"
"2706888","208","296"
"2706888","204","16.15"
"2706888","205","18.71"
"2706888","203","17.87"
"2706889","205","23.96"
"2706889","208","299"
"2706889","204","14.78"
"2706889","203","16.42"
"2706890","205","23.66"
"2706890","208","265"
"2706890","204","12.32"
"2706890","203","14.02"
"2706891","204","12.09"
"2706891","208","235"
"2706891","205","19"
"2706891","203","12.02"
"2706892","203","13.49"
"2706892","208","270"
"2706892","205","25.46"
"2706892","204","12.9"
"2706893","205","23.42"
"2706893","208","250"
"2706893","204","8.64"
"2706893","203","18.73"
"2706894","204","16.41"
"2706894","203","18.09"
"2706894","205","17.9"
"2706894","208","297"
"2706895","208","298"
"2706895","203","17.6"
"2706895","205","19.61"
"2706895","204","16.05"
"2706896","203","18.22"
"2706896","204","16.07"
"2706896","208","292"
"2706896","205","17.84"
"2706897","205","18.71"
"2706897","208","296"
"2706897","204","16.15"
"2706897","203","17.87"
"2706898","208","256"
"2706898","203","15.68"
"2706898","204","11.6"
"2706898","205","22.14"
"2706899","208","268"
"2706899","205","17.73"
"2706899","203","13.69"
"2706899","204","15.8"
"2706900","203","15.21"
"2706900","205","19.72"
"2706900","204","14.4"
"2706900","208","269"
"2706901","204","16.15"
"2706901","205","18.71"
"2706901","203","17.87"
"2706901","208","296"
"2706902","208","291"
"2706902","204","16.17"
"2706902","203","18.46"
"2706902","205","17.01"
"2706903","203","18.74"
"2706903","208","299"
"2706903","205","15.26"
"2706903","204","17.61"
"2706904","208","295"
"2706904","205","13.9"
"2706904","203","19.21"
"2706904","204","17.62"
"2706905","204","17.86"
"2706905","208","296"
"2706905","203","19.31"
"2706905","205","13.31"
"2706906","204","17.88"
"2706906","208","292"
"2706906","203","19.72"
"2706906","205","12.11"
"2706907","203","19.64"
"2706907","205","11.79"
"2706907","208","300"
"2706907","204","18.84"
"2706908","204","18.85"
"2706908","208","297"
"2706908","203","20"
"2706908","205","10.76"
"2706909","203","18.74"
"2706909","204","17.61"
"2706909","205","15.26"
"2706909","208","299"
"2706910","205","9.66"
"2706910","204","19.36"
"2706910","208","299"
"2706910","203","20.24"
"2706911","204","19.37"
"2706911","203","20.53"
"2706911","205","8.81"
"2706911","208","296"
"2706912","203","18.12"
"2706912","204","16.6"
"2706912","205","17.68"
"2706912","208","297"
"2706913","204","15.73"
"2706913","205","16.92"
"2706913","208","278"
"2706913","203","16.3"
"2706914","203","16.24"
"2706914","204","16.18"
"2706914","208","282"
"2706914","205","17.97"
"2706915","204","16.18"
"2706915","208","282"
"2706915","205","17.97"
"2706915","203","16.24"
"2706916","205","21.53"
"2706916","203","11.94"
"2706916","204","14.1"
"2706916","208","261"
"2706917","208","300"
"2706917","203","19.64"
"2706917","204","18.84"
"2706917","205","11.79"
"2706918","205","9.66"
"2706918","204","19.36"
"2706918","203","20.24"
"2706918","208","299"
"2706919","203","15.27"
"2706919","204","11.35"
"2706919","208","285"
"2706919","205","29.18"
"2706920","204","14.38"
"2706920","203","17.51"
"2706920","205","20.68"
"2706920","208","288"
"2706921","205","28.27"
"2706921","204","11.68"
"2706921","208","285"
"2706921","203","15.51"
"2706922","208","254"
"2706922","205","25.98"
"2706922","203","13.63"
"2706922","204","10.24"
"2706923","208","216"
"2706923","203","10.73"
"2706923","204","9.58"
"2706923","205","21.14"
"2706924","205","29.57"
"2706924","203","13.3"
"2706924","208","263"
"2706924","204","10.18"
"2706925","203","17.8"
"2706925","205","25.67"
"2706925","208","243"
"2706925","204","7.36"
"2706926","208","288"
"2706926","205","19.71"
"2706926","203","17.76"
"2706926","204","14.72"
"2706927","205","22.22"
"2706927","208","287"
"2706927","203","17.1"
"2706927","204","13.83"
"2706928","205","20.14"
"2706928","208","280"
"2706928","203","17.83"
"2706928","204","13.86"
"2706929","203","17.51"
"2706929","205","20.68"
"2706929","204","14.38"
"2706929","208","288"
"2706930","208","289"
"2706930","205","17.12"
"2706930","204","15.63"
"2706930","203","18.43"
"2706931","203","11.34"
"2706931","208","226"
"2706931","204","12.37"
"2706931","205","17.33"
"2706932","203","17.51"
"2706932","204","14.38"
"2706932","208","288"
"2706932","205","20.68"
"2706933","208","281"
"2706933","205","18.74"
"2706933","203","18.18"
"2706933","204","14.4"
"2706934","205","17.12"
"2706934","204","15.63"
"2706934","203","18.43"
"2706934","208","289"
"2706935","205","15.52"
"2706935","203","18.99"
"2706935","208","283"
"2706935","204","15.66"
"2706936","203","19.18"
"2706936","205","14.26"
"2706936","208","289"
"2706936","204","16.65"
"2706937","204","16.66"
"2706937","208","285"
"2706937","205","12.93"
"2706937","203","19.65"
"2706938","208","290"
"2706938","204","17.09"
"2706938","203","19.51"
"2706938","205","13.02"
"2706939","203","19.93"
"2706939","204","17.11"
"2706939","208","286"
"2706939","205","11.8"
"2706940","203","20.22"
"2706940","205","10.33"
"2706940","204","18.05"
"2706940","208","290"
"2706941","203","20.56"
"2706941","205","9.36"
"2706941","208","287"
"2706941","204","18.06"
"2706942","208","288"
"2706942","204","14.73"
"2706942","203","17.76"
"2706942","205","19.68"
"2706943","203","19.51"
"2706943","204","17.09"
"2706943","208","290"
"2706943","205","13.02"
"2706944","205","10.33"
"2706944","204","18.05"
"2706944","203","20.22"
"2706944","208","290"
"2706945","208","207"
"2706945","205","21.31"
"2706945","203","11.3"
"2706945","204","8.23"
"2706946","205","28.73"
"2706946","208","217"
"2706946","204","6.15"
"2706946","203","11.75"
"2706947","205","17.67"
"2706947","203","14.76"
"2706947","208","232"
"2706947","204","11.01"
"2706948","203","13.65"
"2706948","208","259"
"2706948","205","25.68"
"2706948","204","11.02"
"2706949","205","22.51"
"2706949","208","274"
"2706949","204","13.69"
"2706949","203","14.68"
"2706950","208","257"
"2706950","203","14.67"
"2706950","205","23.72"
"2706950","204","11.22"
"2706951","208","273"
"2706951","205","20.86"
"2706951","204","13.86"
"2706951","203","15.55"
"2706952","208","282"
"2706952","203","10.01"
"2706952","204","19.43"
"2706952","205","16.42"
"2706953","205","25.76"
"2706953","203","13.87"
"2706953","204","3.64"
"2706953","208","194"
"2706954","203","14.87"
"2706954","208","219"
"2706954","204","7.44"
"2706954","205","22.58"
"2706955","203","14.89"
"2706955","204","3.84"
"2706955","208","192"
"2706955","205","23.8"
"2706956","203","15.73"
"2706956","204","7.61"
"2706956","205","20.93"
"2706956","208","217"
"2706957","208","184"
"2706957","203","13.23"
"2706957","204","3.47"
"2706957","205","24.47"
"2706958","205","25.45"
"2706958","204","8.07"
"2706958","203","17.91"
"2706958","208","249"
"2706959","208","247"
"2706959","204","8.27"
"2706959","203","18.93"
"2706959","205","23.49"
"2706960","208","270"
"2706960","204","12.03"
"2706960","203","18.39"
"2706960","205","21.48"
"2706961","204","12.2"
"2706961","205","19.9"
"2706961","203","19.22"
"2706961","208","268"
"2706962","205","18.78"
"2706962","208","184"
"2706962","203","11.24"
"2706962","204","6.76"
"2706963","208","299"
"2706963","203","16.86"
"2706963","205","20.38"
"2706963","204","16.06"
"2706964","205","25.58"
"2706964","208","187"
"2706964","203","12.94"
"2706964","204","3.66"
"2706965","208","213"
"2706965","203","14.08"
"2706965","205","22.43"
"2706965","204","7.46"
"2706966","208","185"
"2706966","205","23.62"
"2706966","203","13.96"
"2706966","204","3.86"
"2706967","208","212"
"2706967","203","14.94"
"2706967","204","7.62"
"2706967","205","20.78"
"2706968","205","22.85"
"2706968","203","13.34"
"2706968","208","178"
"2706968","204","3.66"
"2706969","204","8.06"
"2706969","205","19.7"
"2706969","203","14.59"
"2706969","208","210"
"2706970","203","13.54"
"2706970","205","22.51"
"2706970","204","9.38"
"2706970","208","230"
"2706971","208","242"
"2706971","203","11.98"
"2706971","204","13.26"
"2706971","205","18.29"
"2706972","203","12.64"
"2706972","208","241"
"2706972","204","13.38"
"2706972","205","17.03"
"2706973","204","10.69"
"2706973","205","16.3"
"2706973","208","228"
"2706973","203","15.86"
"2706974","205","26.5"
"2706974","208","223"
"2706974","203","13.66"
"2706974","204","6.47"
"2706975","205","24.86"
"2706975","204","8.83"
"2706975","208","243"
"2706975","203","14.97"
"2706976","208","238"
"2706976","203","15.52"
"2706976","205","23.3"
"2706976","204","8.86"
"2706977","208","226"
"2706977","203","17.73"
"2706977","205","25.45"
"2706977","204","5.47"
"2706978","204","8.99"
"2706978","208","246"
"2706978","205","22.32"
"2706978","203","18.14"
"2706979","204","7.54"
"2706979","208","231"
"2706979","203","10.89"
"2706979","205","29.71"
"2706980","204","7.76"
"2706980","203","12.02"
"2706980","208","229"
"2706980","205","27.53"
"2706981","203","12.03"
"2706981","204","3.68"
"2706981","205","26.51"
"2706981","208","189"
"2706982","204","7.47"
"2706982","203","13.31"
"2706982","208","215"
"2706982","205","23.22"
"2706983","203","13.05"
"2706983","208","187"
"2706983","204","3.88"
"2706983","205","24.56"
"2706984","208","214"
"2706984","204","7.64"
"2706984","205","21.56"
"2706984","203","14.17"
"2706985","205","23.89"
"2706985","208","180"
"2706985","203","12.33"
"2706985","204","3.69"
"2706986","204","8.07"
"2706986","205","20.55"
"2706986","208","212"
"2706986","203","13.76"
"2706987","203","12.77"
"2706987","205","23.3"
"2706987","204","9.4"
"2706987","208","232"
"2706988","203","13.72"
"2706988","208","176"
"2706988","204","2.66"
"2706988","205","24.28"
"2706989","208","208"
"2706989","203","14.9"
"2706989","204","7.23"
"2706989","205","20.87"
"2706990","203","12.42"
"2706990","205","18.32"
"2706990","208","246"
"2706990","204","13.7"
"2706991","203","13.08"
"2706991","204","13.83"
"2706991","205","17.06"
"2706991","208","245"
"2706992","203","12.89"
"2706992","205","16.99"
"2706992","204","16.56"
"2706992","208","269"
"2706993","204","7.48"
"2706993","203","15.08"
"2706993","205","23.09"
"2706993","208","222"
"2706994","204","10.35"
"2706994","208","241"
"2706994","203","15.81"
"2706994","205","20.62"
"2706995","205","21.38"
"2706995","203","15.98"
"2706995","204","7.65"
"2706995","208","220"
"2706996","205","19.13"
"2706996","204","10.5"
"2706996","203","16.58"
"2706996","208","239"
"2706997","204","10.55"
"2706997","208","234"
"2706997","203","15.99"
"2706997","205","18.43"
"2706998","203","15.92"
"2706998","204","4.4"
"2706998","205","24.86"
"2706998","208","204"
"2706999","205","23.3"
"2706999","208","199"
"2706999","204","4.42"
"2706999","203","16.47"
"2707000","205","27.48"
"2707000","208","281"
"2707000","203","12.17"
"2707000","204","13.46"
"2707001","208","251"
"2707001","204","8.06"
"2707001","203","14.62"
"2707001","205","29.8"
"2707002","204","19.09"
"2707002","203","10.78"
"2707002","205","26.41"
"2707002","208","320"
"2707003","204","13.46"
"2707003","205","27.48"
"2707003","208","281"
"2707003","203","12.17"
"2707004","203","13.2"
"2707004","208","291"
"2707004","205","24.66"
"2707004","204","15.34"
"2707005","204","6.18"
"2707005","203","21.5"
"2707005","208","226"
"2707005","205","19.4"
"2707006","208","243"
"2707006","203","21.36"
"2707006","205","17.55"
"2707006","204","9.05"
"2707007","205","27.48"
"2707007","204","13.46"
"2707007","208","281"
"2707007","203","12.17"
"2707008","203","12.45"
"2707008","205","28.11"
"2707008","204","11.67"
"2707008","208","269"
"2707009","208","280"
"2707009","204","13.82"
"2707009","203","13.46"
"2707009","205","25.16"
"2707010","208","263"
"2707010","203","13.08"
"2707010","204","11.7"
"2707010","205","26.3"
"2707011","203","14.01"
"2707011","208","275"
"2707011","204","13.84"
"2707011","205","23.58"
"2707012","205","19.69"
"2707012","204","4.84"
"2707012","203","21.82"
"2707012","208","216"
"2707013","205","17.78"
"2707013","208","235"
"2707013","203","21.64"
"2707013","204","7.92"
"2707014","208","210"
"2707014","205","17.84"
"2707014","203","22.46"
"2707014","204","4.87"
"2707015","204","7.94"
"2707015","203","22.19"
"2707015","208","230"
"2707015","205","16.17"
"2707016","204","16.68"
"2707016","205","24.42"
"2707016","203","12.68"
"2707016","208","299"
"2707017","208","252"
"2707017","203","20.83"
"2707017","204","10.42"
"2707017","205","17.3"
"2707018","203","20.03"
"2707018","205","20.68"
"2707018","204","7.69"
"2707018","208","234"
"2707019","205","18.74"
"2707019","208","227"
"2707019","203","20.7"
"2707019","204","7.72"
"2707020","205","25.7"
"2707020","203","14.46"
"2707020","204","8.15"
"2707020","208","235"
"2707021","205","22.85"
"2707021","208","252"
"2707021","204","10.95"
"2707021","203","15.27"
"2707022","204","11.18"
"2707022","205","19.39"
"2707022","203","12.74"
"2707022","208","231"
"2707023","208","279"
"2707023","204","15.93"
"2707023","205","19.37"
"2707023","203","13.86"
"2707024","204","9.82"
"2707024","205","24.67"
"2707024","203","11.32"
"2707024","208","234"
"2707025","208","209"
"2707025","203","15"
"2707025","204","4.34"
"2707025","205","27.4"
"2707026","208","252"
"2707026","204","10.95"
"2707026","203","15.27"
"2707026","205","22.85"
"2707027","203","14.48"
"2707027","208","236"
"2707027","205","25.74"
"2707027","204","8.16"
"2707028","208","252"
"2707028","203","15.29"
"2707028","205","22.88"
"2707028","204","10.96"
"2707029","208","229"
"2707029","204","8.19"
"2707029","205","23.77"
"2707029","203","15.16"
"2707030","204","10.98"
"2707030","203","15.88"
"2707030","208","247"
"2707030","205","21.18"
"2707031","208","180"
"2707031","205","21.21"
"2707031","204","3.29"
"2707031","203","16.06"
"2707032","203","14.73"
"2707032","204","12.44"
"2707032","205","22.61"
"2707032","208","262"
"2707033","203","17.87"
"2707033","205","21.87"
"2707033","208","234"
"2707033","204","7.96"
"2707034","204","11.76"
"2707034","205","18.33"
"2707034","203","9.86"
"2707034","208","218"
"2707035","205","16.94"
"2707035","208","233"
"2707035","204","13.5"
"2707035","203","10.96"
"2707036","204","11.89"
"2707036","208","217"
"2707036","205","17.07"
"2707036","203","10.52"
"2707037","203","11.55"
"2707037","205","15.81"
"2707037","208","232"
"2707037","204","13.62"
"2707038","205","16.99"
"2707038","204","14.82"
"2707038","203","10.59"
"2707038","208","244"
"2707039","205","17.24"
"2707039","204","11.75"
"2707039","203","9.89"
"2707039","208","216"
"2707040","205","28.49"
"2707040","203","9.87"
"2707040","204","13.33"
"2707040","208","274"
"2707041","205","24.9"
"2707041","208","287"
"2707041","204","15.65"
"2707041","203","11.48"
"2707042","208","272"
"2707042","203","10.89"
"2707042","204","13.53"
"2707042","205","26.54"
"2707043","205","23.24"
"2707043","203","12.34"
"2707043","204","15.82"
"2707043","208","285"
"2707044","203","8.57"
"2707044","204","12.02"
"2707044","205","26.96"
"2707044","208","250"
"2707045","204","20.85"
"2707045","203","11.42"
"2707045","205","19.22"
"2707045","208","310"
"2707046","204","17.14"
"2707046","205","25.8"
"2707046","208","321"
"2707046","203","15.05"
"2707047","203","15.87"
"2707047","208","326"
"2707047","204","18.87"
"2707047","205","22.61"
"2707048","203","16.07"
"2707048","204","17.34"
"2707048","208","319"
"2707048","205","23.84"
"2707049","204","19.04"
"2707049","205","20.96"
"2707049","203","16.73"
"2707049","208","325"
"2707050","205","18.9"
"2707050","203","15.7"
"2707050","204","18.78"
"2707050","208","309"
"2707051","208","308"
"2707051","204","18.92"
"2707051","205","17.53"
"2707051","203","16.42"
"2707052","204","20.05"
"2707052","203","16.23"
"2707052","205","16.42"
"2707052","208","313"
"2707053","208","300"
"2707053","205","23.47"
"2707053","203","14.45"
"2707053","204","16.29"
"2707054","204","16.32"
"2707054","208","293"
"2707054","203","15.18"
"2707054","205","21.38"
"2707055","203","10.03"
"2707055","208","266"
"2707055","205","27.64"
"2707055","204","12.83"
"2707056","203","10.85"
"2707056","205","23.73"
"2707056","208","296"
"2707056","204","17.37"
"2707057","208","290"
"2707057","203","11.57"
"2707057","205","21.65"
"2707057","204","17.4"
"2707058","208","295"
"2707058","203","10.92"
"2707058","205","18.86"
"2707058","204","19.58"
"2707059","205","17.56"
"2707059","203","11.6"
"2707059","204","19.72"
"2707059","208","294"
"2707060","204","17.37"
"2707060","205","23.73"
"2707060","208","296"
"2707060","203","10.85"
"2707061","208","290"
"2707061","204","17.4"
"2707061","203","11.57"
"2707061","205","21.65"
"2707062","204","19.58"
"2707062","205","18.86"
"2707062","203","10.92"
"2707062","208","295"
"2707063","205","17.56"
"2707063","208","294"
"2707063","203","11.6"
"2707063","204","19.72"
"2707064","204","15.24"
"2707064","203","9.74"
"2707064","205","24.92"
"2707064","208","278"
"2707065","205","22.84"
"2707065","204","15.27"
"2707065","203","10.46"
"2707065","208","271"
"2707066","205","20.25"
"2707066","203","9.62"
"2707066","208","274"
"2707066","204","17.08"
"2707067","203","10.3"
"2707067","208","272"
"2707067","204","17.21"
"2707067","205","18.95"
"2707068","203","11.14"
"2707068","208","248"
"2707068","205","24.24"
"2707068","204","11.39"
"2707069","205","22.17"
"2707069","203","11.86"
"2707069","204","11.42"
"2707069","208","241"
"2707070","204","12.57"
"2707070","205","19.46"
"2707070","208","238"
"2707070","203","11.26"
"2707071","208","237"
"2707071","205","18.16"
"2707071","203","11.94"
"2707071","204","12.7"
"2707072","205","24.96"
"2707072","204","10.47"
"2707072","208","244"
"2707072","203","11.99"
"2707073","208","237"
"2707073","205","22.89"
"2707073","203","12.71"
"2707073","204","10.5"
"2707074","204","11.5"
"2707074","203","12.26"
"2707074","208","234"
"2707074","205","20.31"
"2707075","203","12.94"
"2707075","208","233"
"2707075","205","19"
"2707075","204","11.63"
"2707076","205","24.3"
"2707076","203","15.76"
"2707076","204","9.89"
"2707076","208","251"
"2707077","204","10.69"
"2707077","205","20.15"
"2707077","203","16.56"
"2707077","208","243"
"2707078","203","9.94"
"2707078","208","223"
"2707078","204","11.98"
"2707078","205","18.75"
"2707079","203","10.39"
"2707079","208","219"
"2707079","204","11.99"
"2707079","205","17.48"
"2707080","203","9.89"
"2707080","208","215"
"2707080","205","15.45"
"2707080","204","12.71"
"2707081","208","215"
"2707081","204","12.79"
"2707081","203","10.29"
"2707081","205","14.7"
"2707082","204","5.62"
"2707082","203","12.87"
"2707082","208","190"
"2707082","205","21.66"
"2707083","208","211"
"2707083","205","19.54"
"2707083","204","8.53"
"2707083","203","13.83"
"2707084","205","20.08"
"2707084","208","189"
"2707084","204","5.78"
"2707084","203","13.69"
"2707085","208","210"
"2707085","203","14.54"
"2707085","205","18.17"
"2707085","204","8.67"
"2707086","205","19.25"
"2707086","204","5.76"
"2707086","208","183"
"2707086","203","13.18"
"2707087","204","9.07"
"2707087","205","17.18"
"2707087","208","208"
"2707087","203","14.23"
"2707088","205","19.61"
"2707088","203","13.38"
"2707088","208","226"
"2707088","204","10.13"
"2707089","203","13.12"
"2707089","208","172"
"2707089","204","3.68"
"2707089","205","21.22"
"2707090","204","6.83"
"2707090","203","14.04"
"2707090","205","19.16"
"2707090","208","195"
"2707091","205","19.65"
"2707091","204","3.84"
"2707091","203","13.94"
"2707091","208","170"
"2707092","208","194"
"2707092","204","6.97"
"2707092","205","17.79"
"2707092","203","14.76"
"2707093","208","163"
"2707093","205","18.57"
"2707093","203","13.47"
"2707093","204","3.69"
"2707094","204","7.26"
"2707094","203","14.47"
"2707094","205","16.62"
"2707094","208","191"
"2707095","203","6.82"
"2707095","208","146"
"2707095","205","10.94"
"2707095","204","8.4"
"2707096","203","6.82"
"2707096","208","146"
"2707096","204","8.4"
"2707096","205","10.94"
"2707097","203","10.64"
"2707097","204","6.95"
"2707097","205","4.69"
"2707097","208","125"
"2707098","208","146"
"2707098","205","10.94"
"2707098","203","6.82"
"2707098","204","8.4"
"2707099","204","8.4"
"2707099","203","6.82"
"2707099","208","146"
"2707099","205","10.94"
"2707100","205","12.62"
"2707100","204","6.66"
"2707100","203","7.65"
"2707100","208","141"
"2707101","208","202"
"2707101","203","10.41"
"2707101","205","20.36"
"2707101","204","8.51"
"2707102","204","7.28"
"2707102","205","6.59"
"2707102","203","8.12"
"2707102","208","125"
"2707103","204","3.35"
"2707103","208","112"
"2707103","203","9.88"
"2707103","205","10.31"
"2707104","208","118"
"2707104","203","6.92"
"2707104","204","4.37"
"2707104","205","12.23"
"2707105","203","8.48"
"2707105","208","124"
"2707105","205","10.73"
"2707105","204","5.18"
"2707106","205","10.63"
"2707106","203","10.26"
"2707106","204","8.13"
"2707106","208","157"
"2707107","205","16"
"2707107","203","10.68"
"2707107","208","175"
"2707107","204","8.1"
"2707108","208","201"
"2707108","205","18.05"
"2707108","203","10.88"
"2707108","204","9.93"
"2707109","205","22.46"
"2707109","204","1.56"
"2707109","203","5.65"
"2707109","208","126"
"2707110","203","9.81"
"2707110","208","111"
"2707110","204","3.03"
"2707110","205","10.99"
"2707111","208","120"
"2707111","205","7.24"
"2707111","203","10.67"
"2707111","204","5.41"
"2707112","204","5.57"
"2707112","208","171"
"2707112","203","10.45"
"2707112","205","19.65"
"2707113","203","10.07"
"2707113","204","2.86"
"2707113","205","11.66"
"2707113","208","114"
"2707114","208","85"
"2707114","203","7.58"
"2707114","204","1.89"
"2707114","205","9.78"
"2707115","205","18.06"
"2707115","208","109"
"2707115","204","0.91"
"2707115","203","6.56"
"2707116","204","5.18"
"2707116","205","10.73"
"2707116","203","8.48"
"2707116","208","124"
"2707117","205","10.66"
"2707117","203","9.3"
"2707117","204","1.82"
"2707117","208","96"
"2707118","205","16.32"
"2707118","208","128"
"2707118","204","3.89"
"2707118","203","6.97"
"2707119","205","10.98"
"2707119","208","101"
"2707119","204","3.78"
"2707119","203","5.46"
"2707120","208","91"
"2707120","203","5.29"
"2707120","204","1.72"
"2707120","205","13.45"
"2707121","203","6.66"
"2707121","205","10.13"
"2707121","204","7.4"
"2707121","208","134"
"2707122","203","6.66"
"2707122","208","134"
"2707122","204","7.4"
"2707122","205","10.13"
"2707123","205","5.53"
"2707123","208","52"
"2707123","204","2.17"
"2707123","203","2.65"
"2707124","208","77"
"2707124","203","5.81"
"2707124","205","5.6"
"2707124","204","3.33"
"2707125","203","1.42"
"2707125","205","5.9"
"2707125","208","37"
"2707125","204","0.93"
"2707126","203","3.06"
"2707126","204","5.75"
"2707126","205","6.79"
"2707126","208","91"
"2707127","204","1.17"
"2707127","208","37"
"2707127","203","1.94"
"2707127","205","4.86"
"2707128","208","71"
"2707128","205","4.04"
"2707128","204","3.4"
"2707128","203","5.91"
"2707129","208","43"
"2707129","204","1.23"
"2707129","203","3.38"
"2707129","205","4.59"
"2707130","205","7.38"
"2707130","204","2.4"
"2707130","203","3.57"
"2707130","208","66"
"2707131","208","48"
"2707131","205","4.04"
"2707131","204","2.17"
"2707131","203","3.14"
"2707132","203","0.89"
"2707132","205","0.24"
"2707132","204","0.22"
"2707132","208","6"
"2707133","204","0.72"
"2707133","208","33"
"2707133","203","2.02"
"2707133","205","4.86"
"2707134","204","1.14"
"2707134","203","3.44"
"2707134","208","40"
"2707134","205","4.04"
"2707135","208","55"
"2707135","205","4.04"
"2707135","204","1.58"
"2707135","203","6.23"
"2707136","208","39"
"2707136","203","2.58"
"2707136","204","1.21"
"2707136","205","4.35"
"2707137","204","5.42"
"2707137","205","6.79"
"2707137","203","4"
"2707137","208","91"
"2707138","203","2.48"
"2707138","204","0.51"
"2707138","205","5.26"
"2707138","208","35"
"2707139","208","93"
"2707139","203","3.12"
"2707139","205","9.25"
"2707139","204","4.8"
"2707140","204","4.81"
"2707140","205","5.9"
"2707140","208","75"
"2707140","203","2.28"
"2707141","208","59"
"2707141","203","6.19"
"2707141","204","1.78"
"2707141","205","4.63"
"2707142","204","1.89"
"2707142","205","4.63"
"2707142","203","6.52"
"2707142","208","61"
"2707143","203","2.58"
"2707143","204","0.47"
"2707143","205","4.04"
"2707143","208","30"
"2707144","208","48"
"2707144","205","5.29"
"2707144","203","0.71"
"2707144","204","2.62"
"2707145","204","2.36"
"2707145","208","53"
"2707145","205","4.81"
"2707145","203","3.75"
"2707146","203","3.75"
"2707146","205","4.81"
"2707146","208","53"
"2707146","204","2.36"
"2707147","205","5.29"
"2707147","203","0.71"
"2707147","204","2.62"
"2707147","208","48"
"2707148","204","0.29"
"2707148","205","9.82"
"2707148","203","0.82"
"2707148","208","46"
"2707149","203","3.75"
"2707149","208","53"
"2707149","205","4.81"
"2707149","204","2.36"
"2707150","203","1.35"
"2707150","208","51"
"2707150","205","10.92"
"2707150","204","0.25"
"2707151","208","75"
"2707151","204","3.82"
"2707151","205","10.77"
"2707151","203","0.98"
"2707152","205","0.96"
"2707152","203","12.4"
"2707152","204","9.96"
"2707152","208","143"
"2707153","205","0.92"
"2707153","203","11.84"
"2707153","208","176"
"2707153","204","13.86"
"2707154","203","12.4"
"2707154","204","9.96"
"2707154","208","143"
"2707154","205","0.96"
"2707155","203","11.58"
"2707155","204","15"
"2707155","205","0.91"
"2707155","208","185"
"2707156","204","9.93"
"2707156","205","0.96"
"2707156","208","143"
"2707156","203","12.36"
"2707157","208","171"
"2707157","203","11.57"
"2707157","204","13.52"
"2707157","205","0.95"
"2707158","208","192"
"2707158","203","11.56"
"2707158","204","15.81"
"2707158","205","0.9"
"2707159","208","182"
"2707159","203","11.61"
"2707159","204","14.64"
"2707159","205","0.9"
"2707160","204","15.3"
"2707160","208","188"
"2707160","205","0.9"
"2707160","203","11.7"
"2707161","204","10.61"
"2707161","208","149"
"2707161","203","12.24"
"2707161","205","1.15"
"2707162","203","11.58"
"2707162","208","185"
"2707162","204","15"
"2707162","205","0.91"
"2707163","205","0.9"
"2707163","204","15.81"
"2707163","203","11.56"
"2707163","208","192"
"2707164","205","0.91"
"2707164","203","11.58"
"2707164","204","15"
"2707164","208","185"
"2707165","203","12.36"
"2707165","208","143"
"2707165","205","0.96"
"2707165","204","9.93"
"2707166","205","0.91"
"2707166","204","15"
"2707166","208","185"
"2707166","203","11.58"
"2707167","205","1.11"
"2707167","203","12.49"
"2707167","204","10.54"
"2707167","208","154"
"2707168","203","10.7"
"2707168","208","52"
"2707168","205","2.36"
"2707168","204","0"
"2707169","205","2.21"
"2707169","208","100"
"2707169","204","5.72"
"2707169","203","9.99"
"2707170","203","10.67"
"2707170","204","0"
"2707170","205","2.35"
"2707170","208","52"
"2707171","205","2.21"
"2707171","203","9.99"
"2707171","208","100"
"2707171","204","5.72"
"2707172","208","328"
"2707172","204","28.8"
"2707172","203","16.2"
"2707172","205","1.02"
"2707173","203","15.12"
"2707173","204","32.56"
"2707173","208","357"
"2707173","205","0.96"
"2707174","203","16.15"
"2707174","205","1.02"
"2707174","204","28.71"
"2707174","208","327"
"2707175","208","357"
"2707175","203","15.12"
"2707175","205","0.96"
"2707175","204","32.56"
"2707176","204","18.55"
"2707176","208","224"
"2707176","203","11.96"
"2707176","205","1.36"
"2707177","208","224"
"2707177","204","18.09"
"2707177","203","12.94"
"2707177","205","1.27"
"2707178","205","0.41"
"2707178","204","11.06"
"2707178","208","158"
"2707178","203","13.01"
"2707179","205","5.52"
"2707179","204","10.35"
"2707179","203","7.79"
"2707179","208","148"
"2707180","205","8.48"
"2707180","204","22.1"
"2707180","208","288"
"2707180","203","13.81"
"2707181","205","1.07"
"2707181","203","11.52"
"2707181","204","15.9"
"2707181","208","198"
"2707182","208","257"
"2707182","205","1.01"
"2707182","203","10.26"
"2707182","204","23.14"
"2707183","203","9.97"
"2707183","208","172"
"2707183","204","13"
"2707183","205","2.82"
"2707184","203","10.07"
"2707184","205","3.93"
"2707184","208","174"
"2707184","204","12.83"
"2707185","205","2.82"
"2707185","203","9.97"
"2707185","208","172"
"2707185","204","13"
"2707186","208","212"
"2707186","204","17.68"
"2707186","205","2.12"
"2707186","203","10.17"
"2707187","208","155"
"2707187","204","11.29"
"2707187","205","2.37"
"2707187","203","10.17"
"2707188","204","12.74"
"2707188","203","10.02"
"2707188","205","3.38"
"2707188","208","172"
"2707189","203","9.98"
"2707189","204","9.74"
"2707189","205","2.98"
"2707189","208","143"
"2707190","208","139"
"2707190","205","4.29"
"2707190","203","9.8"
"2707190","204","8.82"
"2707191","205","8.85"
"2707191","208","121"
"2707191","203","6.68"
"2707191","204","6.65"
"2707192","204","9.75"
"2707192","205","10.22"
"2707192","208","175"
"2707192","203","11.43"
"2707193","203","11.69"
"2707193","204","6.16"
"2707193","208","125"
"2707193","205","5.2"
"2707194","208","137"
"2707194","203","12.79"
"2707194","205","4.78"
"2707194","204","7.38"
"2707195","208","149"
"2707195","204","8.25"
"2707195","203","13.29"
"2707195","205","4.78"
"2707196","204","6.16"
"2707196","208","125"
"2707196","205","5.2"
"2707196","203","11.69"
"2707197","203","13.82"
"2707197","205","4.78"
"2707197","204","8.08"
"2707197","208","147"
"2707198","204","15"
"2707198","203","11.58"
"2707198","205","0.91"
"2707198","208","185"
"2707199","205","0.95"
"2707199","204","13.52"
"2707199","208","171"
"2707199","203","11.57"
"2707200","205","0.9"
"2707200","208","192"
"2707200","203","11.56"
"2707200","204","15.81"
"2707201","203","11.61"
"2707201","204","14.64"
"2707201","208","182"
"2707201","205","0.9"
"2707202","208","188"
"2707202","205","0.9"
"2707202","203","11.7"
"2707202","204","15.3"
"2707203","204","10.61"
"2707203","208","149"
"2707203","203","12.24"
"2707203","205","1.15"
"2707204","204","15"
"2707204","208","185"
"2707204","205","0.91"
"2707204","203","11.58"
"2707205","208","143"
"2707205","204","9.93"
"2707205","203","12.36"
"2707205","205","0.96"
"2707206","204","15.81"
"2707206","203","11.56"
"2707206","208","192"
"2707206","205","0.9"
"2707207","203","12.65"
"2707207","208","194"
"2707207","204","15.35"
"2707207","205","1.45"
"2707208","203","12.64"
"2707208","205","1.4"
"2707208","204","17.36"
"2707208","208","212"
"2707209","204","16.34"
"2707209","203","12.69"
"2707209","208","203"
"2707209","205","1.41"
"2707210","203","12.77"
"2707210","204","16.91"
"2707210","205","1.4"
"2707210","208","209"
"2707211","205","1.65"
"2707211","204","12.91"
"2707211","203","13.29"
"2707211","208","176"
"2707212","208","171"
"2707212","203","13.41"
"2707212","205","1.49"
"2707212","204","12.34"
"2707213","208","193"
"2707213","204","15.35"
"2707213","203","12.71"
"2707213","205","0.99"
"2707214","205","1.03"
"2707214","208","181"
"2707214","203","12.7"
"2707214","204","14.06"
"2707215","203","12.69"
"2707215","208","199"
"2707215","204","16.06"
"2707215","205","0.98"
"2707216","208","190"
"2707216","204","15.04"
"2707216","205","0.99"
"2707216","203","12.74"
"2707217","204","15.61"
"2707217","203","12.82"
"2707217","208","196"
"2707217","205","0.98"
"2707218","204","11.54"
"2707218","203","13.35"
"2707218","208","162"
"2707218","205","1.21"
"2707219","208","193"
"2707219","205","0.99"
"2707219","203","12.71"
"2707219","204","15.35"
"2707220","205","1.04"
"2707220","208","157"
"2707220","204","10.96"
"2707220","203","13.46"
"2707221","208","209"
"2707221","204","16.74"
"2707221","205","1.43"
"2707221","203","13.27"
"2707222","204","15.54"
"2707222","203","13.27"
"2707222","208","198"
"2707222","205","1.46"
"2707223","208","215"
"2707223","203","13.26"
"2707223","205","1.42"
"2707223","204","17.39"
"2707224","204","16.45"
"2707224","203","13.3"
"2707224","205","1.42"
"2707224","208","207"
"2707225","204","16.98"
"2707225","203","13.38"
"2707225","208","212"
"2707225","205","1.42"
"2707226","205","1.65"
"2707226","204","13.3"
"2707226","208","182"
"2707226","203","13.89"
"2707227","203","13.27"
"2707227","208","209"
"2707227","204","16.74"
"2707227","205","1.43"
"2707228","204","12.78"
"2707228","205","1.5"
"2707228","208","177"
"2707228","203","14"
"2707229","203","10.29"
"2707229","205","1.47"
"2707229","208","165"
"2707229","204","13.19"
"2707230","204","8.67"
"2707230","203","10.9"
"2707230","208","127"
"2707230","205","1.55"
"2707231","205","1.47"
"2707231","203","10.29"
"2707231","208","165"
"2707231","204","13.19"
"2707232","204","13.23"
"2707232","203","10.52"
"2707232","205","1.35"
"2707232","208","166"
"2707233","205","1.42"
"2707233","208","129"
"2707233","203","11.14"
"2707233","204","8.71"
"2707234","205","1.35"
"2707234","204","13.23"
"2707234","208","166"
"2707234","203","10.52"
"2707235","208","165"
"2707235","205","1.44"
"2707235","204","13.11"
"2707235","203","10.34"
"2707236","204","8.62"
"2707236","205","1.51"
"2707236","203","10.94"
"2707236","208","127"
"2707237","208","165"
"2707237","203","10.34"
"2707237","204","13.11"
"2707237","205","1.44"
"2707238","205","1.5"
"2707238","204","13.21"
"2707238","203","10.55"
"2707238","208","167"
"2707239","208","129"
"2707239","205","1.58"
"2707239","203","11.18"
"2707239","204","8.69"
"2707240","203","10.55"
"2707240","208","167"
"2707240","205","1.5"
"2707240","204","13.21"
"2707241","208","186"
"2707241","203","11.39"
"2707241","205","1.86"
"2707241","204","14.86"
"2707242","203","11.99"
"2707242","204","10.94"
"2707242","208","154"
"2707242","205","1.95"
"2707243","205","1.86"
"2707243","204","14.86"
"2707243","208","186"
"2707243","203","11.39"
"2707244","203","11.6"
"2707244","208","187"
"2707244","205","1.75"
"2707244","204","14.89"
"2707245","203","12.2"
"2707245","204","10.98"
"2707245","208","155"
"2707245","205","1.84"
"2707246","205","1.75"
"2707246","203","11.6"
"2707246","208","187"
"2707246","204","14.89"
"2707247","203","11.43"
"2707247","205","1.83"
"2707247","208","186"
"2707247","204","14.77"
"2707248","203","12.02"
"2707248","208","153"
"2707248","204","10.88"
"2707248","205","1.92"
"2707249","205","1.83"
"2707249","208","186"
"2707249","203","11.43"
"2707249","204","14.77"
"2707250","203","11.63"
"2707250","205","1.89"
"2707250","204","14.87"
"2707250","208","188"
"2707251","203","12.24"
"2707251","204","10.96"
"2707251","208","155"
"2707251","205","1.98"
"2707252","205","1.89"
"2707252","208","188"
"2707252","204","14.87"
"2707252","203","11.63"
"2707253","208","172"
"2707253","205","1.48"
"2707253","204","13.54"
"2707253","203","11.09"
"2707254","208","137"
"2707254","205","1.55"
"2707254","204","9.4"
"2707254","203","11.69"
"2707255","204","13.54"
"2707255","208","172"
"2707255","203","11.09"
"2707255","205","1.48"
"2707256","204","13.58"
"2707256","205","1.37"
"2707256","208","173"
"2707256","203","11.3"
"2707257","208","138"
"2707257","203","11.91"
"2707257","205","1.44"
"2707257","204","9.44"
"2707258","204","13.58"
"2707258","203","11.3"
"2707258","205","1.37"
"2707258","208","173"
"2707259","204","13.62"
"2707259","203","11.47"
"2707259","208","174"
"2707259","205","1.46"
"2707260","204","9.68"
"2707260","203","12.07"
"2707260","205","1.52"
"2707260","208","141"
"2707261","208","174"
"2707261","204","13.62"
"2707261","205","1.46"
"2707261","203","11.47"
"2707262","203","11.33"
"2707262","205","1.51"
"2707262","204","13.56"
"2707262","208","173"
"2707263","208","139"
"2707263","204","9.42"
"2707263","203","11.95"
"2707263","205","1.58"
"2707264","204","13.56"
"2707264","205","1.51"
"2707264","208","173"
"2707264","203","11.33"
"2707265","203","12.58"
"2707265","205","1.66"
"2707265","208","199"
"2707265","204","15.8"
"2707266","204","12.03"
"2707266","205","1.74"
"2707266","208","168"
"2707266","203","13.22"
"2707267","205","1.66"
"2707267","203","12.58"
"2707267","204","15.8"
"2707267","208","199"
"2707268","204","15.82"
"2707268","205","1.6"
"2707268","208","199"
"2707268","203","12.68"
"2707269","205","1.68"
"2707269","208","169"
"2707269","203","13.34"
"2707269","204","12.05"
"2707270","203","12.68"
"2707270","204","15.82"
"2707270","208","199"
"2707270","205","1.6"
"2707271","205","1.81"
"2707271","208","190"
"2707271","203","12.06"
"2707271","204","14.98"
"2707272","204","11.38"
"2707272","203","12.64"
"2707272","208","160"
"2707272","205","1.89"
"2707273","208","190"
"2707273","204","14.98"
"2707273","205","1.81"
"2707273","203","12.06"
"2707274","203","12.7"
"2707274","208","200"
"2707274","205","1.67"
"2707274","204","15.81"
"2707275","205","1.75"
"2707275","204","12.04"
"2707275","208","169"
"2707275","203","13.35"
"2707276","208","200"
"2707276","203","12.7"
"2707276","205","1.67"
"2707276","204","15.81"
"2707277","205","2.97"
"2707277","208","172"
"2707277","204","13.18"
"2707277","203","10.41"
"2707278","205","3.14"
"2707278","204","8.65"
"2707278","208","134"
"2707278","203","11.03"
"2707279","205","2.97"
"2707279","204","13.18"
"2707279","203","10.41"
"2707279","208","172"
"2707280","208","260"
"2707280","205","17.07"
"2707280","204","16.62"
"2707280","203","9.98"
"2707281","208","259"
"2707281","203","10.64"
"2707281","204","16.75"
"2707281","205","15.81"
"2707282","205","4.29"
"2707282","203","1.16"
"2707282","208","27"
"2707282","204","0.61"
"2707283","208","100"
"2707283","205","2.21"
"2707283","203","9.99"
"2707283","204","5.72"
"2707284","205","2.25"
"2707284","204","4.24"
"2707284","203","9.98"
"2707284","208","86"
"2707285","208","107"
"2707285","203","9.97"
"2707285","205","2.2"
"2707285","204","6.52"
"2707286","204","5.36"
"2707286","208","97"
"2707286","205","2.2"
"2707286","203","10.03"
"2707287","208","59"
"2707287","203","10.56"
"2707287","205","2.53"
"2707287","204","0.78"
"2707288","205","2.21"
"2707288","208","100"
"2707288","204","5.72"
"2707288","203","9.99"
"2707289","203","10.67"
"2707289","204","0"
"2707289","208","52"
"2707289","205","2.35"
"2707290","204","8.51"
"2707290","208","132"
"2707290","205","2.56"
"2707290","203","11.27"
"2707291","208","119"
"2707291","204","7.21"
"2707291","205","2.14"
"2707291","203","11.32"
"2707292","208","92"
"2707292","204","5.09"
"2707292","205","2.49"
"2707292","203","9.13"
"2707293","203","11.99"
"2707293","204","9.21"
"2707293","208","141"
"2707293","205","2.49"
"2707294","208","121"
"2707294","203","10.36"
"2707294","204","7.64"
"2707294","205","2.77"
"2707295","208","104"
"2707295","205","2.43"
"2707295","204","6.05"
"2707295","203","10.01"
"2707296","205","2.6"
"2707296","204","8.72"
"2707296","203","11.47"
"2707296","208","135"
"2707297","205","75.34"
"2707297","208","324"
"2707297","204","0.04"
"2707297","203","7.17"
"2707298","204","5.72"
"2707298","203","9.34"
"2707298","208","96"
"2707298","205","1.88"
"2707299","205","1.99"
"2707299","203","9.97"
"2707299","208","48"
"2707299","204","0"
"2707300","205","2.26"
"2707300","208","128"
"2707300","203","10.69"
"2707300","204","8.51"
"2707301","204","7.21"
"2707301","208","115"
"2707301","203","10.75"
"2707301","205","1.84"
"2707302","205","2.2"
"2707302","204","5.09"
"2707302","203","8.56"
"2707302","208","89"
"2707303","204","9.21"
"2707303","203","11.46"
"2707303","208","138"
"2707303","205","2.21"
"2707304","205","2.51"
"2707304","203","9.85"
"2707304","204","7.64"
"2707304","208","118"
"2707305","208","101"
"2707305","205","2.15"
"2707305","204","6.05"
"2707305","203","9.48"
"2707306","204","8.72"
"2707306","205","2.35"
"2707306","208","132"
"2707306","203","10.97"
"2707307","208","228"
"2707307","205","26.1"
"2707307","203","10.46"
"2707307","204","9.05"
"2707308","208","248"
"2707308","204","12.04"
"2707308","205","22.85"
"2707308","203","11.99"
"2707309","203","12.1"
"2707309","208","267"
"2707309","204","15.65"
"2707309","205","19.44"
"2707310","203","13.08"
"2707310","204","17.16"
"2707310","205","17.74"
"2707310","208","278"
"2707311","204","9.25"
"2707311","203","11.48"
"2707311","208","226"
"2707311","205","24.13"
"2707312","208","246"
"2707312","205","21.18"
"2707312","204","12.21"
"2707312","203","12.86"
"2707313","203","12.86"
"2707313","205","17.99"
"2707313","204","15.8"
"2707313","208","266"
"2707314","205","16.46"
"2707314","208","277"
"2707314","203","13.75"
"2707314","204","17.29"
"2707315","203","11.74"
"2707315","205","20.63"
"2707315","204","11.2"
"2707315","208","230"
"2707316","205","16.04"
"2707316","208","264"
"2707316","204","16.52"
"2707316","203","12.89"
"2707317","203","14.08"
"2707317","208","255"
"2707317","204","13.72"
"2707317","205","18.64"
"2707318","203","12.17"
"2707318","205","19.32"
"2707318","204","10.74"
"2707318","208","222"
"2707319","205","21.35"
"2707319","204","19.72"
"2707319","203","11.45"
"2707319","208","309"
"2707320","204","23.03"
"2707320","203","12.67"
"2707320","205","16.59"
"2707320","208","325"
"2707321","203","13.81"
"2707321","205","19.28"
"2707321","208","326"
"2707321","204","21.34"
"2707322","204","17.76"
"2707322","203","12.29"
"2707322","208","284"
"2707322","205","18.81"
"2707323","208","298"
"2707323","203","10.69"
"2707323","204","18.81"
"2707323","205","21.6"
"2707324","204","21.35"
"2707324","208","310"
"2707324","205","18.55"
"2707324","203","10.96"
"2707325","204","22.14"
"2707325","203","12.01"
"2707325","208","316"
"2707325","205","17.04"
"2707326","204","19.23"
"2707326","208","309"
"2707326","205","21.8"
"2707326","203","11.88"
"2707327","205","19.63"
"2707327","203","12.98"
"2707327","208","315"
"2707327","204","20.42"
"2707328","203","11.97"
"2707328","208","251"
"2707328","205","31.81"
"2707328","204","8.43"
"2707329","208","274"
"2707329","205","26.17"
"2707329","204","13.09"
"2707329","203","12.83"
"2707330","203","13.71"
"2707330","205","29.43"
"2707330","204","10.54"
"2707330","208","268"
"2707331","208","238"
"2707331","205","28.88"
"2707331","203","12.55"
"2707331","204","8.04"
"2707332","208","242"
"2707332","204","13.21"
"2707332","205","22.81"
"2707332","203","8.32"
"2707333","205","15.62"
"2707333","203","11.69"
"2707333","204","19.84"
"2707333","208","287"
"2707334","205","24.1"
"2707334","204","3.62"
"2707334","208","166"
"2707334","203","9.41"
"2707335","208","196"
"2707335","204","7.45"
"2707335","205","21.16"
"2707335","203","11.1"
"2707336","208","195"
"2707336","205","17.05"
"2707336","203","12.85"
"2707336","204","8.43"
"2707337","205","29.26"
"2707337","208","382"
"2707337","204","23.2"
"2707337","203","13.71"
"2707338","203","11.56"
"2707338","205","28.24"
"2707338","208","322"
"2707338","204","18.1"
"2707339","208","372"
"2707339","205","27.21"
"2707339","204","24.47"
"2707339","203","10.66"
"2707340","204","25.1"
"2707340","208","370"
"2707340","205","23.71"
"2707340","203","12.19"
"2707341","204","17.2"
"2707341","205","22.81"
"2707341","203","13.48"
"2707341","208","300"
"2707342","203","10.53"
"2707342","204","18.69"
"2707342","205","17.04"
"2707342","208","278"
"2707343","204","13.71"
"2707343","203","10.91"
"2707343","208","249"
"2707343","205","20.06"
"2707344","204","14.96"
"2707344","208","257"
"2707344","205","18.88"
"2707344","203","11.27"
"2707345","208","260"
"2707345","203","12.12"
"2707345","205","19.09"
"2707345","204","14.84"
"2707346","205","19.09"
"2707346","208","242"
"2707346","204","13.22"
"2707346","203","11.29"
"2707347","203","8.34"
"2707347","208","189"
"2707347","204","7.08"
"2707347","205","23.78"
"2707348","208","189"
"2707348","203","8.34"
"2707348","205","23.78"
"2707348","204","7.08"
"2707349","203","8.92"
"2707349","204","0.62"
"2707349","205","25.44"
"2707349","208","139"
"2707350","208","185"
"2707350","204","6.83"
"2707350","205","24.1"
"2707350","203","7.66"
"2707351","205","25.04"
"2707351","203","7.96"
"2707351","208","136"
"2707351","204","0.81"
"2707352","203","8.77"
"2707352","204","9.32"
"2707352","208","206"
"2707352","205","22.6"
"2707353","205","23.32"
"2707353","208","188"
"2707353","204","6.83"
"2707353","203","9.04"
"2707354","203","9.04"
"2707354","204","6.83"
"2707354","205","23.32"
"2707354","208","188"
"2707355","204","0.35"
"2707355","203","9.67"
"2707355","205","24.94"
"2707355","208","138"
"2707356","204","6.06"
"2707356","205","29.76"
"2707356","208","211"
"2707356","203","10.43"
"2707357","203","10.84"
"2707357","204","0.57"
"2707357","205","30.91"
"2707357","208","168"
"2707358","204","6.06"
"2707358","205","29.76"
"2707358","208","211"
"2707358","203","10.43"
"2707359","205","22.04"
"2707359","203","8.23"
"2707359","204","7.01"
"2707359","208","181"
"2707360","204","7.01"
"2707360","208","181"
"2707360","205","22.04"
"2707360","203","8.23"
"2707361","208","131"
"2707361","204","0.54"
"2707361","205","23.57"
"2707361","203","8.81"
"2707362","204","5.92"
"2707362","208","178"
"2707362","205","23.43"
"2707362","203","8.54"
"2707363","205","24.34"
"2707363","203","8.87"
"2707363","208","134"
"2707363","204","0.43"
"2707364","203","8.54"
"2707364","204","5.92"
"2707364","205","23.43"
"2707364","208","178"
"2707365","203","7.98"
"2707365","208","200"
"2707365","204","9.49"
"2707365","205","21.36"
"2707366","205","19.06"
"2707366","208","177"
"2707366","203","10.61"
"2707366","204","6.81"
"2707367","204","6.88"
"2707367","205","18.26"
"2707367","203","7.06"
"2707367","208","161"
"2707368","203","7.25"
"2707368","204","6.86"
"2707368","208","165"
"2707368","205","19.4"
"2707369","208","165"
"2707369","203","7.25"
"2707369","204","6.86"
"2707369","205","19.4"
"2707370","203","8.42"
"2707370","204","6.96"
"2707370","208","197"
"2707370","205","25.94"
"2707371","208","191"
"2707371","203","8.37"
"2707371","204","7.11"
"2707371","205","24.37"
"2707372","205","24.37"
"2707372","208","191"
"2707372","203","8.37"
"2707372","204","7.11"
"2707373","208","142"
"2707373","204","0.65"
"2707373","205","26.06"
"2707373","203","8.96"
"2707374","203","7.37"
"2707374","208","188"
"2707374","204","7.13"
"2707374","205","24.33"
"2707375","205","25.27"
"2707375","204","0.93"
"2707375","203","7.66"
"2707375","208","137"
"2707376","205","24.35"
"2707376","204","7.14"
"2707376","208","188"
"2707376","203","7.38"
"2707377","204","9.6"
"2707377","203","8.12"
"2707377","205","23.62"
"2707377","208","210"
"2707378","204","6.9"
"2707378","205","21.07"
"2707378","208","186"
"2707378","203","10.73"
"2707379","208","177"
"2707379","205","21.19"
"2707379","203","8.06"
"2707379","204","6.97"
"2707380","204","6.97"
"2707380","203","8.06"
"2707380","208","177"
"2707380","205","21.19"
"2707381","204","0.5"
"2707381","205","22.66"
"2707381","208","126"
"2707381","203","8.62"
"2707382","204","6.82"
"2707382","208","186"
"2707382","205","23.79"
"2707382","203","8.37"
"2707383","205","24.72"
"2707383","204","0.6"
"2707383","203","8.7"
"2707383","208","135"
"2707384","205","23.79"
"2707384","204","6.82"
"2707384","203","8.37"
"2707384","208","186"
"2707385","208","195"
"2707385","204","9.46"
"2707385","205","20.54"
"2707385","203","7.81"
"2707386","205","18.33"
"2707386","208","173"
"2707386","203","10.46"
"2707386","204","6.78"
"2707387","208","192"
"2707387","203","8.51"
"2707387","204","7.51"
"2707387","205","23.49"
"2707388","204","14.84"
"2707388","208","218"
"2707388","203","16.92"
"2707388","205","7.77"
"2707389","203","6.52"
"2707389","205","17.8"
"2707389","208","156"
"2707389","204","6.86"
"2707390","205","21.57"
"2707390","203","4.52"
"2707390","208","105"
"2707390","204","0.89"
"2707391","205","21.14"
"2707391","208","94"
"2707391","203","4.75"
"2707391","204","0.37"
"2707392","204","1.35"
"2707392","208","116"
"2707392","203","4.38"
"2707392","205","23.29"
"2707393","203","6.37"
"2707393","204","0.51"
"2707393","205","18.76"
"2707393","208","101"
"2707394","203","6.05"
"2707394","205","17.84"
"2707394","204","5.58"
"2707394","208","142"
"2707395","204","3.85"
"2707395","203","3.08"
"2707395","208","94"
"2707395","205","12.61"
"2707396","204","2.01"
"2707396","205","13.55"
"2707396","203","4.98"
"2707396","208","90"
"2707397","208","177"
"2707397","204","9.48"
"2707397","205","16.28"
"2707397","203","6.7"
"2707398","203","7.81"
"2707398","205","11.76"
"2707398","208","99"
"2707398","204","2.51"
"2707399","204","2.01"
"2707399","208","89"
"2707399","203","4.98"
"2707399","205","13.55"
"2707400","203","5.44"
"2707400","208","119"
"2707400","205","15.89"
"2707400","204","3.7"
"2707401","205","6.67"
"2707401","203","5.41"
"2707401","208","146"
"2707401","204","11.33"
"2707402","205","14.9"
"2707402","203","7.35"
"2707402","204","17.1"
"2707402","208","243"
"2707403","208","241"
"2707403","204","17.1"
"2707403","203","7.22"
"2707403","205","14.63"
"2707404","208","168"
"2707404","203","6.28"
"2707404","204","8.45"
"2707404","205","17.36"
"2707405","208","138"
"2707405","205","17.29"
"2707405","204","5.22"
"2707405","203","6.74"
"2707406","204","0.89"
"2707406","208","105"
"2707406","205","21.57"
"2707406","203","4.52"
"2707407","205","20.56"
"2707407","204","6.88"
"2707407","208","184"
"2707407","203","10.7"
"2707408","203","8.28"
"2707408","208","514"
"2707408","204","41.19"
"2707408","205","28.96"
"2707409","204","21.41"
"2707409","203","5.8"
"2707409","205","49.88"
"2707409","208","414"
"2707410","208","104"
"2707410","204","0.4"
"2707410","205","20.35"
"2707410","203","4.77"
"2707411","204","2.42"
"2707411","205","18.89"
"2707411","203","6.28"
"2707411","208","119"
"2707412","204","7"
"2707412","205","19.29"
"2707412","203","7.18"
"2707412","208","166"
"2707413","204","7"
"2707413","208","166"
"2707413","203","7.18"
"2707413","205","19.29"
"2707414","203","8.23"
"2707414","208","211"
"2707414","205","25.48"
"2707414","204","8.91"
"2707415","208","211"
"2707415","205","25.48"
"2707415","204","8.91"
"2707415","203","8.23"
"2707416","205","27.26"
"2707416","203","8.81"
"2707416","204","2.58"
"2707416","208","163"
"2707417","203","7.88"
"2707417","208","197"
"2707417","204","9.35"
"2707417","205","21.61"
"2707418","205","22.45"
"2707418","208","146"
"2707418","204","3.24"
"2707418","203","8.19"
"2707419","205","21.64"
"2707419","208","197"
"2707419","203","7.89"
"2707419","204","9.37"
"2707420","204","0.39"
"2707420","208","117"
"2707420","203","8.29"
"2707420","205","20.97"
"2707421","203","7.75"
"2707421","205","19.61"
"2707421","208","168"
"2707421","204","6.87"
"2707422","208","432"
"2707422","205","62.2"
"2707422","203","14.11"
"2707422","204","14.11"
"2707423","205","18.71"
"2707423","208","166"
"2707423","204","6.86"
"2707423","203","8.38"
"2707424","203","8.38"
"2707424","208","166"
"2707424","204","6.86"
"2707424","205","18.71"
"2707425","203","8.97"
"2707425","205","20.01"
"2707425","204","0.38"
"2707425","208","115"
"2707426","203","8.36"
"2707426","205","18.66"
"2707426","204","6.84"
"2707426","208","166"
"2707427","208","145"
"2707427","205","19.17"
"2707427","203","8.6"
"2707427","204","4.31"
"2707428","204","21.58"
"2707428","205","53.12"
"2707428","203","14.6"
"2707428","208","448"
"2707429","204","3.25"
"2707429","205","59.87"
"2707429","203","25.56"
"2707429","208","371"
"2707430","204","2.71"
"2707430","208","86"
"2707430","205","11.77"
"2707430","203","4.33"
"2707431","203","3.68"
"2707431","208","111"
"2707431","205","12.33"
"2707431","204","5.65"
"2707432","204","3.5"
"2707432","208","118"
"2707432","203","3.28"
"2707432","205","18.6"
"2707433","205","30.22"
"2707433","208","469"
"2707433","204","25.4"
"2707433","203","38.55"
"2707434","204","7.35"
"2707434","205","53.15"
"2707434","203","26.5"
"2707434","208","385"
"2707435","203","7.17"
"2707435","208","61"
"2707435","205","1.18"
"2707435","204","3.69"
"2707436","203","11.54"
"2707436","205","8.63"
"2707436","204","7.58"
"2707436","208","140"
"2707437","205","6.9"
"2707437","203","12.5"
"2707437","204","8.1"
"2707437","208","151"
"2707438","203","3.43"
"2707438","208","429"
"2707438","204","41"
"2707438","205","13.99"
"2707439","208","198"
"2707439","203","12.79"
"2707439","205","25.37"
"2707439","204","6.01"
"2707440","203","19.4"
"2707440","205","12.68"
"2707440","204","11"
"2707440","208","211"
"2707441","208","220"
"2707441","204","3.39"
"2707441","203","3.31"
"2707441","205","44.08"
"2707442","208","53"
"2707442","205","4.93"
"2707442","203","8.14"
"2707442","204","0.57"
"2707443","205","5.59"
"2707443","208","57"
"2707443","204","0.3"
"2707443","203","9.05"
"2707444","203","4.83"
"2707444","205","12.27"
"2707444","208","90"
"2707444","204","2.63"
"2707445","204","0.02"
"2707445","203","5.93"
"2707445","205","15.56"
"2707445","208","89"
"2707446","203","5.93"
"2707446","208","89"
"2707446","204","0.02"
"2707446","205","15.58"
"2707447","208","77"
"2707447","205","19.17"
"2707447","204","0"
"2707447","203","0"
"2707448","204","20.18"
"2707448","208","270"
"2707448","203","18.82"
"2707448","205","8.86"
"2707449","203","8.39"
"2707449","204","9.62"
"2707449","205","8.71"
"2707449","208","150"
"2707450","205","31.42"
"2707450","203","0.04"
"2707450","204","0.04"
"2707450","208","126"
"2707451","205","32.9"
"2707451","204","3.33"
"2707451","208","366"
"2707451","203","51.1"
"2707452","203","0.87"
"2707452","204","9.27"
"2707452","205","18.24"
"2707452","208","159"
"2707453","208","67"
"2707453","203","3.76"
"2707453","205","11.62"
"2707453","204","0.76"
"2707454","203","2.44"
"2707454","204","0.68"
"2707454","205","8.1"
"2707454","208","47"
"2707455","204","0.85"
"2707455","205","2.3"
"2707455","208","24"
"2707455","203","2.21"
"2707456","208","47"
"2707456","204","0.68"
"2707456","203","2.45"
"2707456","205","8.12"
"2707457","205","10"
"2707457","208","84"
"2707457","204","2.35"
"2707457","203","5.88"
"2707458","205","9.1"
"2707458","208","80"
"2707458","203","5.57"
"2707458","204","2.42"
"2707459","203","3.55"
"2707459","205","10.59"
"2707459","204","0.7"
"2707459","208","61"
"2707460","205","7.22"
"2707460","203","2.48"
"2707460","204","0.64"
"2707460","208","43"
"2707461","203","2.49"
"2707461","208","43"
"2707461","204","0.64"
"2707461","205","7.23"
"2707462","203","3.82"
"2707462","205","10.2"
"2707462","204","0.69"
"2707462","208","60"
"2707463","204","2.3"
"2707463","203","5.94"
"2707463","208","78"
"2707463","205","8.76"
"2707464","203","1.68"
"2707464","204","1.67"
"2707464","208","48"
"2707464","205","7"
"2707465","205","5.31"
"2707465","208","309"
"2707465","204","29.52"
"2707465","203","11.69"
"2707466","208","476"
"2707466","205","28.6"
"2707466","204","25.9"
"2707466","203","32"
"2707467","205","8.09"
"2707467","203","20.28"
"2707467","204","18.16"
"2707467","208","255"
"2707468","208","224"
"2707468","203","23.64"
"2707468","204","12.73"
"2707468","205","3.64"
"2707469","205","8.51"
"2707469","204","12.77"
"2707469","203","21.28"
"2707469","208","234"
"2707470","204","13.73"
"2707470","205","7.7"
"2707470","208","233"
"2707470","203","19.61"
"2707471","204","11.11"
"2707471","208","189"
"2707471","205","4.44"
"2707471","203","17.78"
"2707472","208","197"
"2707472","205","8"
"2707472","204","9"
"2707472","203","21"
"2707473","205","14.27"
"2707473","203","15.7"
"2707473","204","6.3"
"2707473","208","177"
"2707474","204","8.09"
"2707474","208","180"
"2707474","205","14.13"
"2707474","203","12.69"
"2707475","208","242"
"2707475","205","27.96"
"2707475","203","5.44"
"2707475","204","12.15"
"2707476","204","6.71"
"2707476","208","92"
"2707476","203","4.11"
"2707476","205","4.68"
"2707477","208","93"
"2707477","205","4.4"
"2707477","203","4.21"
"2707477","204","6.94"
"2707478","208","290"
"2707478","203","23"
"2707478","204","18"
"2707478","205","9"
"2707479","208","33"
"2707479","203","0.67"
"2707479","205","3.12"
"2707479","204","2.15"
"2707480","204","10.03"
"2707480","208","167"
"2707480","203","7.69"
"2707480","205","11.78"
"2707481","203","12.96"
"2707481","205","30.82"
"2707481","208","224"
"2707481","204","5.2"
"2707482","205","27.23"
"2707482","203","14"
"2707482","204","8.43"
"2707482","208","243"
"2707483","204","14.76"
"2707483","203","6.22"
"2707483","205","27.04"
"2707483","208","265"
"2707484","203","19.59"
"2707484","205","20.9"
"2707484","208","610"
"2707484","204","53.82"
"2707485","204","52.54"
"2707485","208","598"
"2707485","205","21.01"
"2707485","203","20.96"
"2707486","203","21.45"
"2707486","208","626"
"2707486","204","51.09"
"2707486","205","20.03"
"2707487","208","601"
"2707487","204","53.43"
"2707487","203","20.13"
"2707487","205","20.18"
"2707488","205","20.28"
"2707488","204","53.7"
"2707488","208","604"
"2707488","203","20.23"
"2707489","204","53.96"
"2707489","208","607"
"2707489","205","20.38"
"2707489","203","20.33"
"2707490","205","20.12"
"2707490","208","599"
"2707490","204","53.27"
"2707490","203","20.07"
"2707491","205","35.84"
"2707491","203","14.11"
"2707491","208","579"
"2707491","204","45.34"
"2707492","203","14.32"
"2707492","208","659"
"2707492","204","67.1"
"2707492","205","11.74"
"2707493","203","15.31"
"2707493","204","46.35"
"2707493","208","574"
"2707493","205","32.69"
"2707494","203","15.31"
"2707494","208","574"
"2707494","205","32.69"
"2707494","204","46.35"
"2707495","205","31.4"
"2707495","203","14.7"
"2707495","204","47.48"
"2707495","208","578"
"2707496","208","581"
"2707496","204","47.72"
"2707496","205","31.55"
"2707496","203","14.78"
"2707497","203","14.85"
"2707497","204","47.96"
"2707497","208","584"
"2707497","205","31.71"
"2707498","203","10.31"
"2707498","204","41.18"
"2707498","208","563"
"2707498","205","43.7"
"2707499","208","245"
"2707499","205","52.96"
"2707499","204","2.2"
"2707499","203","3.17"
"2707500","205","15.23"
"2707500","203","3.33"
"2707500","204","33.49"
"2707500","208","354"
"2707501","205","51.85"
"2707501","208","456"
"2707501","203","3.13"
"2707501","204","27.99"
"2707502","205","16.7"
"2707502","208","628"
"2707502","204","60.75"
"2707502","203","14.95"
"2707503","203","7.79"
"2707503","204","76.08"
"2707503","205","12.83"
"2707503","208","716"
"2707504","203","19.59"
"2707504","205","20.9"
"2707504","204","53.82"
"2707504","208","610"
"2707505","204","54.56"
"2707505","205","22.88"
"2707505","208","616"
"2707505","203","16.97"
"2707506","204","53.82"
"2707506","203","19.59"
"2707506","208","610"
"2707506","205","20.9"
"2707507","208","612"
"2707507","205","20.99"
"2707507","204","54.04"
"2707507","203","19.67"
"2707508","204","54.25"
"2707508","203","19.75"
"2707508","205","21.07"
"2707508","208","615"
"2707509","203","16.32"
"2707509","204","55.5"
"2707509","208","620"
"2707509","205","22"
"2707510","203","16.45"
"2707510","208","625"
"2707510","204","55.95"
"2707510","205","22.18"
"2707511","208","586"
"2707511","204","46.72"
"2707511","205","33.11"
"2707511","203","15.35"
"2707512","208","587"
"2707512","204","49.66"
"2707512","203","24.35"
"2707512","205","21.26"
"2707513","204","22.01"
"2707513","203","13.5"
"2707513","208","318"
"2707513","205","21.26"
"2707514","205","16.13"
"2707514","203","25.8"
"2707514","208","567"
"2707514","204","49.24"
"2707515","205","15.26"
"2707515","204","52.5"
"2707515","203","28.03"
"2707515","208","599"
"2707516","203","28.03"
"2707516","205","15.26"
"2707516","204","52.5"
"2707516","208","599"
"2707517","203","24.35"
"2707517","205","21.26"
"2707517","204","49.66"
"2707517","208","587"
"2707518","203","24.23"
"2707518","204","49.41"
"2707518","208","584"
"2707518","205","21.15"
"2707519","203","24.35"
"2707519","204","49.66"
"2707519","205","21.26"
"2707519","208","587"
"2707520","204","45.25"
"2707520","203","20.7"
"2707520","208","574"
"2707520","205","30.02"
"2707521","204","73.28"
"2707521","205","12.7"
"2707521","203","9.96"
"2707521","208","750"
"2707522","208","750"
"2707522","205","12.7"
"2707522","204","73.28"
"2707522","203","9.96"
"2707523","203","9.57"
"2707523","208","747"
"2707523","205","12.2"
"2707523","204","73.35"
"2707524","208","754"
"2707524","205","12.32"
"2707524","203","9.66"
"2707524","204","74.08"
"2707525","203","6.71"
"2707525","205","30.25"
"2707525","204","59.31"
"2707525","208","681"
"2707526","205","13.08"
"2707526","204","68.37"
"2707526","208","673"
"2707526","203","13.69"
"2707527","203","21.05"
"2707527","204","45.82"
"2707527","205","28.28"
"2707527","208","572"
"2707528","208","576"
"2707528","205","27.16"
"2707528","204","46.98"
"2707528","203","20.22"
"2707529","203","20.32"
"2707529","205","27.3"
"2707529","208","579"
"2707529","204","47.21"
"2707530","203","20.42"
"2707530","205","27.43"
"2707530","204","47.44"
"2707530","208","582"
"2707531","208","730"
"2707531","203","14.56"
"2707531","204","69.74"
"2707531","205","10.91"
"2707532","208","668"
"2707532","204","56.92"
"2707532","203","9.8"
"2707532","205","29.04"
"2707533","203","20.67"
"2707533","204","52.72"
"2707533","208","641"
"2707533","205","21.11"
"2707534","203","20.79"
"2707534","204","53.04"
"2707534","208","645"
"2707534","205","21.24"
"2707535","204","27.74"
"2707535","203","9"
"2707535","205","47.81"
"2707535","208","458"
"2707536","203","12.12"
"2707536","208","609"
"2707536","204","53.03"
"2707536","205","30.3"
"2707537","203","22.21"
"2707537","205","22.31"
"2707537","204","51.36"
"2707537","208","598"
"2707538","204","51.36"
"2707538","203","22.21"
"2707538","208","598"
"2707538","205","22.31"
"2707539","204","53.12"
"2707539","203","23.5"
"2707539","208","624"
"2707539","205","18.27"
"2707540","208","650"
"2707540","203","24.8"
"2707540","205","14.23"
"2707540","204","54.89"
"2707541","208","520"
"2707541","203","25.9"
"2707541","205","35.65"
"2707541","204","34"
"2707542","208","591"
"2707542","204","50.81"
"2707542","205","18.75"
"2707542","203","25.72"
"2707543","208","432"
"2707543","204","25.69"
"2707543","205","46.13"
"2707543","203","11.18"
"2707544","208","498"
"2707544","203","11.66"
"2707544","205","42.76"
"2707544","204","34.48"
"2707545","208","613"
"2707545","205","23"
"2707545","203","23.02"
"2707545","204","50.01"
"2707546","205","22.02"
"2707546","208","257"
"2707546","204","16.02"
"2707546","203","6.31"
"2707547","204","5.29"
"2707547","208","88"
"2707547","203","3.24"
"2707547","205","8.36"
"2707548","203","3.84"
"2707548","208","144"
"2707548","204","10.2"
"2707548","205","9.21"
"2707549","203","13.88"
"2707549","204","20.21"
"2707549","205","39.85"
"2707549","208","382"
"2707550","208","382"
"2707550","204","20.21"
"2707550","203","13.88"
"2707550","205","39.85"
"2707551","208","380"
"2707551","204","20.46"
"2707551","205","37.38"
"2707551","203","15.16"
"2707552","204","14.17"
"2707552","205","44.49"
"2707552","203","15.16"
"2707552","208","355"
"2707553","205","42.02"
"2707553","203","16.44"
"2707553","204","14.42"
"2707553","208","353"
"2707554","204","16.6"
"2707554","205","45.22"
"2707554","208","361"
"2707554","203","11.42"
"2707555","204","16.6"
"2707555","205","45.22"
"2707555","203","11.42"
"2707555","208","361"
"2707556","205","43.2"
"2707556","204","16.81"
"2707556","208","360"
"2707556","203","12.48"
"2707557","208","339"
"2707557","204","11.64"
"2707557","203","12.48"
"2707557","205","49.03"
"2707558","205","47.01"
"2707558","208","337"
"2707558","203","13.53"
"2707558","204","11.85"
"2707559","208","341"
"2707559","204","16.61"
"2707559","203","11.4"
"2707559","205","39.45"
"2707560","204","16.82"
"2707560","205","37.42"
"2707560","203","12.45"
"2707560","208","339"
"2707561","204","16.6"
"2707561","205","45.22"
"2707561","203","11.42"
"2707561","208","361"
"2707562","204","20.68"
"2707562","205","39.43"
"2707562","208","397"
"2707562","203","13.34"
"2707563","204","20.93"
"2707563","203","14.62"
"2707563","205","36.97"
"2707563","208","395"
"2707564","208","374"
"2707564","205","44.88"
"2707564","203","10.98"
"2707564","204","16.99"
"2707565","204","17.2"
"2707565","203","12.04"
"2707565","208","372"
"2707565","205","42.86"
"2707566","208","362"
"2707566","205","53.78"
"2707566","204","12.68"
"2707566","203","8.03"
"2707567","208","359"
"2707567","205","51.31"
"2707567","204","12.93"
"2707567","203","9.32"
"2707568","205","5.54"
"2707568","208","230"
"2707568","204","23.84"
"2707568","203","2.29"
"2707569","204","5.61"
"2707569","208","108"
"2707569","203","2.37"
"2707569","205","12.91"
"2707570","204","7.03"
"2707570","208","128"
"2707570","203","3.03"
"2707570","205","12.98"
"2707571","208","357"
"2707571","205","53.21"
"2707571","203","1.17"
"2707571","204","16.31"
"2707572","208","18"
"2707572","205","4.24"
"2707572","204","0"
"2707572","203","0.22"
"2707573","205","9.07"
"2707573","203","0.21"
"2707573","204","0.02"
"2707573","208","37"
"2707574","203","10.9"
"2707574","204","26.83"
"2707574","205","51.06"
"2707574","208","454"
"2707575","204","52.98"
"2707575","205","21.07"
"2707575","208","604"
"2707575","203","20.06"
"2707576","204","26.83"
"2707576","205","51.06"
"2707576","208","454"
"2707576","203","10.9"
"2707577","204","32.26"
"2707577","203","11.65"
"2707577","208","503"
"2707577","205","48.27"
"2707578","204","27.66"
"2707578","208","476"
"2707578","203","13.09"
"2707578","205","50.59"
"2707579","208","574"
"2707579","204","49.05"
"2707579","205","14.71"
"2707579","203","29.84"
"2707580","208","567"
"2707580","203","29.49"
"2707580","205","14.54"
"2707580","204","48.47"
"2707581","208","574"
"2707581","203","29.84"
"2707581","204","49.05"
"2707581","205","14.71"
"2707582","204","49.8"
"2707582","208","582"
"2707582","205","24.07"
"2707582","203","19.33"
"2707583","208","575"
"2707583","203","19.1"
"2707583","205","23.78"
"2707583","204","49.21"
"2707584","205","25.92"
"2707584","208","567"
"2707584","203","18.45"
"2707584","204","47.56"
"2707585","203","19.33"
"2707585","205","24.07"
"2707585","208","582"
"2707585","204","49.8"
"2707586","203","20.45"
"2707586","208","631"
"2707586","205","11.73"
"2707586","204","61.21"
"2707587","203","19.71"
"2707587","204","62.4"
"2707587","208","697"
"2707587","205","14.18"
"2707588","204","37.28"
"2707588","208","545"
"2707588","205","34.36"
"2707588","203","18.04"
"2707589","204","49.61"
"2707589","208","580"
"2707589","205","21.73"
"2707589","203","21.96"
"2707590","208","486"
"2707590","205","42.12"
"2707590","204","30.74"
"2707590","203","16.54"
"2707591","204","3.59"
"2707591","205","49.2"
"2707591","203","9.43"
"2707591","208","267"
"2707592","208","293"
"2707592","203","10.36"
"2707592","205","54.07"
"2707592","204","3.94"
"2707593","208","272"
"2707593","204","3.44"
"2707593","205","50.26"
"2707593","203","10.13"
"2707594","203","11.14"
"2707594","204","3.78"
"2707594","208","299"
"2707594","205","55.23"
"2707595","208","279"
"2707595","204","3.91"
"2707595","203","9.77"
"2707595","205","50.12"
"2707596","208","293"
"2707596","205","52.7"
"2707596","204","4.3"
"2707596","203","9.9"
"2707597","205","44.6"
"2707597","208","263"
"2707597","203","9.6"
"2707597","204","6"
"2707598","208","267"
"2707598","204","3.59"
"2707598","203","9.43"
"2707598","205","49.2"
"2707599","204","3.94"
"2707599","203","10.36"
"2707599","208","293"
"2707599","205","54.07"
"2707600","208","272"
"2707600","204","3.44"
"2707600","205","50.26"
"2707600","203","10.13"
"2707601","205","55.23"
"2707601","208","299"
"2707601","203","11.14"
"2707601","204","3.78"
"2707602","203","10.86"
"2707602","204","3.57"
"2707602","205","46.15"
"2707602","208","260"
"2707603","203","12.45"
"2707603","208","301"
"2707603","205","53.39"
"2707603","204","4.12"
"2707604","203","10.75"
"2707604","204","2.42"
"2707604","205","51.88"
"2707604","208","272"
"2707605","205","57.01"
"2707605","204","2.66"
"2707605","208","299"
"2707605","203","11.81"
"2707606","203","10.39"
"2707606","205","52.16"
"2707606","204","3.25"
"2707606","208","279"
"2707607","203","11.41"
"2707607","204","3.58"
"2707607","205","57.32"
"2707607","208","306"
"2707608","208","282"
"2707608","203","7.33"
"2707608","204","3.26"
"2707608","205","56.1"
"2707609","204","3.62"
"2707609","208","314"
"2707609","205","62.34"
"2707609","203","8.14"
"2707610","203","10.75"
"2707610","205","51.88"
"2707610","204","2.42"
"2707610","208","272"
"2707611","203","11.81"
"2707611","204","2.66"
"2707611","205","57.01"
"2707611","208","299"
"2707612","205","35.82"
"2707612","203","8.77"
"2707612","208","249"
"2707612","204","7.89"
"2707613","204","7.28"
"2707613","203","11.09"
"2707613","205","50.23"
"2707613","208","311"
"2707614","204","2.73"
"2707614","205","48.11"
"2707614","203","9.49"
"2707614","208","259"
"2707615","208","285"
"2707615","205","52.87"
"2707615","204","3"
"2707615","203","10.43"
"2707616","208","275"
"2707616","203","9.1"
"2707616","205","55.7"
"2707616","204","1.2"
"2707617","204","1.05"
"2707617","205","59.51"
"2707617","203","8.16"
"2707617","208","279"
"2707618","205","44.83"
"2707618","203","10.42"
"2707618","204","20.83"
"2707618","208","408"
"2707619","208","448"
"2707619","205","49.26"
"2707619","204","22.89"
"2707619","203","11.45"
"2707620","205","44.38"
"2707620","203","7.05"
"2707620","204","5.29"
"2707620","208","253"
"2707621","204","3.94"
"2707621","203","10.36"
"2707621","208","293"
"2707621","205","54.07"
"2707622","208","285"
"2707622","203","7.91"
"2707622","204","3.82"
"2707622","205","55.25"
"2707623","204","4.2"
"2707623","205","60.72"
"2707623","208","313"
"2707623","203","8.69"
"2707624","204","6"
"2707624","205","47.8"
"2707624","208","287"
"2707624","203","9.5"
"2707625","205","52.53"
"2707625","203","10.44"
"2707625","204","6.59"
"2707625","208","315"
"2707626","205","41.64"
"2707626","204","16.58"
"2707626","203","8.34"
"2707626","208","349"
"2707627","208","349"
"2707627","204","16.58"
"2707627","205","41.64"
"2707627","203","8.34"
"2707628","205","41.72"
"2707628","203","8.36"
"2707628","204","16.61"
"2707628","208","350"
"2707629","203","8.76"
"2707629","204","16.8"
"2707629","205","41.06"
"2707629","208","351"
"2707630","203","8.78"
"2707630","208","351"
"2707630","205","41.14"
"2707630","204","16.83"
"2707631","203","11.41"
"2707631","208","339"
"2707631","205","34.21"
"2707631","204","17.34"
"2707632","203","10.36"
"2707632","205","36.86"
"2707632","204","17.1"
"2707632","208","343"
"2707633","203","8.81"
"2707633","208","238"
"2707633","205","44.32"
"2707633","204","2.95"
"2707634","203","9.68"
"2707634","204","3.24"
"2707634","208","262"
"2707634","205","48.7"
"2707635","205","44.3"
"2707635","203","8.7"
"2707635","204","2.5"
"2707635","208","207"
"2707636","203","9.56"
"2707636","205","48.68"
"2707636","204","2.75"
"2707636","208","227"
"2707637","208","222"
"2707637","205","49.95"
"2707637","203","7.83"
"2707637","204","2.14"
"2707638","204","2.35"
"2707638","203","8.6"
"2707638","205","54.89"
"2707638","208","244"
"2707639","208","238"
"2707639","203","10.66"
"2707639","204","2.15"
"2707639","205","43.91"
"2707640","208","262"
"2707640","203","11.71"
"2707640","205","48.25"
"2707640","204","2.36"
"2707641","205","48.13"
"2707641","203","13.3"
"2707641","208","269"
"2707641","204","2.42"
"2707642","208","266"
"2707642","204","3.13"
"2707642","203","12.5"
"2707642","205","47.07"
"2707643","203","13.74"
"2707643","204","3.44"
"2707643","205","51.72"
"2707643","208","292"
"2707644","208","270"
"2707644","203","8.82"
"2707644","205","52.21"
"2707644","204","3.26"
"2707645","205","57.38"
"2707645","203","9.69"
"2707645","204","3.58"
"2707645","208","297"
"2707646","203","10.75"
"2707646","208","272"
"2707646","204","2.42"
"2707646","205","51.88"
"2707647","204","2.66"
"2707647","203","11.81"
"2707647","208","299"
"2707647","205","57.01"
"2707648","205","45.38"
"2707648","208","241"
"2707648","204","2.87"
"2707648","203","8.64"
"2707649","208","265"
"2707649","204","3.15"
"2707649","205","49.87"
"2707649","203","9.5"
"2707650","204","3.26"
"2707650","203","9.67"
"2707650","208","259"
"2707650","205","47.98"
"2707651","208","284"
"2707651","205","52.72"
"2707651","204","3.58"
"2707651","203","10.62"
"2707652","205","21.32"
"2707652","204","7.61"
"2707652","208","171"
"2707652","203","4.29"
"2707653","205","44.97"
"2707653","203","9.36"
"2707653","208","384"
"2707653","204","18.84"
"2707654","203","9.77"
"2707654","205","50.12"
"2707654","208","279"
"2707654","204","3.91"
"2707655","208","293"
"2707655","205","52.7"
"2707655","203","9.9"
"2707655","204","4.3"
"2707656","204","3.59"
"2707656","203","9.43"
"2707656","208","267"
"2707656","205","49.2"
"2707657","204","3.59"
"2707657","203","9.43"
"2707657","205","49.2"
"2707657","208","267"
"2707658","204","2.42"
"2707658","203","10.75"
"2707658","205","51.88"
"2707658","208","272"
"2707659","205","47.8"
"2707659","203","9.5"
"2707659","204","6"
"2707659","208","287"
"2707660","205","49.56"
"2707660","203","11.48"
"2707660","208","315"
"2707660","204","7.85"
"2707661","208","272"
"2707661","203","10.75"
"2707661","205","51.88"
"2707661","204","2.42"
"2707662","205","51.92"
"2707662","204","6.44"
"2707662","208","309"
"2707662","203","10.84"
"2707663","203","9.77"
"2707663","205","50.12"
"2707663","208","279"
"2707663","204","3.91"
"2707664","205","55.77"
"2707664","204","5.8"
"2707664","208","318"
"2707664","203","10.65"
"2707665","203","10.75"
"2707665","205","51.88"
"2707665","208","272"
"2707665","204","2.42"
"2707666","208","321"
"2707666","205","53.58"
"2707666","204","7.37"
"2707666","203","10.04"
"2707667","208","372"
"2707667","205","50.9"
"2707667","204","16.4"
"2707667","203","6.2"
"2707668","204","26.61"
"2707668","205","48.6"
"2707668","208","452"
"2707668","203","4.45"
"2707669","204","12.2"
"2707669","208","371"
"2707669","205","56.36"
"2707669","203","9.07"
"2707670","204","16.4"
"2707670","208","372"
"2707670","203","6.2"
"2707670","205","50.9"
"2707671","203","5.23"
"2707671","205","53.56"
"2707671","204","16.37"
"2707671","208","379"
"2707672","203","4.45"
"2707672","205","48.6"
"2707672","208","452"
"2707672","204","26.61"
"2707673","203","5.54"
"2707673","204","20.14"
"2707673","208","404"
"2707673","205","50.85"
"2707674","208","367"
"2707674","203","9.42"
"2707674","204","11.58"
"2707674","205","56.38"
"2707675","203","8.73"
"2707675","204","12.82"
"2707675","208","374"
"2707675","205","56.35"
"2707676","204","11.39"
"2707676","208","368"
"2707676","203","8.29"
"2707676","205","58.57"
"2707677","203","6.2"
"2707677","204","16.4"
"2707677","205","50.9"
"2707677","208","372"
"2707678","204","21"
"2707678","208","406"
"2707678","205","45.8"
"2707678","203","8.2"
"2707679","208","414"
"2707679","205","47"
"2707679","204","20.9"
"2707679","203","9.2"
"2707680","205","49.4"
"2707680","203","7.4"
"2707680","204","22.79"
"2707680","208","421"
"2707681","205","47.04"
"2707681","203","7.75"
"2707681","204","19.72"
"2707681","208","396"
"2707682","205","36.31"
"2707682","204","27.46"
"2707682","203","8.96"
"2707682","208","427"
"2707683","205","58.84"
"2707683","204","9.06"
"2707683","208","348"
"2707683","203","7.93"
"2707684","205","52.38"
"2707684","203","10.56"
"2707684","208","264"
"2707684","204","1.32"
"2707685","203","9.83"
"2707685","208","268"
"2707685","205","55.07"
"2707685","204","1.21"
"2707686","208","243"
"2707686","203","9.55"
"2707686","204","1.25"
"2707686","205","48.36"
"2707687","205","21.71"
"2707687","208","177"
"2707687","204","8.51"
"2707687","203","3.14"
"2707688","205","17.77"
"2707688","204","11.92"
"2707688","203","3.31"
"2707688","208","192"
"2707689","208","342"
"2707689","205","44.39"
"2707689","204","12.85"
"2707689","203","12.18"
"2707690","203","12"
"2707690","204","9.5"
"2707690","205","68.4"
"2707690","208","412"
"2707691","204","10.86"
"2707691","208","434"
"2707691","203","12.01"
"2707691","205","72.23"
"2707692","208","342"
"2707692","203","12.18"
"2707692","204","12.85"
"2707692","205","44.39"
"2707693","205","44.39"
"2707693","203","12.18"
"2707693","204","12.85"
"2707693","208","342"
"2707694","205","46.37"
"2707694","208","313"
"2707694","203","11.09"
"2707694","204","9.16"
"2707695","205","43.76"
"2707695","204","13.15"
"2707695","208","344"
"2707695","203","12.52"
"2707696","208","333"
"2707696","205","36.41"
"2707696","204","14.36"
"2707696","203","14.48"
"2707697","203","10.8"
"2707697","205","63.5"
"2707697","208","465"
"2707697","204","18.3"
"2707698","208","227"
"2707698","204","1.69"
"2707698","205","44.17"
"2707698","203","8.87"
"2707699","208","234"
"2707699","205","47.68"
"2707699","204","1.55"
"2707699","203","8.31"
"2707700","205","42.08"
"2707700","203","9.59"
"2707700","204","3.31"
"2707700","208","236"
"2707701","208","244"
"2707701","204","1.79"
"2707701","205","47.64"
"2707701","203","9.31"
"2707702","208","390"
"2707702","205","76.6"
"2707702","204","3.2"
"2707702","203","12.1"
"2707703","208","373"
"2707703","205","66.99"
"2707703","203","7.63"
"2707703","204","8.38"
"2707704","204","8.39"
"2707704","205","53.75"
"2707704","203","9.76"
"2707704","208","325"
"2707705","205","74.2"
"2707705","208","426"
"2707705","204","9.7"
"2707705","203","10.1"
"2707706","205","43.91"
"2707706","203","10.66"
"2707706","204","2.15"
"2707706","208","238"
"2707707","208","262"
"2707707","204","2.36"
"2707707","205","48.25"
"2707707","203","11.71"
"2707708","203","10.2"
"2707708","204","1.53"
"2707708","208","250"
"2707708","205","48.89"
"2707709","208","254"
"2707709","204","3.55"
"2707709","205","43.1"
"2707709","203","12.3"
"2707710","208","279"
"2707710","205","47.36"
"2707710","203","13.52"
"2707710","204","3.9"
"2707711","203","10.38"
"2707711","205","46.96"
"2707711","204","4.26"
"2707711","208","267"
"2707712","203","11.4"
"2707712","204","4.68"
"2707712","208","293"
"2707712","205","51.61"
"2707713","203","7.85"
"2707713","208","299"
"2707713","205","46.13"
"2707713","204","9.2"
"2707714","204","24.94"
"2707714","208","409"
"2707714","203","6.84"
"2707714","205","39.23"
"2707715","205","45.35"
"2707715","208","326"
"2707715","204","13.2"
"2707715","203","6.36"
"2707716","204","4.14"
"2707716","205","56.35"
"2707716","203","8.63"
"2707716","208","290"
"2707717","208","319"
"2707717","205","61.92"
"2707717","204","4.55"
"2707717","203","9.48"
"2707718","208","188"
"2707718","204","0"
"2707718","205","33.88"
"2707718","203","13.16"
"2707719","203","14.46"
"2707719","205","37.23"
"2707719","204","0"
"2707719","208","207"
"2707720","204","4.53"
"2707720","203","10.67"
"2707720","205","47.54"
"2707720","208","274"
"2707721","204","4.98"
"2707721","205","52.24"
"2707721","203","11.72"
"2707721","208","301"
"2707722","204","3.72"
"2707722","203","10.33"
"2707722","208","271"
"2707722","205","49.2"
"2707723","205","54.06"
"2707723","208","297"
"2707723","204","4.09"
"2707723","203","11.35"
"2707724","205","57.73"
"2707724","208","292"
"2707724","203","8.66"
"2707724","204","3.72"
"2707725","205","63.44"
"2707725","203","9.51"
"2707725","208","321"
"2707725","204","4.08"
"2707726","205","44.91"
"2707726","203","8.91"
"2707726","204","2.55"
"2707726","208","207"
"2707727","203","9.79"
"2707727","204","2.8"
"2707727","205","49.35"
"2707727","208","228"
"2707728","205","49.1"
"2707728","203","8.33"
"2707728","204","1.04"
"2707728","208","239"
"2707729","203","9.15"
"2707729","205","53.96"
"2707729","204","1.14"
"2707729","208","263"
"2707730","204","1.71"
"2707730","208","262"
"2707730","203","9.8"
"2707730","205","55.89"
"2707731","204","1.71"
"2707731","205","55.89"
"2707731","203","9.8"
"2707731","208","262"
"2707732","205","48.89"
"2707732","203","10.2"
"2707732","204","1.53"
"2707732","208","250"
"2707733","203","10.2"
"2707733","208","250"
"2707733","205","48.89"
"2707733","204","1.53"
"2707734","205","51.93"
"2707734","204","1.4"
"2707734","208","255"
"2707734","203","9.51"
"2707735","208","255"
"2707735","205","51.93"
"2707735","203","9.51"
"2707735","204","1.4"
"2707736","203","9.52"
"2707736","205","50.78"
"2707736","204","2.77"
"2707736","208","263"
"2707737","203","10.2"
"2707737","205","48.89"
"2707737","208","250"
"2707737","204","1.53"
"2707738","205","44.8"
"2707738","203","8.7"
"2707738","204","2"
"2707738","208","223"
"2707739","204","1.82"
"2707739","203","8.16"
"2707739","205","48.25"
"2707739","208","231"
"2707740","208","223"
"2707740","203","8.7"
"2707740","204","2"
"2707740","205","44.8"
"2707741","204","2"
"2707741","203","8.7"
"2707741","208","223"
"2707741","205","44.8"
"2707742","204","1.84"
"2707742","203","8.21"
"2707742","205","47.94"
"2707742","208","230"
"2707743","203","8.21"
"2707743","204","1.84"
"2707743","205","47.94"
"2707743","208","230"
"2707744","205","44.8"
"2707744","204","2"
"2707744","208","223"
"2707744","203","8.7"
"2707745","203","15.08"
"2707745","208","425"
"2707745","204","10.98"
"2707745","205","67.9"
"2707746","204","6.3"
"2707746","205","46"
"2707746","203","8.6"
"2707746","208","273"
"2707747","208","269"
"2707747","203","11.69"
"2707747","205","47.31"
"2707747","204","3.61"
"2707748","203","11.69"
"2707748","204","3.61"
"2707748","208","269"
"2707748","205","47.31"
"2707749","208","273"
"2707749","205","46"
"2707749","204","6.3"
"2707749","203","8.6"
"2707750","204","4.38"
"2707750","203","12.38"
"2707750","205","44.93"
"2707750","208","269"
"2707751","205","44.93"
"2707751","208","269"
"2707751","204","4.38"
"2707751","203","12.38"
"2707752","205","46.5"
"2707752","208","255"
"2707752","204","3.49"
"2707752","203","9.3"
"2707753","204","3.49"
"2707753","203","9.3"
"2707753","205","46.5"
"2707753","208","255"
"2707754","203","9.3"
"2707754","208","255"
"2707754","205","46.5"
"2707754","204","3.49"
"2707755","205","48.3"
"2707755","208","259"
"2707755","204","3.3"
"2707755","203","8.5"
"2707756","205","53.08"
"2707756","203","9.34"
"2707756","208","285"
"2707756","204","3.63"
"2707757","203","8.5"
"2707757","208","259"
"2707757","204","3.3"
"2707757","205","48.3"
"2707758","204","3.63"
"2707758","205","53.08"
"2707758","208","285"
"2707758","203","9.34"
"2707759","205","48.3"
"2707759","203","8.5"
"2707759","204","3.3"
"2707759","208","259"
"2707760","204","3.1"
"2707760","203","8.7"
"2707760","208","250"
"2707760","205","47.5"
"2707761","204","3.41"
"2707761","205","52.2"
"2707761","203","9.56"
"2707761","208","275"
"2707762","203","10.2"
"2707762","204","1.53"
"2707762","205","48.89"
"2707762","208","250"
"2707763","208","250"
"2707763","204","3.1"
"2707763","205","47.5"
"2707763","203","8.7"
"2707764","203","8.7"
"2707764","205","47.5"
"2707764","204","3.1"
"2707764","208","250"
"2707765","204","3.41"
"2707765","208","275"
"2707765","205","52.2"
"2707765","203","9.56"
"2707766","205","48.3"
"2707766","203","8.5"
"2707766","208","259"
"2707766","204","3.3"
"2707767","204","3.1"
"2707767","205","47.5"
"2707767","203","8.7"
"2707767","208","250"
"2707768","205","48.5"
"2707768","203","8.4"
"2707768","204","4.4"
"2707768","208","269"
"2707769","208","296"
"2707769","204","4.84"
"2707769","205","53.3"
"2707769","203","9.23"
"2707770","208","299"
"2707770","204","4.89"
"2707770","205","53.89"
"2707770","203","9.33"
"2707771","203","9.23"
"2707771","204","4.84"
"2707771","205","53.3"
"2707771","208","296"
"2707772","203","10.2"
"2707772","205","48.89"
"2707772","204","1.53"
"2707772","208","250"
"2707773","208","269"
"2707773","205","48.5"
"2707773","203","8.4"
"2707773","204","4.4"
"2707774","205","48.5"
"2707774","208","269"
"2707774","203","8.4"
"2707774","204","4.4"
"2707775","208","272"
"2707775","203","7.89"
"2707775","205","51.58"
"2707775","204","3.98"
"2707776","208","291"
"2707776","203","14.68"
"2707776","204","4.65"
"2707776","205","47.63"
"2707777","208","265"
"2707777","203","13.36"
"2707777","204","4.23"
"2707777","205","43.34"
"2707778","205","46.94"
"2707778","204","3.83"
"2707778","208","268"
"2707778","203","12.35"
"2707779","203","13.58"
"2707779","204","4.21"
"2707779","205","51.58"
"2707779","208","295"
"2707780","208","207"
"2707780","205","44.91"
"2707780","203","8.91"
"2707780","204","2.55"
"2707781","204","2.8"
"2707781","208","228"
"2707781","203","9.79"
"2707781","205","49.35"
"2707782","208","263"
"2707782","205","44.6"
"2707782","204","6"
"2707782","203","9.6"
"2707783","205","44.6"
"2707783","203","9.6"
"2707783","204","6"
"2707783","208","263"
"2707784","205","44.6"
"2707784","204","6"
"2707784","203","9.6"
"2707784","208","263"
"2707785","205","48.89"
"2707785","203","10.2"
"2707785","204","1.53"
"2707785","208","250"
"2707786","208","255"
"2707786","205","51.93"
"2707786","203","9.51"
"2707786","204","1.4"
"2707787","203","8.7"
"2707787","204","2"
"2707787","208","223"
"2707787","205","44.8"
"2707788","205","47.54"
"2707788","204","4.53"
"2707788","208","274"
"2707788","203","10.67"
"2707789","205","52.24"
"2707789","203","11.72"
"2707789","204","4.98"
"2707789","208","301"
"2707790","208","267"
"2707790","205","41.95"
"2707790","203","16.4"
"2707790","204","3.84"
"2707791","204","4.22"
"2707791","205","46.1"
"2707791","203","18.02"
"2707791","208","293"
"2707792","203","11.16"
"2707792","205","47.98"
"2707792","204","8.23"
"2707792","208","306"
"2707793","208","336"
"2707793","205","52.73"
"2707793","203","12.26"
"2707793","204","9.05"
"2707794","205","45.78"
"2707794","204","5.24"
"2707794","208","248"
"2707794","203","4.31"
"2707795","205","50.31"
"2707795","208","273"
"2707795","203","4.74"
"2707795","204","5.76"
"2707796","205","19.39"
"2707796","204","0.68"
"2707796","203","2.55"
"2707796","208","93"
"2707797","205","45.78"
"2707797","208","248"
"2707797","204","5.24"
"2707797","203","4.31"
"2707798","205","50.31"
"2707798","203","4.74"
"2707798","204","5.76"
"2707798","208","273"
"2707799","203","11.25"
"2707799","205","66.3"
"2707799","208","453"
"2707799","204","15.84"
"2707800","208","239"
"2707800","205","50.47"
"2707800","203","3.34"
"2707800","204","2.65"
"2707801","205","42.82"
"2707801","208","370"
"2707801","204","18.92"
"2707801","203","7.08"
"2707802","203","6.79"
"2707802","208","324"
"2707802","204","11.22"
"2707802","205","49.05"
"2707803","203","7.08"
"2707803","208","370"
"2707803","205","42.82"
"2707803","204","18.92"
"2707804","204","15.97"
"2707804","205","44.89"
"2707804","203","7.03"
"2707804","208","350"
"2707805","203","7.5"
"2707805","208","362"
"2707805","205","43.9"
"2707805","204","18.19"
"2707806","205","38.78"
"2707806","203","8.7"
"2707806","208","374"
"2707806","204","20.43"
"2707807","203","6.7"
"2707807","204","17.05"
"2707807","208","363"
"2707807","205","46.47"
"2707808","205","48.07"
"2707808","203","6.67"
"2707808","208","382"
"2707808","204","18.35"
"2707809","205","51.2"
"2707809","204","16.54"
"2707809","208","374"
"2707809","203","6.33"
"2707810","203","6.59"
"2707810","204","9.58"
"2707810","208","330"
"2707810","205","54.46"
"2707811","208","287"
"2707811","203","6.55"
"2707811","204","9.8"
"2707811","205","42.87"
"2707812","205","21.9"
"2707812","203","2.9"
"2707812","208","179"
"2707812","204","8.8"
"2707813","203","5.9"
"2707813","205","51"
"2707813","204","8.4"
"2707813","208","305"
"2707814","203","7.02"
"2707814","205","45.94"
"2707814","204","10.51"
"2707814","208","307"
"2707815","208","218"
"2707815","203","3.98"
"2707815","205","41.18"
"2707815","204","4.64"
"2707816","208","214"
"2707816","204","4.31"
"2707816","203","3.5"
"2707816","205","39.68"
"2707817","208","254"
"2707817","203","3.34"
"2707817","205","37.79"
"2707817","204","9.78"
"2707818","203","3.85"
"2707818","208","260"
"2707818","204","11.19"
"2707818","205","37.2"
"2707819","204","13.25"
"2707819","208","296"
"2707819","203","6.16"
"2707819","205","40.21"
"2707820","208","277"
"2707820","203","7.98"
"2707820","205","43.82"
"2707820","204","7.46"
"2707821","203","6.68"
"2707821","208","166"
"2707821","204","7.06"
"2707821","205","18.55"
"2707822","203","6.95"
"2707822","204","5.42"
"2707822","208","262"
"2707822","205","47.01"
"2707823","203","5.7"
"2707823","204","2.85"
"2707823","205","44.64"
"2707823","208","218"
"2707824","203","8.2"
"2707824","208","306"
"2707824","204","7.99"
"2707824","205","49.38"
"2707825","204","9.76"
"2707825","208","310"
"2707825","205","45.89"
"2707825","203","9.76"
"2707826","205","63.49"
"2707826","203","6.41"
"2707826","208","476"
"2707826","204","21.79"
"2707827","204","29.07"
"2707827","205","53.2"
"2707827","208","511"
"2707827","203","8.83"
"2707828","204","14"
"2707828","203","5.66"
"2707828","208","267"
"2707828","205","30.47"
"2707829","208","375"
"2707829","205","53"
"2707829","203","4.49"
"2707829","204","16.07"
"2707830","205","53"
"2707830","208","375"
"2707830","204","16.07"
"2707830","203","4.49"
"2707831","205","50.05"
"2707831","203","4.23"
"2707831","204","4.22"
"2707831","208","255"
"2707832","205","55.4"
"2707832","208","402"
"2707832","204","19.04"
"2707832","203","5.77"
"2707833","203","6.54"
"2707833","204","18.75"
"2707833","205","50.94"
"2707833","208","395"
"2707834","205","44.01"
"2707834","203","7.8"
"2707834","208","372"
"2707834","204","18.44"
"2707835","204","18.03"
"2707835","203","6.92"
"2707835","205","45.7"
"2707835","208","372"
"2707836","205","45.7"
"2707836","208","372"
"2707836","203","6.92"
"2707836","204","18.03"
"2707837","203","6.26"
"2707837","208","208"
"2707837","205","38.67"
"2707837","204","5.01"
"2707838","203","5.42"
"2707838","204","1.5"
"2707838","208","179"
"2707838","205","39.99"
"2707839","203","6.43"
"2707839","204","18.92"
"2707839","205","43.94"
"2707839","208","370"
"2707840","203","7"
"2707840","208","270"
"2707840","204","7.4"
"2707840","205","48.3"
"2707841","204","16.21"
"2707841","208","374"
"2707841","203","5.93"
"2707841","205","52.02"
"2707842","203","9.72"
"2707842","208","367"
"2707842","204","23"
"2707842","205","30.51"
"2707843","208","305"
"2707843","204","12.93"
"2707843","205","43.21"
"2707843","203","4.97"
"2707844","208","306"
"2707844","204","13.14"
"2707844","205","42.64"
"2707844","203","5.05"
"2707845","205","44.42"
"2707845","203","5.01"
"2707845","208","314"
"2707845","204","13.21"
"2707846","208","268"
"2707846","205","35.28"
"2707846","203","11.05"
"2707846","204","9.2"
"2707847","204","4.53"
"2707847","203","10.67"
"2707847","208","274"
"2707847","205","47.54"
"2707848","205","49.66"
"2707848","208","403"
"2707848","203","6.59"
"2707848","204","20.1"
"2707849","205","43.21"
"2707849","204","12.93"
"2707849","208","305"
"2707849","203","4.97"
"2707850","203","6.01"
"2707850","204","18.1"
"2707850","205","47.34"
"2707850","208","374"
"2707851","203","5.05"
"2707851","208","306"
"2707851","205","42.64"
"2707851","204","13.14"
"2707852","208","301"
"2707852","203","6.48"
"2707852","205","51.07"
"2707852","204","8.96"
"2707853","204","14.77"
"2707853","208","352"
"2707853","203","2.84"
"2707853","205","53.6"
"2707854","208","257"
"2707854","204","0.3"
"2707854","205","58.7"
"2707854","203","6.1"
"2707855","203","2.41"
"2707855","204","17.5"
"2707855","205","52.52"
"2707855","208","376"
"2707856","208","379"
"2707856","205","53.07"
"2707856","203","2.47"
"2707856","204","17.51"
"2707857","204","10.66"
"2707857","203","3.49"
"2707857","208","228"
"2707857","205","31.32"
"2707858","208","252"
"2707858","205","42.9"
"2707858","203","2.4"
"2707858","204","8.5"
"2707859","205","51.8"
"2707859","208","374"
"2707859","203","2.49"
"2707859","204","17.52"
"2707860","204","15.68"
"2707860","205","54.52"
"2707860","203","2.5"
"2707860","208","368"
"2707861","203","5.29"
"2707861","204","26.52"
"2707861","205","34.82"
"2707861","208","399"
"2707862","203","4.8"
"2707862","205","38.23"
"2707862","208","387"
"2707862","204","23.88"
"2707863","203","5.72"
"2707863","208","394"
"2707863","204","26.14"
"2707863","205","35.52"
"2707864","204","14.58"
"2707864","208","355"
"2707864","205","54.36"
"2707864","203","2.79"
"2707865","208","349"
"2707865","205","53.13"
"2707865","203","3.05"
"2707865","204","14.43"
"2707866","204","15.2"
"2707866","205","52.25"
"2707866","203","3.29"
"2707866","208","345"
"2707867","204","14.98"
"2707867","203","3.49"
"2707867","205","51.25"
"2707867","208","341"
"2707868","208","303"
"2707868","204","13.24"
"2707868","205","43.28"
"2707868","203","5.08"
"2707869","204","17.6"
"2707869","205","49.94"
"2707869","208","360"
"2707869","203","3.7"
"2707870","205","37.93"
"2707870","203","4.87"
"2707870","208","410"
"2707870","204","29.42"
"2707871","203","4.87"
"2707871","204","29.42"
"2707871","205","37.93"
"2707871","208","410"
"2707872","204","17.03"
"2707872","203","3.84"
"2707872","205","30.02"
"2707872","208","286"
"2707873","203","3.63"
"2707873","208","399"
"2707873","205","60.31"
"2707873","204","15.93"
"2707874","205","64.03"
"2707874","208","374"
"2707874","203","3.47"
"2707874","204","11.54"
"2707875","203","2.9"
"2707875","204","9.1"
"2707875","205","61.6"
"2707875","208","324"
"2707876","204","9.16"
"2707876","208","276"
"2707876","205","45.34"
"2707876","203","3.64"
"2707877","205","39.28"
"2707877","204","12.67"
"2707877","208","283"
"2707877","203","2.95"
"2707878","205","64.54"
"2707878","204","1.52"
"2707878","203","3.14"
"2707878","208","285"
"2707879","204","13.53"
"2707879","203","2.42"
"2707879","205","51.9"
"2707879","208","339"
"2707880","204","15.06"
"2707880","208","347"
"2707880","205","52.57"
"2707880","203","3.07"
"2707881","205","47.52"
"2707881","204","19.85"
"2707881","208","382"
"2707881","203","6.12"
"2707882","208","353"
"2707882","203","5"
"2707882","204","13.96"
"2707882","205","53.64"
"2707883","203","2.5"
"2707883","205","51.58"
"2707883","208","373"
"2707883","204","17.51"
"2707884","205","54.36"
"2707884","204","14.58"
"2707884","208","355"
"2707884","203","2.79"
"2707885","205","56.41"
"2707885","203","2.66"
"2707885","208","410"
"2707885","204","19.43"
"2707886","208","290"
"2707886","205","61"
"2707886","204","2.7"
"2707886","203","5.4"
"2707887","203","2.22"
"2707887","208","326"
"2707887","204","12.89"
"2707887","205","50.25"
"2707888","205","33.86"
"2707888","203","3.28"
"2707888","204","10.36"
"2707888","208","241"
"2707889","204","8.67"
"2707889","205","42"
"2707889","208","270"
"2707889","203","6.39"
"2707890","203","2.38"
"2707890","205","39.11"
"2707890","208","273"
"2707890","204","12.18"
"2707891","204","14.33"
"2707891","203","2.4"
"2707891","205","54.95"
"2707891","208","359"
"2707892","205","53.78"
"2707892","208","353"
"2707892","204","14.16"
"2707892","203","2.62"
"2707893","204","14.95"
"2707893","205","52.84"
"2707893","208","349"
"2707893","203","2.9"
"2707894","203","3.06"
"2707894","208","345"
"2707894","204","14.71"
"2707894","205","51.9"
"2707895","205","44.36"
"2707895","204","12.78"
"2707895","203","4.36"
"2707895","208","310"
"2707896","203","3.31"
"2707896","205","40.09"
"2707896","208","214"
"2707896","204","4.73"
"2707897","208","371"
"2707897","204","17.52"
"2707897","203","2.52"
"2707897","205","51.08"
"2707898","203","4.97"
"2707898","205","54.47"
"2707898","204","22.45"
"2707898","208","435"
"2707899","205","65.36"
"2707899","204","24.72"
"2707899","208","492"
"2707899","203","5.1"
"2707900","203","5.37"
"2707900","205","63.78"
"2707900","208","514"
"2707900","204","26.22"
"2707901","204","18.1"
"2707901","208","450"
"2707901","205","68.7"
"2707901","203","6.2"
"2707902","204","8.38"
"2707902","203","7.63"
"2707902","208","373"
"2707902","205","66.99"
"2707903","204","16.3"
"2707903","203","4.8"
"2707903","208","405"
"2707903","205","63.9"
"2707904","203","4.8"
"2707904","204","16.3"
"2707904","208","405"
"2707904","205","63.9"
"2707905","203","2.94"
"2707905","208","401"
"2707905","205","63.55"
"2707905","204","16.95"
"2707906","203","2.77"
"2707906","204","9.68"
"2707906","205","61.58"
"2707906","208","345"
"2707907","205","63.9"
"2707907","203","4.8"
"2707907","208","405"
"2707907","204","16.3"
"2707908","203","5.1"
"2707908","204","24.72"
"2707908","208","492"
"2707908","205","65.36"
"2707909","208","492"
"2707909","203","5.1"
"2707909","204","24.72"
"2707909","205","65.36"
"2707910","204","28.96"
"2707910","203","5.83"
"2707910","205","59.24"
"2707910","208","505"
"2707911","205","67.49"
"2707911","204","17.91"
"2707911","208","451"
"2707911","203","5.97"
"2707912","208","425"
"2707912","203","2.94"
"2707912","205","63.52"
"2707912","204","17.65"
"2707913","205","63.26"
"2707913","204","19.35"
"2707913","203","3.23"
"2707913","208","440"
"2707914","204","18.1"
"2707914","203","6.2"
"2707914","205","68.7"
"2707914","208","450"
"2707915","204","14.2"
"2707915","208","433"
"2707915","205","72.7"
"2707915","203","6.6"
"2707916","204","16.9"
"2707916","208","421"
"2707916","205","67.7"
"2707916","203","4"
"2707917","205","67.7"
"2707917","204","16.9"
"2707917","208","421"
"2707917","203","4"
"2707918","205","67.87"
"2707918","208","507"
"2707918","203","4.5"
"2707918","204","24.2"
"2707919","203","3.45"
"2707919","208","526"
"2707919","205","65.99"
"2707919","204","27.59"
"2707920","204","19.14"
"2707920","208","464"
"2707920","205","71"
"2707920","203","5.21"
"2707921","205","76.17"
"2707921","203","2.94"
"2707921","204","13.24"
"2707921","208","436"
"2707922","203","4.33"
"2707922","205","68.2"
"2707922","204","24.52"
"2707922","208","497"
"2707923","205","71"
"2707923","204","19.14"
"2707923","208","464"
"2707923","203","5.21"
"2707924","204","14.2"
"2707924","203","6.6"
"2707924","208","433"
"2707924","205","72.7"
"2707925","203","6.36"
"2707925","204","18.57"
"2707925","205","68.97"
"2707925","208","465"
"2707926","203","5.1"
"2707926","205","65.36"
"2707926","208","492"
"2707926","204","24.72"
"2707927","208","460"
"2707927","203","3.02"
"2707927","205","61.22"
"2707927","204","22.55"
"2707928","204","7.3"
"2707928","205","70.9"
"2707928","208","348"
"2707928","203","3.7"
"2707929","204","7.3"
"2707929","208","348"
"2707929","203","3.7"
"2707929","205","70.9"
"2707930","208","378"
"2707930","204","2.7"
"2707930","205","84"
"2707930","203","4.2"
"2707931","205","79"
"2707931","203","8.1"
"2707931","208","417"
"2707931","204","6.9"
"2707932","203","5.6"
"2707932","204","9.8"
"2707932","208","416"
"2707932","205","76.9"
"2707933","205","66.7"
"2707933","208","464"
"2707933","203","9.8"
"2707933","204","17.6"
"2707934","205","59.7"
"2707934","204","9.1"
"2707934","203","10.6"
"2707934","208","365"
"2707935","204","18.94"
"2707935","203","5.13"
"2707935","208","437"
"2707935","205","62.65"
"2707936","208","460"
"2707936","205","61.22"
"2707936","203","3.02"
"2707936","204","22.55"
"2707937","208","421"
"2707937","203","4"
"2707937","204","16.9"
"2707937","205","67.7"
"2707938","204","9"
"2707938","208","417"
"2707938","205","80.5"
"2707938","203","3.4"
"2707939","208","435"
"2707939","204","18.18"
"2707939","203","4.55"
"2707939","205","63.26"
"2707940","205","80.5"
"2707940","203","3.4"
"2707940","204","9"
"2707940","208","417"
"2707941","203","5.66"
"2707941","205","81.3"
"2707941","204","0.26"
"2707941","208","350"
"2707942","208","430"
"2707942","205","73.8"
"2707942","203","5.6"
"2707942","204","12.8"
"2707943","203","5.6"
"2707943","205","73.8"
"2707943","208","430"
"2707943","204","12.8"
"2707944","208","464"
"2707944","204","17.6"
"2707944","205","66.7"
"2707944","203","9.8"
"2707945","205","68.7"
"2707945","204","18.1"
"2707945","208","450"
"2707945","203","6.2"
"2707946","204","18.1"
"2707946","208","450"
"2707946","203","6.2"
"2707946","205","68.7"
"2707947","204","10.04"
"2707947","208","365"
"2707947","203","4.02"
"2707947","205","64.62"
"2707948","205","55.62"
"2707948","203","2.61"
"2707948","204","18.29"
"2707948","208","398"
"2707949","203","5.72"
"2707949","205","67.56"
"2707949","204","20.92"
"2707949","208","457"
"2707950","208","398"
"2707950","205","55.62"
"2707950","203","2.61"
"2707950","204","18.29"
"2707951","203","6.2"
"2707951","208","450"
"2707951","204","18.1"
"2707951","205","68.7"
"2707952","203","8.92"
"2707952","204","23.82"
"2707952","205","58.15"
"2707952","208","473"
"2707953","203","7.8"
"2707953","204","25.29"
"2707953","205","59.51"
"2707953","208","475"
"2707954","205","80.5"
"2707954","208","417"
"2707954","204","9"
"2707954","203","3.4"
"2707955","203","8.8"
"2707955","208","478"
"2707955","204","21.1"
"2707955","205","65.6"
"2707956","205","52.9"
"2707956","203","8.1"
"2707956","204","35.3"
"2707956","208","562"
"2707957","203","5.37"
"2707957","204","26.22"
"2707957","208","514"
"2707957","205","63.78"
"2707958","208","417"
"2707958","203","8.1"
"2707958","204","6.9"
"2707958","205","79"
"2707959","205","68.7"
"2707959","208","450"
"2707959","204","18.1"
"2707959","203","6.2"
"2707960","208","401"
"2707960","205","68"
"2707960","203","4.1"
"2707960","204","13.6"
"2707961","204","18.29"
"2707961","203","2.61"
"2707961","208","398"
"2707961","205","55.62"
"2707962","204","26.22"
"2707962","205","63.78"
"2707962","203","5.37"
"2707962","208","514"
"2707963","203","4.5"
"2707963","205","72.1"
"2707963","204","20"
"2707963","208","483"
"2707964","203","5.37"
"2707964","208","514"
"2707964","204","26.22"
"2707964","205","63.78"
"2707965","205","75.99"
"2707965","203","5.37"
"2707965","204","14"
"2707965","208","451"
"2707966","204","28.31"
"2707966","203","5.05"
"2707966","205","62.6"
"2707966","208","515"
"2707967","203","10"
"2707967","208","447"
"2707967","205","51.08"
"2707967","204","22.5"
"2707968","208","446"
"2707968","203","6.9"
"2707968","204","13.8"
"2707968","205","74.1"
"2707969","204","24.1"
"2707969","205","70.09"
"2707969","208","509"
"2707969","203","3"
"2707970","204","19.55"
"2707970","203","5.35"
"2707970","208","464"
"2707970","205","67.34"
"2707971","205","70.54"
"2707971","204","10.58"
"2707971","208","406"
"2707971","203","7.05"
"2707972","208","470"
"2707972","205","65.01"
"2707972","204","21.11"
"2707972","203","6.52"
"2707973","204","23.24"
"2707973","205","70.64"
"2707973","203","3.84"
"2707973","208","502"
"2707974","204","24.72"
"2707974","205","65.36"
"2707974","203","5.1"
"2707974","208","492"
"2707975","205","72.1"
"2707975","204","20"
"2707975","208","483"
"2707975","203","4.5"
"2707976","203","4.33"
"2707976","204","24.52"
"2707976","208","497"
"2707976","205","68.2"
"2707977","205","78.16"
"2707977","204","10.42"
"2707977","208","423"
"2707977","203","4.17"
"2707978","205","68.83"
"2707978","203","4.1"
"2707978","208","503"
"2707978","204","23.5"
"2707979","204","14.93"
"2707979","205","72.7"
"2707979","208","433"
"2707979","203","3.38"
"2707980","208","378"
"2707980","204","2.7"
"2707980","205","84"
"2707980","203","4.2"
"2707981","205","72.6"
"2707981","203","4.9"
"2707981","204","16.41"
"2707981","208","455"
"2707982","203","5"
"2707982","204","15.2"
"2707982","205","73.6"
"2707982","208","441"
"2707983","204","25.8"
"2707983","208","489"
"2707983","203","3.5"
"2707983","205","64.1"
"2707984","205","70.9"
"2707984","203","3.7"
"2707984","204","7.3"
"2707984","208","348"
"2707985","204","16.8"
"2707985","208","450"
"2707985","203","3.9"
"2707985","205","73.4"
"2707986","204","18"
"2707986","205","69.9"
"2707986","208","449"
"2707986","203","4.8"
"2707987","204","22.1"
"2707987","205","68"
"2707987","203","4.5"
"2707987","208","461"
"2707988","204","31.03"
"2707988","205","50.52"
"2707988","203","10.34"
"2707988","208","523"
"2707989","203","3.57"
"2707989","204","28.57"
"2707989","205","66.26"
"2707989","208","531"
"2707990","208","523"
"2707990","203","10.34"
"2707990","204","31.03"
"2707990","205","50.52"
"2707991","203","2.19"
"2707991","208","474"
"2707991","204","17.89"
"2707991","205","76.03"
"2707992","203","6.32"
"2707992","204","23.2"
"2707992","208","506"
"2707992","205","67.94"
"2707993","208","296"
"2707993","205","37.55"
"2707993","204","15.28"
"2707993","203","2.7"
"2707994","204","16.1"
"2707994","208","316"
"2707994","203","3"
"2707994","205","42.6"
"2707995","203","2.7"
"2707995","208","296"
"2707995","204","15.28"
"2707995","205","37.55"
"2707996","203","3"
"2707996","204","16.1"
"2707996","208","316"
"2707996","205","42.6"
"2707997","205","39.53"
"2707997","208","306"
"2707997","203","3.16"
"2707997","204","15.43"
"2707998","205","37.95"
"2707998","203","2.82"
"2707998","204","15.52"
"2707998","208","300"
"2707999","204","15.3"
"2707999","208","311"
"2707999","205","40.93"
"2707999","203","2.95"
"2708000","203","2.41"
"2708000","205","31.48"
"2708000","208","280"
"2708000","204","16.16"
"2708001","204","14.92"
"2708001","208","322"
"2708001","203","5.78"
"2708001","205","42.16"
"2708002","204","15.28"
"2708002","208","296"
"2708002","203","2.83"
"2708002","205","37.11"
"2708003","208","289"
"2708003","204","11.6"
"2708003","205","44.22"
"2708003","203","2.88"
"2708004","204","16.17"
"2708004","203","2.42"
"2708004","208","284"
"2708004","205","32.35"
"2708005","208","291"
"2708005","205","32.51"
"2708005","203","2.75"
"2708005","204","16.71"
"2708006","204","17.83"
"2708006","208","297"
"2708006","203","2.55"
"2708006","205","31.96"
"2708007","203","5.5"
"2708007","208","210"
"2708007","204","11.6"
"2708007","205","20.8"
"2708008","208","204"
"2708008","205","32.38"
"2708008","204","7.53"
"2708008","203","1.84"
"2708009","204","30.13"
"2708009","208","421"
"2708009","205","33.09"
"2708009","203","5.92"
"2708010","205","31.18"
"2708010","203","2.36"
"2708010","204","15.57"
"2708010","208","274"
"2708011","203","4.76"
"2708011","208","249"
"2708011","205","36.34"
"2708011","204","9.78"
"2708012","205","41.08"
"2708012","203","4.96"
"2708012","208","269"
"2708012","204","9.75"
"2708013","208","286"
"2708013","205","32.33"
"2708013","204","16.34"
"2708013","203","2.46"
"2708014","208","294"
"2708014","204","11.34"
"2708014","205","43.69"
"2708014","203","4.53"
"2708015","204","25.25"
"2708015","205","49.46"
"2708015","203","6.02"
"2708015","208","449"
"2708016","205","56.92"
"2708016","204","16.02"
"2708016","203","6.14"
"2708016","208","396"
"2708017","203","6.5"
"2708017","204","28.59"
"2708017","205","56.24"
"2708017","208","508"
"2708018","205","64.3"
"2708018","203","5.1"
"2708018","208","501"
"2708018","204","24.83"
"2708019","208","217"
"2708019","204","8.66"
"2708019","205","33.56"
"2708019","203","2.05"
"2708020","203","2.66"
"2708020","208","231"
"2708020","204","8.86"
"2708020","205","36.2"
"2708021","204","8.69"
"2708021","208","237"
"2708021","203","2.37"
"2708021","205","38.07"
"2708022","203","2.22"
"2708022","208","217"
"2708022","205","32.98"
"2708022","204","8.66"
"2708023","205","30.18"
"2708023","203","2.81"
"2708023","208","215"
"2708023","204","9.59"
"2708024","203","6.56"
"2708024","205","27.46"
"2708024","208","378"
"2708024","204","26.93"
"2708025","208","403"
"2708025","203","6.3"
"2708025","205","37.29"
"2708025","204","25.59"
"2708026","203","3.41"
"2708026","205","32.81"
"2708026","208","228"
"2708026","204","9.78"
"2708027","205","34.67"
"2708027","203","3.13"
"2708027","208","234"
"2708027","204","9.61"
"2708028","203","2.98"
"2708028","208","214"
"2708028","205","29.6"
"2708028","204","9.59"
"2708029","203","4.2"
"2708029","208","280"
"2708029","204","24.39"
"2708029","205","11.05"
"2708030","205","12.92"
"2708030","208","264"
"2708030","203","4.76"
"2708030","204","21.52"
"2708031","205","37.43"
"2708031","208","334"
"2708031","204","18.52"
"2708031","203","4.41"
"2708032","208","242"
"2708032","203","3.48"
"2708032","205","41.93"
"2708032","204","7.24"
"2708033","205","22.8"
"2708033","203","9"
"2708033","204","25.9"
"2708033","208","360"
"2708034","203","5.79"
"2708034","208","367"
"2708034","205","41.46"
"2708034","204","20.18"
"2708035","205","51.7"
"2708035","203","4.38"
"2708035","204","16.25"
"2708035","208","361"
"2708036","205","22.92"
"2708036","208","170"
"2708036","204","6.52"
"2708036","203","4.87"
"2708037","204","7.12"
"2708037","205","26.55"
"2708037","208","188"
"2708037","203","4.57"
"2708038","204","12.57"
"2708038","203","2.22"
"2708038","205","35.61"
"2708038","208","259"
"2708039","205","37.18"
"2708039","208","281"
"2708039","203","1.96"
"2708039","204","14.08"
"2708040","205","39.23"
"2708040","208","291"
"2708040","204","14.24"
"2708040","203","2.43"
"2708041","205","40.68"
"2708041","208","296"
"2708041","203","2.22"
"2708041","204","14.1"
"2708042","208","358"
"2708042","204","19.81"
"2708042","203","5.85"
"2708042","205","39.14"
"2708043","203","2.09"
"2708043","204","14.08"
"2708043","208","281"
"2708043","205","36.73"
"2708044","205","37.55"
"2708044","204","29.34"
"2708044","208","440"
"2708044","203","6.58"
"2708045","204","9.94"
"2708045","208","282"
"2708045","205","43.76"
"2708045","203","4.81"
"2708046","204","16.1"
"2708046","203","3"
"2708046","208","316"
"2708046","205","42.6"
"2708047","208","400"
"2708047","205","54.43"
"2708047","203","4.76"
"2708047","204","19.61"
"2708048","204","4.45"
"2708048","205","68.1"
"2708048","208","340"
"2708048","203","6.99"
"2708049","205","56.98"
"2708049","204","8.61"
"2708049","208","339"
"2708049","203","8.59"
"2708050","203","2.78"
"2708050","208","242"
"2708050","205","45.05"
"2708050","204","6"
"2708051","204","25.7"
"2708051","205","35.48"
"2708051","208","397"
"2708051","203","5.97"
"2708052","203","7.52"
"2708052","205","35.06"
"2708052","208","267"
"2708052","204","10.94"
"2708053","204","38.5"
"2708053","205","45.7"
"2708053","208","558"
"2708053","203","7.4"
"2708054","208","410"
"2708054","203","5.68"
"2708054","205","30.09"
"2708054","204","29.72"
"2708055","208","265"
"2708055","205","13.4"
"2708055","203","9.3"
"2708055","204","19.54"
"2708056","208","434"
"2708056","204","18.11"
"2708056","205","59.25"
"2708056","203","7.75"
"2708057","208","260"
"2708057","204","11.51"
"2708057","203","2.67"
"2708057","205","36.96"
"2708058","204","18.5"
"2708058","205","47.8"
"2708058","208","371"
"2708058","203","5.4"
"2708059","203","7"
"2708059","205","44.6"
"2708059","204","22.4"
"2708059","208","403"
"2708060","204","18.5"
"2708060","203","5.4"
"2708060","208","371"
"2708060","205","47.8"
"2708061","204","21.9"
"2708061","203","8"
"2708061","205","37.2"
"2708061","208","374"
"2708062","208","426"
"2708062","205","49.52"
"2708062","204","22.86"
"2708062","203","5.52"
"2708063","204","24.93"
"2708063","205","47.06"
"2708063","208","434"
"2708063","203","5.31"
"2708064","208","417"
"2708064","205","51.95"
"2708064","204","22.44"
"2708064","203","5.2"
"2708065","205","51.12"
"2708065","204","23.01"
"2708065","208","431"
"2708065","203","4.9"
"2708066","204","23.19"
"2708066","203","4.25"
"2708066","208","431"
"2708066","205","51.23"
"2708067","208","427"
"2708067","203","4.47"
"2708067","204","23.46"
"2708067","205","50.29"
"2708068","205","51.01"
"2708068","208","413"
"2708068","203","5.42"
"2708068","204","22.72"
"2708069","204","22.86"
"2708069","203","5.52"
"2708069","205","49.52"
"2708069","208","426"
"2708070","205","48.87"
"2708070","208","419"
"2708070","203","6.05"
"2708070","204","22.21"
"2708071","205","53.69"
"2708071","204","20.18"
"2708071","203","5.46"
"2708071","208","417"
"2708072","208","421"
"2708072","205","47.93"
"2708072","203","6.14"
"2708072","204","22.7"
"2708073","205","50.98"
"2708073","203","5.13"
"2708073","208","416"
"2708073","204","21.68"
"2708074","205","52.33"
"2708074","204","18.16"
"2708074","203","4.94"
"2708074","208","390"
"2708075","205","42.86"
"2708075","208","363"
"2708075","203","5.2"
"2708075","204","18.92"
"2708076","208","368"
"2708076","203","4.52"
"2708076","204","18.7"
"2708076","205","46.25"
"2708077","208","385"
"2708077","203","4.01"
"2708077","204","9.02"
"2708077","205","71.83"
"2708078","208","372"
"2708078","204","5.99"
"2708078","205","76.8"
"2708078","203","3.99"
"2708079","208","396"
"2708079","204","18.44"
"2708079","205","51.29"
"2708079","203","6.49"
"2708080","208","322"
"2708080","203","4.2"
"2708080","205","50.17"
"2708080","204","11.8"
"2708081","205","45.07"
"2708081","204","17.55"
"2708081","203","6.8"
"2708081","208","365"
"2708082","205","69.82"
"2708082","208","389"
"2708082","204","10"
"2708082","203","5"
"2708083","204","8.67"
"2708083","208","365"
"2708083","203","4.22"
"2708083","205","67.61"
"2708084","205","67.61"
"2708084","204","8.67"
"2708084","203","4.22"
"2708084","208","365"
"2708085","204","10.93"
"2708085","205","66.72"
"2708085","208","403"
"2708085","203","9.38"
"2708086","205","72.05"
"2708086","208","413"
"2708086","204","10.98"
"2708086","203","6.47"
"2708087","203","9.09"
"2708087","205","72.73"
"2708087","204","9.09"
"2708087","208","409"
"2708088","205","63.42"
"2708088","204","7.69"
"2708088","208","390"
"2708088","203","16.67"
"2708089","205","53.26"
"2708089","203","18.57"
"2708089","204","15.71"
"2708089","208","429"
"2708090","205","43.74"
"2708090","204","32.28"
"2708090","208","502"
"2708090","203","13.89"
"2708091","204","11.43"
"2708091","208","415"
"2708091","203","5.71"
"2708091","205","72.27"
"2708092","205","74.29"
"2708092","204","11.43"
"2708092","208","423"
"2708092","203","5.71"
"2708093","205","61.14"
"2708093","203","9.14"
"2708093","208","487"
"2708093","204","22.86"
"2708094","203","10.1"
"2708094","208","471"
"2708094","205","64.4"
"2708094","204","19.8"
"2708095","204","16.57"
"2708095","208","418"
"2708095","205","70.2"
"2708095","203","5.65"
"2708096","205","79.17"
"2708096","203","4.17"
"2708096","204","8.33"
"2708096","208","408"
"2708097","208","412"
"2708097","204","12.5"
"2708097","205","69.4"
"2708097","203","5.55"
"2708098","204","20.42"
"2708098","205","64.96"
"2708098","203","7.52"
"2708098","208","480"
"2708099","204","17.5"
"2708099","208","451"
"2708099","203","7.17"
"2708099","205","66.27"
"2708100","205","75.47"
"2708100","203","6.67"
"2708100","208","389"
"2708100","204","6.67"
"2708101","204","19.8"
"2708101","205","64.4"
"2708101","208","471"
"2708101","203","10.1"
"2708102","205","79.17"
"2708102","204","8.33"
"2708102","208","408"
"2708102","203","4.17"
"2708103","208","342"
"2708103","203","5.9"
"2708103","205","77.6"
"2708103","204","0.9"
"2708104","203","5.55"
"2708104","208","412"
"2708104","204","12.5"
"2708104","205","69.4"
"2708105","204","32.28"
"2708105","208","502"
"2708105","203","13.89"
"2708105","205","43.74"
"2708106","204","19.8"
"2708106","203","10.1"
"2708106","208","471"
"2708106","205","64.4"
"2708107","205","64.96"
"2708107","208","480"
"2708107","203","7.52"
"2708107","204","20.42"
"2708108","205","55.2"
"2708108","204","32.2"
"2708108","208","531"
"2708108","203","5.2"
"2708109","203","9.6"
"2708109","204","31.2"
"2708109","205","54.1"
"2708109","208","536"
"2708110","208","455"
"2708110","204","20"
"2708110","203","8.6"
"2708110","205","60.13"
"2708111","204","31.1"
"2708111","203","10.2"
"2708111","208","508"
"2708111","205","53.4"
"2708112","204","10"
"2708112","203","5"
"2708112","208","389"
"2708112","205","69.82"
"2708113","203","3.4"
"2708113","205","80.5"
"2708113","204","9"
"2708113","208","417"
"2708114","205","72.8"
"2708114","204","7.5"
"2708114","203","4.4"
"2708114","208","376"
"2708115","205","70.9"
"2708115","203","3.7"
"2708115","208","348"
"2708115","204","7.3"
"2708116","204","7.5"
"2708116","208","376"
"2708116","205","72.8"
"2708116","203","4.4"
"2708117","205","48.73"
"2708117","203","28"
"2708117","204","12"
"2708117","208","415"
"2708118","205","65.44"
"2708118","208","346"
"2708118","203","14.71"
"2708118","204","5.88"
"2708119","203","5.55"
"2708119","205","74.72"
"2708119","208","416"
"2708119","204","9.72"
"2708120","208","363"
"2708120","203","14.15"
"2708120","204","3.11"
"2708120","205","69.63"
"2708121","208","386"
"2708121","204","8.92"
"2708121","205","60.21"
"2708121","203","16.19"
"2708122","208","415"
"2708122","204","12.5"
"2708122","205","50.5"
"2708122","203","25"
"2708123","208","386"
"2708123","203","16.19"
"2708123","205","60.21"
"2708123","204","8.92"
"2708124","203","30.34"
"2708124","204","15.17"
"2708124","208","412"
"2708124","205","38.4"
"2708125","203","16.8"
"2708125","205","56.46"
"2708125","208","387"
"2708125","204","14.29"
"2708126","205","45"
"2708126","204","14"
"2708126","203","30"
"2708126","208","426"
"2708127","208","386"
"2708127","203","22.36"
"2708127","204","9.94"
"2708127","205","55.22"
"2708128","204","3.29"
"2708128","205","83.4"
"2708128","203","7.34"
"2708128","208","359"
"2708129","203","5.43"
"2708129","204","5.3"
"2708129","208","344"
"2708129","205","68.63"
"2708130","203","9.88"
"2708130","204","11.24"
"2708130","205","69.79"
"2708130","208","420"
"2708131","204","2.97"
"2708131","203","11.37"
"2708131","205","80.53"
"2708131","208","395"
"2708132","205","61.3"
"2708132","204","26.43"
"2708132","203","6.64"
"2708132","208","510"
"2708133","205","77.66"
"2708133","203","6.69"
"2708133","204","10.6"
"2708133","208","430"
"2708134","208","430"
"2708134","205","77.66"
"2708134","203","6.69"
"2708134","204","10.6"
"2708135","203","4"
"2708135","205","66.78"
"2708135","204","25.8"
"2708135","208","500"
"2708136","203","7.3"
"2708136","208","455"
"2708136","205","70.73"
"2708136","204","16.4"
"2708137","208","430"
"2708137","204","12.8"
"2708137","205","73.8"
"2708137","203","5.6"
"2708138","204","5.71"
"2708138","208","386"
"2708138","203","5.71"
"2708138","205","77.96"
"2708139","203","4.5"
"2708139","205","72.1"
"2708139","204","20"
"2708139","208","483"
"2708140","204","15.07"
"2708140","203","7.12"
"2708140","205","70.99"
"2708140","208","427"
"2708141","205","68.6"
"2708141","203","8.8"
"2708141","204","17.2"
"2708141","208","443"
"2708142","205","83.7"
"2708142","208","395"
"2708142","203","10"
"2708142","204","1.4"
"2708143","204","8.75"
"2708143","203","9.39"
"2708143","208","416"
"2708143","205","73.48"
"2708144","208","443"
"2708144","204","17.2"
"2708144","205","68.6"
"2708144","203","8.8"
"2708145","208","443"
"2708145","205","68.6"
"2708145","204","17.2"
"2708145","203","8.8"
"2708146","205","61.3"
"2708146","203","6.64"
"2708146","208","510"
"2708146","204","26.43"
"2708147","208","510"
"2708147","203","6.64"
"2708147","205","61.3"
"2708147","204","26.43"
"2708148","205","61.3"
"2708148","204","26.43"
"2708148","203","6.64"
"2708148","208","510"
"2708149","205","71.52"
"2708149","208","444"
"2708149","204","13.37"
"2708149","203","9.34"
"2708150","203","10.93"
"2708150","204","22.74"
"2708150","208","489"
"2708150","205","59.42"
"2708151","203","10.93"
"2708151","204","22.74"
"2708151","205","59.42"
"2708151","208","489"
"2708152","204","22.74"
"2708152","205","59.42"
"2708152","208","489"
"2708152","203","10.93"
"2708153","205","68.19"
"2708153","203","10"
"2708153","208","418"
"2708153","204","11.67"
"2708154","208","503"
"2708154","205","58.2"
"2708154","204","25.3"
"2708154","203","10.1"
"2708155","203","9.62"
"2708155","205","57.29"
"2708155","204","16.03"
"2708155","208","412"
"2708156","203","7.9"
"2708156","204","1.3"
"2708156","208","366"
"2708156","205","82.2"
"2708157","205","75.23"
"2708157","204","8.25"
"2708157","208","412"
"2708157","203","9.85"
"2708158","208","395"
"2708158","203","10"
"2708158","205","83.7"
"2708158","204","1.4"
"2708159","204","13.77"
"2708159","203","7.6"
"2708159","208","446"
"2708159","205","71.73"
"2708160","203","9.46"
"2708160","205","74.05"
"2708160","204","8.64"
"2708160","208","418"
"2708161","208","384"
"2708161","203","8.2"
"2708161","204","2.8"
"2708161","205","81.5"
"2708162","203","7.1"
"2708162","204","4.3"
"2708162","205","81.1"
"2708162","208","392"
"2708163","205","82.64"
"2708163","203","10"
"2708163","204","5"
"2708163","208","416"
"2708164","208","430"
"2708164","204","8.85"
"2708164","205","77.41"
"2708164","203","10.78"
"2708165","208","384"
"2708165","204","3.1"
"2708165","205","80.1"
"2708165","203","9.7"
"2708166","204","1.11"
"2708166","205","72.26"
"2708166","203","5.91"
"2708166","208","323"
"2708167","203","9.46"
"2708167","208","418"
"2708167","204","8.64"
"2708167","205","74.05"
"2708168","204","1.6"
"2708168","205","82.3"
"2708168","208","393"
"2708168","203","10.5"
"2708169","208","398"
"2708169","205","68.25"
"2708169","204","10.71"
"2708169","203","7.14"
"2708170","208","482"
"2708170","204","20.4"
"2708170","205","67.6"
"2708170","203","7.1"
"2708171","203","11.47"
"2708171","205","58.38"
"2708171","208","494"
"2708171","204","24.54"
"2708172","203","11.47"
"2708172","205","58.38"
"2708172","208","494"
"2708172","204","24.54"
"2708173","205","57.14"
"2708173","204","25"
"2708173","208","482"
"2708173","203","7.5"
"2708174","205","63.49"
"2708174","203","8.33"
"2708174","204","16.67"
"2708174","208","437"
"2708175","205","54.59"
"2708175","203","14.12"
"2708175","204","21.18"
"2708175","208","465"
"2708176","204","21.1"
"2708176","208","477"
"2708176","203","9.3"
"2708176","205","61.7"
"2708177","205","56.05"
"2708177","203","7.66"
"2708177","208","479"
"2708177","204","25.09"
"2708178","208","384"
"2708178","203","7.14"
"2708178","205","72.81"
"2708178","204","7.14"
"2708179","203","10.33"
"2708179","205","51.9"
"2708179","204","31.72"
"2708179","208","521"
"2708180","203","8.94"
"2708180","205","70.14"
"2708180","208","441"
"2708180","204","15.26"
"2708181","203","8.94"
"2708181","204","15.26"
"2708181","205","70.14"
"2708181","208","441"
"2708182","205","70.14"
"2708182","204","15.26"
"2708182","208","441"
"2708182","203","8.94"
"2708183","208","416"
"2708183","203","11.34"
"2708183","204","7.59"
"2708183","205","75.52"
"2708184","205","70.14"
"2708184","204","15.26"
"2708184","203","8.94"
"2708184","208","441"
"2708185","203","8.94"
"2708185","208","441"
"2708185","205","70.14"
"2708185","204","15.26"
"2708186","203","8.94"
"2708186","208","441"
"2708186","204","15.26"
"2708186","205","70.14"
"2708187","208","444"
"2708187","205","71.52"
"2708187","203","9.34"
"2708187","204","13.37"
"2708188","204","15.84"
"2708188","203","11.25"
"2708188","205","66.3"
"2708188","208","453"
"2708189","204","15.84"
"2708189","205","66.3"
"2708189","203","11.25"
"2708189","208","453"
"2708190","208","391"
"2708190","205","83.21"
"2708190","203","12.5"
"2708190","204","0.87"
"2708191","203","6.19"
"2708191","208","344"
"2708191","205","85.79"
"2708191","204","2.3"
"2708192","204","2.3"
"2708192","203","6.19"
"2708192","205","85.79"
"2708192","208","344"
"2708193","205","69.14"
"2708193","208","462"
"2708193","203","3.2"
"2708193","204","19.24"
"2708194","203","10"
"2708194","208","413"
"2708194","205","78.89"
"2708194","204","6.41"
"2708195","203","8.5"
"2708195","208","446"
"2708195","204","15.64"
"2708195","205","71.86"
"2708196","205","56.82"
"2708196","204","33.1"
"2708196","208","535"
"2708196","203","6.12"
"2708197","208","543"
"2708197","203","6.11"
"2708197","204","34.02"
"2708197","205","56.7"
"2708198","205","57.27"
"2708198","203","6.17"
"2708198","204","33.36"
"2708198","208","539"
"2708199","205","56.98"
"2708199","204","33.19"
"2708199","208","536"
"2708199","203","6.14"
"2708200","203","5.46"
"2708200","208","567"
"2708200","205","54.54"
"2708200","204","36.54"
"2708201","203","8.5"
"2708201","204","12.1"
"2708201","205","72.35"
"2708201","208","432"
"2708202","203","7.1"
"2708202","204","20.68"
"2708202","208","472"
"2708202","205","67.78"
"2708203","204","36.54"
"2708203","205","54.54"
"2708203","208","567"
"2708203","203","5.46"
"2708204","205","60.81"
"2708204","208","519"
"2708204","203","7.36"
"2708204","204","27.42"
"2708205","204","33.63"
"2708205","205","56.75"
"2708205","203","6.84"
"2708205","208","549"
"2708206","205","60.81"
"2708206","204","27.42"
"2708206","203","7.36"
"2708206","208","519"
"2708207","203","7.06"
"2708207","205","67.44"
"2708207","208","470"
"2708207","204","20.58"
"2708208","208","519"
"2708208","204","27.42"
"2708208","203","7.36"
"2708208","205","60.81"
"2708209","203","10.86"
"2708209","205","79.07"
"2708209","204","5.63"
"2708209","208","411"
"2708210","205","79.07"
"2708210","203","10.86"
"2708210","204","5.63"
"2708210","208","411"
"2708211","205","80.1"
"2708211","204","5.7"
"2708211","208","416"
"2708211","203","11"
"2708212","205","68.08"
"2708212","204","19.84"
"2708212","208","489"
"2708212","203","9.35"
"2708213","203","6.87"
"2708213","208","504"
"2708213","204","25.79"
"2708213","205","63.11"
"2708214","203","5.3"
"2708214","208","505"
"2708214","205","65.34"
"2708214","204","24.74"
"2708215","204","15.2"
"2708215","205","68.26"
"2708215","203","11.79"
"2708215","208","457"
"2708216","203","9.13"
"2708216","205","54.99"
"2708216","208","518"
"2708216","204","30.57"
"2708217","204","58.78"
"2708217","205","31.65"
"2708217","203","4.96"
"2708217","208","656"
"2708218","204","48.7"
"2708218","205","39.87"
"2708218","203","6.18"
"2708218","208","603"
"2708219","204","4.52"
"2708219","205","77.47"
"2708219","208","385"
"2708219","203","12.89"
"2708220","203","11.02"
"2708220","205","65.75"
"2708220","208","430"
"2708220","204","15.29"
"2708221","204","27.99"
"2708221","208","498"
"2708221","205","57.87"
"2708221","203","8.96"
"2708222","205","49.13"
"2708222","204","35.19"
"2708222","203","7.69"
"2708222","208","525"
"2708223","203","9.13"
"2708223","204","30.57"
"2708223","208","518"
"2708223","205","54.99"
"2708224","205","54.99"
"2708224","203","9.13"
"2708224","204","30.57"
"2708224","208","518"
"2708225","205","71.68"
"2708225","204","10.07"
"2708225","203","11.92"
"2708225","208","409"
"2708226","208","496"
"2708226","204","27.88"
"2708226","205","57.64"
"2708226","203","8.93"
"2708227","204","30.57"
"2708227","205","54.99"
"2708227","203","9.13"
"2708227","208","518"
"2708228","204","10"
"2708228","203","11.84"
"2708228","205","71.18"
"2708228","208","406"
"2708229","203","9.1"
"2708229","208","516"
"2708229","205","54.77"
"2708229","204","30.44"
"2708230","203","9.35"
"2708230","204","27.5"
"2708230","205","58.01"
"2708230","208","504"
"2708231","204","32.53"
"2708231","205","53.38"
"2708231","203","8.88"
"2708231","208","530"
"2708232","205","61.24"
"2708232","208","482"
"2708232","204","23.26"
"2708232","203","10.19"
"2708233","203","11.33"
"2708233","204","14.92"
"2708233","208","437"
"2708233","205","68.08"
"2708234","205","61.73"
"2708234","208","486"
"2708234","204","23.44"
"2708234","203","10.27"
"2708235","203","8.88"
"2708235","208","530"
"2708235","205","53.38"
"2708235","204","32.53"
"2708236","203","9.3"
"2708236","205","51.6"
"2708236","204","33.2"
"2708236","208","526"
"2708237","208","435"
"2708237","203","11.28"
"2708237","204","14.85"
"2708237","205","67.78"
"2708238","205","61.01"
"2708238","204","30.22"
"2708238","203","5.48"
"2708238","208","531"
"2708239","205","78.47"
"2708239","208","428"
"2708239","203","3.77"
"2708239","204","12.7"
"2708240","208","397"
"2708240","203","6.35"
"2708240","205","80.06"
"2708240","204","7.74"
"2708241","204","12.79"
"2708241","208","407"
"2708241","205","76.37"
"2708241","203","5.34"
"2708242","208","438"
"2708242","205","74.18"
"2708242","203","10.19"
"2708242","204","11.19"
"2708243","208","438"
"2708243","204","11.19"
"2708243","203","10.19"
"2708243","205","74.18"
"2708244","205","74.59"
"2708244","203","8.75"
"2708244","208","455"
"2708244","204","13.51"
"2708245","208","499"
"2708245","203","7.7"
"2708245","204","22.6"
"2708245","205","65.1"
"2708246","204","17.86"
"2708246","203","7.14"
"2708246","205","59.09"
"2708246","208","426"
"2708247","204","2.93"
"2708247","208","384"
"2708247","203","10.04"
"2708247","205","80.39"
"2708248","208","384"
"2708248","203","10.04"
"2708248","204","2.93"
"2708248","205","80.39"
"2708249","205","80.39"
"2708249","208","384"
"2708249","203","10.04"
"2708249","204","2.93"
"2708250","205","79.8"
"2708250","208","382"
"2708250","204","3.22"
"2708250","203","9.57"
"2708251","205","79.2"
"2708251","208","381"
"2708251","204","3.5"
"2708251","203","9.1"
"2708252","208","388"
"2708252","203","9.92"
"2708252","205","79.44"
"2708252","204","3.88"
"2708253","204","2.96"
"2708253","203","10.15"
"2708253","208","381"
"2708253","205","80.08"
"2708254","204","6.67"
"2708254","203","3.52"
"2708254","205","78.62"
"2708254","208","389"
"2708255","204","7.58"
"2708255","208","393"
"2708255","203","3.48"
"2708255","205","77.69"
"2708256","205","78.43"
"2708256","203","9.8"
"2708256","208","375"
"2708256","204","2.86"
"2708257","208","370"
"2708257","205","77.52"
"2708257","204","2.82"
"2708257","203","9.68"
"2708258","203","3.43"
"2708258","208","380"
"2708258","205","76.7"
"2708258","204","6.51"
"2708259","208","467"
"2708259","204","17.64"
"2708259","205","70.07"
"2708259","203","7.05"
"2708260","208","467"
"2708260","205","70.07"
"2708260","203","7.05"
"2708260","204","17.64"
"2708261","208","445"
"2708261","205","74.7"
"2708261","203","5.94"
"2708261","204","14.19"
"2708262","205","76.56"
"2708262","204","12.17"
"2708262","208","438"
"2708262","203","5.94"
"2708263","204","15.57"
"2708263","205","75.06"
"2708263","203","3.76"
"2708263","208","451"
"2708264","205","66.5"
"2708264","208","463"
"2708264","204","16.92"
"2708264","203","9.85"
"2708265","208","463"
"2708265","204","16.92"
"2708265","205","66.5"
"2708265","203","9.85"
"2708266","208","454"
"2708266","204","19"
"2708266","203","14.04"
"2708266","205","60.79"
"2708267","203","8.01"
"2708267","208","345"
"2708267","205","69.38"
"2708267","204","4"
"2708268","203","8.01"
"2708268","205","69.38"
"2708268","204","4"
"2708268","208","345"
"2708269","205","69.38"
"2708269","203","8.01"
"2708269","208","345"
"2708269","204","4"
"2708270","203","8.12"
"2708270","205","70.34"
"2708270","204","4.05"
"2708270","208","350"
"2708271","203","8.09"
"2708271","204","3.06"
"2708271","205","70.06"
"2708271","208","340"
"2708272","204","3.1"
"2708272","203","8.2"
"2708272","208","345"
"2708272","205","71.04"
"2708273","204","6.14"
"2708273","208","374"
"2708273","205","73.99"
"2708273","203","6.22"
"2708274","205","66.02"
"2708274","208","365"
"2708274","204","7.75"
"2708274","203","7.89"
"2708275","203","11.48"
"2708275","204","9.93"
"2708275","205","53.36"
"2708275","208","349"
"2708276","203","10.22"
"2708276","204","5.36"
"2708276","205","62.35"
"2708276","208","339"
"2708277","208","345"
"2708277","203","8.01"
"2708277","204","4"
"2708277","205","69.38"
"2708278","205","70.06"
"2708278","204","3.06"
"2708278","208","340"
"2708278","203","8.09"
"2708279","208","345"
"2708279","203","8.2"
"2708279","205","71.04"
"2708279","204","3.1"
"2708280","204","6.14"
"2708280","205","73.99"
"2708280","208","374"
"2708280","203","6.22"
"2708281","208","365"
"2708281","204","7.75"
"2708281","203","7.89"
"2708281","205","66.02"
"2708282","204","9.93"
"2708282","208","349"
"2708282","203","11.48"
"2708282","205","53.36"
"2708283","205","62.35"
"2708283","204","5.36"
"2708283","203","10.22"
"2708283","208","339"
"2708284","204","5.36"
"2708284","208","339"
"2708284","203","10.22"
"2708284","205","62.35"
"2708285","204","3.16"
"2708285","205","70.73"
"2708285","203","8.55"
"2708285","208","339"
"2708286","205","70.26"
"2708286","204","3.13"
"2708286","203","8.49"
"2708286","208","337"
"2708287","205","57.27"
"2708287","204","5.74"
"2708287","203","4.03"
"2708287","208","297"
"2708288","204","8.14"
"2708288","205","63.75"
"2708288","203","3.1"
"2708288","208","339"
"2708289","205","54.15"
"2708289","203","4.1"
"2708289","208","326"
"2708289","204","10.37"
"2708290","203","7.95"
"2708290","208","491"
"2708290","205","67.26"
"2708290","204","21.11"
"2708291","204","10.34"
"2708291","205","72.2"
"2708291","203","8.74"
"2708291","208","417"
"2708292","208","451"
"2708292","204","15.14"
"2708292","203","12.34"
"2708292","205","66.36"
"2708293","204","21.11"
"2708293","208","491"
"2708293","203","7.95"
"2708293","205","67.26"
"2708294","208","282"
"2708294","203","7.41"
"2708294","204","12.07"
"2708294","205","35.32"
"2708295","204","6.83"
"2708295","205","37.75"
"2708295","208","233"
"2708295","203","5.23"
"2708296","208","224"
"2708296","205","36.47"
"2708296","204","6.52"
"2708296","203","4.99"
"2708297","208","248"
"2708297","204","7.97"
"2708297","203","5.35"
"2708297","205","38.83"
"2708298","204","6.75"
"2708298","208","232"
"2708298","203","5.54"
"2708298","205","38.55"
"2708299","208","307"
"2708299","204","15.48"
"2708299","203","7.16"
"2708299","205","34.14"
"2708300","205","29.82"
"2708300","208","253"
"2708300","204","12.28"
"2708300","203","5.71"
"2708301","203","7.46"
"2708301","204","18.68"
"2708301","205","40.02"
"2708301","208","360"
"2708302","204","15.8"
"2708302","203","7.59"
"2708302","205","31.76"
"2708302","208","299"
"2708303","203","6.26"
"2708303","204","6.57"
"2708303","208","231"
"2708303","205","40.43"
"2708304","208","282"
"2708304","205","35.32"
"2708304","204","12.07"
"2708304","203","7.41"
"2708305","205","36.1"
"2708305","203","7.57"
"2708305","208","264"
"2708305","204","9.74"
"2708306","205","30.63"
"2708306","208","232"
"2708306","203","5.86"
"2708306","204","9.54"
"2708307","203","6.37"
"2708307","204","10.08"
"2708307","205","30.95"
"2708307","208","241"
"2708308","205","41.18"
"2708308","203","7.68"
"2708308","208","341"
"2708308","204","15.94"
"2708309","208","273"
"2708309","205","32.9"
"2708309","204","12.29"
"2708309","203","7.86"
"2708310","205","33.65"
"2708310","204","9.89"
"2708310","208","256"
"2708310","203","8.04"
"2708311","203","3.31"
"2708311","205","40.32"
"2708311","204","4.55"
"2708311","208","215"
"2708312","204","9.49"
"2708312","205","48.39"
"2708312","208","309"
"2708312","203","7.42"
"2708313","204","9.49"
"2708313","205","48.39"
"2708313","203","7.42"
"2708313","208","309"
"2708314","208","292"
"2708314","203","9.72"
"2708314","205","46.75"
"2708314","204","7.35"
"2708315","208","296"
"2708315","204","9.05"
"2708315","205","46.58"
"2708315","203","7.07"
"2708316","204","10.5"
"2708316","203","7.43"
"2708316","205","48.94"
"2708316","208","320"
"2708317","208","289"
"2708317","203","6.78"
"2708317","204","8.39"
"2708317","205","46.7"
"2708318","205","49.16"
"2708318","204","3.57"
"2708318","208","257"
"2708318","203","7.14"
"2708319","204","8.02"
"2708319","205","45.06"
"2708319","208","278"
"2708319","203","6.48"
"2708320","205","38.92"
"2708320","203","8.16"
"2708320","208","428"
"2708320","204","26.36"
"2708321","208","480"
"2708321","203","8.59"
"2708321","205","46.1"
"2708321","204","28.86"
"2708322","204","21.09"
"2708322","205","34.47"
"2708322","208","354"
"2708322","203","6.6"
"2708323","204","26.94"
"2708323","203","8.64"
"2708323","205","36.15"
"2708323","208","421"
"2708324","208","257"
"2708324","203","7.14"
"2708324","204","3.57"
"2708324","205","49.16"
"2708325","203","8.7"
"2708325","205","41.5"
"2708325","208","373"
"2708325","204","18.82"
"2708326","204","14.92"
"2708326","208","307"
"2708326","205","36.25"
"2708326","203","6.94"
"2708327","203","9.07"
"2708327","204","22.7"
"2708327","208","437"
"2708327","205","48.64"
"2708328","208","373"
"2708328","205","41.67"
"2708328","204","18.78"
"2708328","203","8.7"
"2708329","205","38.61"
"2708329","203","9.23"
"2708329","204","19.21"
"2708329","208","364"
"2708330","205","43.05"
"2708330","204","8.84"
"2708330","203","2.72"
"2708330","208","263"
"2708331","203","10.36"
"2708331","204","11.38"
"2708331","205","32.34"
"2708331","208","273"
"2708332","205","29.89"
"2708332","208","183"
"2708332","204","3.82"
"2708332","203","7.24"
"2708333","205","35.71"
"2708333","203","9.84"
"2708333","204","14.3"
"2708333","208","310"
"2708334","204","3.8"
"2708334","203","9.15"
"2708334","208","162"
"2708334","205","22.65"
"2708335","203","10.36"
"2708335","208","273"
"2708335","204","11.38"
"2708335","205","32.34"
"2708336","203","11.34"
"2708336","205","30.44"
"2708336","208","271"
"2708336","204","11.57"
"2708337","204","12.21"
"2708337","208","264"
"2708337","205","30.62"
"2708337","203","7.79"
"2708338","203","7.52"
"2708338","204","9.18"
"2708338","205","40.62"
"2708338","208","278"
"2708339","208","400"
"2708339","204","20.87"
"2708339","203","7.06"
"2708339","205","48.48"
"2708340","205","22.65"
"2708340","203","9.15"
"2708340","204","3.8"
"2708340","208","162"
"2708341","208","224"
"2708341","204","11.29"
"2708341","203","8.85"
"2708341","205","22.02"
"2708342","208","224"
"2708342","204","11.29"
"2708342","205","22.02"
"2708342","203","8.85"
"2708343","203","4.05"
"2708343","208","207"
"2708343","204","0.38"
"2708343","205","45.38"
"2708344","203","3.45"
"2708344","208","125"
"2708344","204","3.37"
"2708344","205","20.49"
"2708345","205","53.57"
"2708345","204","6.51"
"2708345","208","279"
"2708345","203","2.49"
"2708346","205","24.98"
"2708346","204","0.35"
"2708346","203","6.36"
"2708346","208","128"
"2708347","203","5.7"
"2708347","204","4.05"
"2708347","208","210"
"2708347","205","37.04"
"2708348","208","185"
"2708348","203","7.76"
"2708348","205","36.09"
"2708348","204","0.6"
"2708349","208","353"
"2708349","205","43.49"
"2708349","203","7.87"
"2708349","204","16.57"
"2708350","205","55.18"
"2708350","203","5.84"
"2708350","204","15.7"
"2708350","208","380"
"2708351","208","128"
"2708351","203","4.52"
"2708351","204","0.11"
"2708351","205","26.55"
"2708352","203","4.51"
"2708352","205","25.01"
"2708352","208","137"
"2708352","204","2.06"
"2708353","205","29.91"
"2708353","203","5.96"
"2708353","208","148"
"2708353","204","1.7"
"2708354","208","521"
"2708354","204","31.72"
"2708354","205","51.9"
"2708354","203","10.33"
"2708355","208","84"
"2708355","205","20.66"
"2708355","203","0.04"
"2708355","204","0.01"
"2708356","208","107"
"2708356","204","0.2"
"2708356","203","1.78"
"2708356","205","23.87"
"2708357","204","0.92"
"2708357","205","30.68"
"2708357","203","5.76"
"2708357","208","157"
"2708358","203","5.95"
"2708358","204","1.7"
"2708358","205","29.89"
"2708358","208","148"
"2708359","208","179"
"2708359","205","38.05"
"2708359","204","1"
"2708359","203","3.2"
"2708360","208","64"
"2708360","204","1.09"
"2708360","205","11.36"
"2708360","203","2.21"
"2708361","203","2.2"
"2708361","208","139"
"2708361","204","2.74"
"2708361","205","27.23"
"2708362","208","118"
"2708362","204","3.97"
"2708362","205","18.99"
"2708362","203","3.24"
"2708363","204","1.84"
"2708363","203","1.19"
"2708363","205","12.2"
"2708363","208","71"
"2708364","203","1.19"
"2708364","208","71"
"2708364","205","12.2"
"2708364","204","1.84"
"2708365","205","12.41"
"2708365","204","0.28"
"2708365","208","58"
"2708365","203","1.2"
"2708366","208","71"
"2708366","205","12.2"
"2708366","204","1.84"
"2708366","203","1.19"
"2708367","205","11.36"
"2708367","208","108"
"2708367","203","3.56"
"2708367","204","5.28"
"2708368","204","3.92"
"2708368","205","11.54"
"2708368","208","97"
"2708368","203","3.6"
"2708369","208","108"
"2708369","204","5.28"
"2708369","205","11.36"
"2708369","203","3.56"
"2708370","203","1.38"
"2708370","204","0.4"
"2708370","208","65"
"2708370","205","14.84"
"2708371","204","2.85"
"2708371","208","85"
"2708371","203","1.36"
"2708371","205","14.36"
"2708372","208","85"
"2708372","203","1.36"
"2708372","204","2.85"
"2708372","205","14.36"
"2708373","203","1.11"
"2708373","204","1.84"
"2708373","208","71"
"2708373","205","12.25"
"2708374","208","58"
"2708374","205","12.47"
"2708374","204","0.28"
"2708374","203","1.12"
"2708375","208","71"
"2708375","203","1.11"
"2708375","205","12.25"
"2708375","204","1.84"
"2708376","204","0.99"
"2708376","208","97"
"2708376","205","20.5"
"2708376","203","2.26"
"2708377","203","3.5"
"2708377","208","118"
"2708377","204","1"
"2708377","205","23.57"
"2708378","205","11.9"
"2708378","208","80"
"2708378","203","2.6"
"2708378","204","2.54"
"2708379","208","110"
"2708379","203","2.4"
"2708379","205","20.34"
"2708379","204","2.33"
"2708380","203","2.18"
"2708380","205","11.17"
"2708380","204","2.63"
"2708380","208","76"
"2708381","205","11.36"
"2708381","203","2.21"
"2708381","208","64"
"2708381","204","1.09"
"2708382","203","2.18"
"2708382","205","11.17"
"2708382","204","2.63"
"2708382","208","76"
"2708383","203","5.56"
"2708383","208","116"
"2708383","205","16.23"
"2708383","204","3.25"
"2708384","204","4.75"
"2708384","203","5.48"
"2708384","208","128"
"2708384","205","15.95"
"2708385","204","2.71"
"2708385","203","3.35"
"2708385","208","95"
"2708385","205","14.42"
"2708386","203","3.31"
"2708386","205","14.18"
"2708386","204","4.21"
"2708386","208","107"
"2708387","203","2.26"
"2708387","205","13.15"
"2708387","208","68"
"2708387","204","1.3"
"2708388","203","2.2"
"2708388","204","3.72"
"2708388","208","88"
"2708388","205","12.74"
"2708389","203","4.96"
"2708389","204","3.04"
"2708389","208","111"
"2708389","205","17.07"
"2708390","204","5.4"
"2708390","203","4.81"
"2708390","205","16.52"
"2708390","208","129"
"2708391","205","15.62"
"2708391","208","94"
"2708391","204","2.6"
"2708391","203","3.18"
"2708392","208","113"
"2708392","203","3.09"
"2708392","205","15.12"
"2708392","204","4.98"
"2708393","203","2.44"
"2708393","204","1.25"
"2708393","208","102"
"2708393","205","20.23"
"2708394","204","3.45"
"2708394","203","2.38"
"2708394","205","19.64"
"2708394","208","119"
"2708395","208","100"
"2708395","204","1.19"
"2708395","203","2.34"
"2708395","205","20.09"
"2708396","205","19.51"
"2708396","208","117"
"2708396","203","2.29"
"2708396","204","3.4"
"2708397","208","85"
"2708397","205","16.62"
"2708397","204","1.28"
"2708397","203","2.35"
"2708398","203","2.12"
"2708398","204","0.46"
"2708398","205","12.19"
"2708398","208","56"
"2708399","205","20.22"
"2708399","203","4.2"
"2708399","208","146"
"2708399","204","5.42"
"2708400","203","4.38"
"2708400","208","120"
"2708400","204","1.91"
"2708400","205","21.21"
"2708401","205","20.22"
"2708401","203","4.2"
"2708401","208","146"
"2708401","204","5.42"
"2708402","204","0.28"
"2708402","205","27.99"
"2708402","203","2.67"
"2708402","208","129"
"2708403","205","27.99"
"2708403","208","129"
"2708403","204","0.28"
"2708403","203","2.67"
"2708404","205","27.19"
"2708404","204","3.12"
"2708404","203","2.6"
"2708404","208","151"
"2708405","203","2.62"
"2708405","208","147"
"2708405","205","27.2"
"2708405","204","2.61"
"2708406","204","2.12"
"2708406","208","142"
"2708406","203","2.6"
"2708406","205","27.22"
"2708407","205","27.2"
"2708407","203","2.6"
"2708407","204","2.77"
"2708407","208","148"
"2708408","204","0.28"
"2708408","205","27.99"
"2708408","208","129"
"2708408","203","2.67"
"2708409","204","1.11"
"2708409","205","25.76"
"2708409","203","2.44"
"2708409","208","123"
"2708410","205","25.16"
"2708410","208","141"
"2708410","204","3.41"
"2708410","203","2.38"
"2708411","205","25.16"
"2708411","208","137"
"2708411","203","2.4"
"2708411","204","3"
"2708412","203","2.38"
"2708412","204","2.6"
"2708412","208","134"
"2708412","205","25.18"
"2708413","204","3.12"
"2708413","203","2.38"
"2708413","208","138"
"2708413","205","25.16"
"2708414","208","123"
"2708414","203","2.43"
"2708414","205","25.76"
"2708414","204","1.11"
"2708415","203","1.17"
"2708415","204","0.09"
"2708415","205","15.28"
"2708415","208","69"
"2708416","203","5.13"
"2708416","205","25.01"
"2708416","204","2.31"
"2708416","208","144"
"2708417","208","139"
"2708417","205","31.12"
"2708417","204","0.26"
"2708417","203","2.52"
"2708418","208","39"
"2708418","205","8.4"
"2708418","203","0.8"
"2708418","204","0.08"
"2708419","203","1.8"
"2708419","204","0.45"
"2708419","205","19.1"
"2708419","208","88"
"2708420","208","88"
"2708420","204","0.45"
"2708420","205","19.1"
"2708420","203","1.8"
"2708421","208","103"
"2708421","203","1.76"
"2708421","204","2.43"
"2708421","205","18.7"
"2708422","203","2.01"
"2708422","208","96"
"2708422","205","20.97"
"2708422","204","0.19"
"2708423","208","122"
"2708423","203","3.86"
"2708423","204","3.08"
"2708423","205","20.63"
"2708424","205","21.21"
"2708424","208","100"
"2708424","204","0.34"
"2708424","203","3.97"
"2708425","205","20.63"
"2708425","204","3.08"
"2708425","208","122"
"2708425","203","3.86"
"2708426","203","1.82"
"2708426","205","17.22"
"2708426","204","0.16"
"2708426","208","79"
"2708427","203","2.89"
"2708427","208","120"
"2708427","205","24.9"
"2708427","204","0.88"
"2708428","205","20.62"
"2708428","208","112"
"2708428","204","2.14"
"2708428","203","2.17"
"2708429","205","20.62"
"2708429","208","112"
"2708429","204","2.14"
"2708429","203","2.17"
"2708430","203","2.82"
"2708430","208","138"
"2708430","205","24.31"
"2708430","204","3.24"
"2708431","203","2.2"
"2708431","205","19.9"
"2708431","208","112"
"2708431","204","2.72"
"2708432","208","200"
"2708432","204","6.3"
"2708432","203","2.84"
"2708432","205","31.9"
"2708433","205","10.39"
"2708433","204","1.8"
"2708433","203","1.44"
"2708433","208","65"
"2708434","204","0.21"
"2708434","203","1.45"
"2708434","205","10.57"
"2708434","208","51"
"2708435","204","1.8"
"2708435","208","65"
"2708435","203","1.44"
"2708435","205","10.39"
"2708436","204","0.21"
"2708436","208","67"
"2708436","203","1.52"
"2708436","205","14.42"
"2708437","205","14.06"
"2708437","204","2.09"
"2708437","203","1.5"
"2708437","208","82"
"2708438","204","0.24"
"2708438","203","3.06"
"2708438","208","83"
"2708438","205","18.48"
"2708439","205","17.31"
"2708439","208","121"
"2708439","203","2.9"
"2708439","204","5.07"
"2708440","204","0.24"
"2708440","208","83"
"2708440","203","3.06"
"2708440","205","18.48"
"2708441","203","3.77"
"2708441","204","0.16"
"2708441","205","23.11"
"2708441","208","111"
"2708442","205","10.39"
"2708442","203","1.55"
"2708442","208","47"
"2708442","204","0.28"
"2708443","204","0.47"
"2708443","208","49"
"2708443","203","1.79"
"2708443","205","10.96"
"2708444","205","12.28"
"2708444","204","1.3"
"2708444","203","3.21"
"2708444","208","46"
"2708445","205","77.71"
"2708445","204","4.01"
"2708445","208","379"
"2708445","203","7.74"
"2708446","208","385"
"2708446","204","5.37"
"2708446","203","8.62"
"2708446","205","75.99"
"2708447","208","398"
"2708447","204","5.53"
"2708447","203","4.31"
"2708447","205","82.08"
"2708448","205","67.92"
"2708448","208","374"
"2708448","203","12.42"
"2708448","204","6.17"
"2708449","205","81.02"
"2708449","204","4.98"
"2708449","203","5.39"
"2708449","208","388"
"2708450","204","9.92"
"2708450","205","75.23"
"2708450","203","5.88"
"2708450","208","414"
"2708451","205","81.85"
"2708451","208","380"
"2708451","203","5.35"
"2708451","204","4.24"
"2708452","203","7.88"
"2708452","204","2.61"
"2708452","208","369"
"2708452","205","77.14"
"2708453","205","79.52"
"2708453","208","365"
"2708453","204","1.6"
"2708453","203","6.4"
"2708454","208","371"
"2708454","205","77.82"
"2708454","204","2.57"
"2708454","203","7.74"
"2708455","208","358"
"2708455","205","79.81"
"2708455","203","6.96"
"2708455","204","1.21"
"2708456","205","75.03"
"2708456","204","2.42"
"2708456","208","361"
"2708456","203","9.65"
"2708457","204","1.41"
"2708457","203","9.52"
"2708457","208","367"
"2708457","205","78.92"
"2708458","203","4.95"
"2708458","204","0.92"
"2708458","208","372"
"2708458","205","86.01"
"2708459","205","82.24"
"2708459","208","383"
"2708459","203","5.14"
"2708459","204","3.23"
"2708460","203","4.28"
"2708460","208","384"
"2708460","205","82.9"
"2708460","204","3.89"
"2708461","208","420"
"2708461","205","67.35"
"2708461","203","9.82"
"2708461","204","13.01"
"2708462","205","76.25"
"2708462","208","392"
"2708462","204","6.06"
"2708462","203","7.43"
"2708463","204","3.32"
"2708463","208","380"
"2708463","203","5.58"
"2708463","205","80.74"
"2708464","203","8.62"
"2708464","204","5.37"
"2708464","208","385"
"2708464","205","75.99"
"2708465","208","373"
"2708465","203","11.64"
"2708465","205","73.96"
"2708465","204","3.59"
"2708466","208","379"
"2708466","204","5.22"
"2708466","203","10.4"
"2708466","205","73.27"
"2708467","208","372"
"2708467","204","4.07"
"2708467","205","76.61"
"2708467","203","8.17"
"2708468","205","76.24"
"2708468","208","373"
"2708468","203","8.54"
"2708468","204","3.76"
"2708469","208","353"
"2708469","204","1.18"
"2708469","205","78.74"
"2708469","203","8.13"
"2708470","203","7.01"
"2708470","205","77.43"
"2708470","208","357"
"2708470","204","2.19"
"2708471","205","68.01"
"2708471","208","356"
"2708471","204","1.58"
"2708471","203","19.04"
"2708472","203","7.33"
"2708472","204","1.15"
"2708472","205","80.94"
"2708472","208","363"
"2708473","203","5.66"
"2708473","204","2.16"
"2708473","208","380"
"2708473","205","83.81"
"2708474","208","375"
"2708474","204","1.27"
"2708474","203","4.77"
"2708474","205","84.68"
"2708475","205","71.96"
"2708475","208","379"
"2708475","204","5.77"
"2708475","203","10.52"
"2708476","205","75.04"
"2708476","204","1.52"
"2708476","203","10.48"
"2708476","208","356"
"2708477","203","29.1"
"2708477","208","382"
"2708477","205","49.6"
"2708477","204","10.7"
"2708478","205","77.2"
"2708478","204","1.66"
"2708478","203","9.5"
"2708478","208","357"
"2708479","203","11.88"
"2708479","204","1.68"
"2708479","205","73.85"
"2708479","208","358"
"2708480","208","359"
"2708480","204","1.47"
"2708480","203","10.06"
"2708480","205","76.27"
"2708481","203","6.88"
"2708481","205","78.46"
"2708481","208","381"
"2708481","204","4.44"
"2708482","208","370"
"2708482","203","9.41"
"2708482","205","73.72"
"2708482","204","3.89"
"2708483","205","82.57"
"2708483","208","383"
"2708483","203","4.71"
"2708483","204","3.56"
"2708484","205","81.44"
"2708484","204","4.61"
"2708484","208","384"
"2708484","203","5.37"
"2708485","203","7.34"
"2708485","205","73.05"
"2708485","208","422"
"2708485","204","11.1"
"2708486","205","76.12"
"2708486","204","5.71"
"2708486","208","388"
"2708486","203","8.02"
"2708487","208","376"
"2708487","203","8.42"
"2708487","205","76.89"
"2708487","204","3.67"
"2708488","208","216"
"2708488","204","4.25"
"2708488","205","64.51"
"2708488","203","15.55"
"2708489","203","13.15"
"2708489","205","67.7"
"2708489","204","6.52"
"2708489","208","379"
"2708490","205","68.34"
"2708490","203","10.4"
"2708490","204","10.15"
"2708490","208","403"
"2708491","204","6.6"
"2708491","208","376"
"2708491","205","69.4"
"2708491","203","13.2"
"2708492","203","10.99"
"2708492","204","6.36"
"2708492","208","394"
"2708492","205","73.48"
"2708493","204","2.19"
"2708493","208","390"
"2708493","205","83.14"
"2708493","203","6.65"
"2708494","204","2.17"
"2708494","208","388"
"2708494","203","6.51"
"2708494","205","83.4"
"2708495","203","6.53"
"2708495","204","6.43"
"2708495","208","404"
"2708495","205","80.47"
"2708496","203","6.67"
"2708496","205","80.06"
"2708496","208","407"
"2708496","204","6.67"
"2708497","205","74.22"
"2708497","208","392"
"2708497","203","10.64"
"2708497","204","6.13"
"2708498","203","1.92"
"2708498","205","18.4"
"2708498","204","0.96"
"2708498","208","89"
"2708499","203","1.38"
"2708499","205","16.09"
"2708499","204","0.3"
"2708499","208","73"
"2708500","205","13.77"
"2708500","204","1.3"
"2708500","203","2.54"
"2708500","208","76"
"2708501","208","75"
"2708501","205","15"
"2708501","203","1.87"
"2708501","204","0.89"
"2708502","208","88"
"2708502","204","0.68"
"2708502","205","19.24"
"2708502","203","1.46"
"2708503","205","18.4"
"2708503","208","89"
"2708503","204","0.96"
"2708503","203","1.92"
"2708504","208","87"
"2708504","204","0.27"
"2708504","203","1.12"
"2708504","205","19.98"
"2708505","203","10.63"
"2708505","204","10.67"
"2708505","208","195"
"2708505","205","14.9"
"2708506","204","20.98"
"2708506","203","9.96"
"2708506","205","26.32"
"2708506","208","328"
"2708507","208","249"
"2708507","205","15.3"
"2708507","203","15.47"
"2708507","204","13.94"
"2708508","205","16.49"
"2708508","204","9.32"
"2708508","208","179"
"2708508","203","7.45"
"2708509","208","167"
"2708509","204","8.02"
"2708509","203","7.83"
"2708509","205","16.29"
"2708510","203","5.28"
"2708510","208","163"
"2708510","204","7.36"
"2708510","205","19.3"
"2708511","204","10.4"
"2708511","205","15.12"
"2708511","203","6.91"
"2708511","208","181"
"2708512","204","9.26"
"2708512","203","7.24"
"2708512","205","14.96"
"2708512","208","171"
"2708513","205","17.56"
"2708513","208","167"
"2708513","204","8.7"
"2708513","203","5"
"2708514","205","15.62"
"2708514","203","15.31"
"2708514","208","246"
"2708514","204","13.56"
"2708515","205","15.3"
"2708515","208","249"
"2708515","203","15.47"
"2708515","204","13.94"
"2708516","208","212"
"2708516","205","19.14"
"2708516","203","10.63"
"2708516","204","10.61"
"2708517","205","15.3"
"2708517","203","14.82"
"2708517","204","14.5"
"2708517","208","251"
"2708518","205","19.14"
"2708518","208","214"
"2708518","203","10.31"
"2708518","204","10.89"
"2708519","203","16.23"
"2708519","204","9.6"
"2708519","208","211"
"2708519","205","15.3"
"2708520","205","19.14"
"2708520","203","11.02"
"2708520","204","8.44"
"2708520","208","193"
"2708521","205","22.99"
"2708521","204","7.28"
"2708521","208","176"
"2708521","203","5.8"
"2708522","208","257"
"2708522","203","16.71"
"2708522","204","12.27"
"2708522","205","18.87"
"2708523","203","11.85"
"2708523","208","221"
"2708523","205","22.73"
"2708523","204","8.92"
"2708524","208","260"
"2708524","205","18.87"
"2708524","204","12.83"
"2708524","203","16.06"
"2708525","203","11.53"
"2708525","208","222"
"2708525","204","9.2"
"2708525","205","22.73"
"2708526","205","18.87"
"2708526","203","17.48"
"2708526","204","7.91"
"2708526","208","220"
"2708527","204","6.74"
"2708527","205","22.73"
"2708527","203","12.24"
"2708527","208","202"
"2708528","203","6.99"
"2708528","205","26.59"
"2708528","204","5.57"
"2708528","208","184"
"2708529","205","22.99"
"2708529","208","275"
"2708529","204","15.29"
"2708529","203","11.62"
"2708530","205","15.94"
"2708530","203","15.15"
"2708530","208","243"
"2708530","204","13.18"
"2708531","208","205"
"2708531","203","10.07"
"2708531","205","19.98"
"2708531","204","9.68"
"2708532","205","24.01"
"2708532","203","5"
"2708532","208","167"
"2708532","204","6.18"
"2708533","204","13.45"
"2708533","205","27.75"
"2708533","208","275"
"2708533","203","12.19"
"2708534","208","219"
"2708534","205","23.87"
"2708534","203","11.12"
"2708534","204","8.54"
"2708535","208","267"
"2708535","204","10.68"
"2708535","203","13.28"
"2708535","205","28.33"
"2708536","204","8.03"
"2708536","203","10.44"
"2708536","208","231"
"2708536","205","28.24"
"2708537","208","219"
"2708537","205","23.87"
"2708537","203","11.12"
"2708537","204","8.54"
"2708538","203","10.78"
"2708538","204","8.29"
"2708538","205","26.05"
"2708538","208","225"
"2708539","204","11.02"
"2708539","203","12.89"
"2708539","208","268"
"2708539","205","28.33"
"2708540","203","10.17"
"2708540","205","28.24"
"2708540","204","8.26"
"2708540","208","232"
"2708541","208","220"
"2708541","205","23.87"
"2708541","203","10.85"
"2708541","204","8.78"
"2708542","203","10.51"
"2708542","208","226"
"2708542","204","8.52"
"2708542","205","26.05"
"2708543","205","28.33"
"2708543","208","244"
"2708543","204","8.06"
"2708543","203","13.74"
"2708544","203","10.76"
"2708544","204","6.2"
"2708544","205","28.24"
"2708544","208","215"
"2708545","208","203"
"2708545","203","11.45"
"2708545","204","6.71"
"2708545","205","23.87"
"2708546","204","6.45"
"2708546","203","11.1"
"2708546","205","26.05"
"2708546","208","209"
"2708547","205","30.84"
"2708547","204","3.95"
"2708547","203","7.41"
"2708547","208","188"
"2708548","205","29.49"
"2708548","208","196"
"2708548","204","5.16"
"2708548","203","8.1"
"2708549","205","32.2"
"2708549","208","202"
"2708549","203","6.89"
"2708549","204","4.87"
"2708550","205","29.63"
"2708550","208","262"
"2708550","203","12.85"
"2708550","204","9.75"
"2708551","205","29.59"
"2708551","208","224"
"2708551","204","6.91"
"2708551","203","9.84"
"2708552","204","7.45"
"2708552","205","24.99"
"2708552","208","211"
"2708552","203","10.56"
"2708553","208","218"
"2708553","203","10.2"
"2708553","204","7.18"
"2708553","205","27.29"
"2708554","204","16.53"
"2708554","205","30.59"
"2708554","203","13.69"
"2708554","208","328"
"2708555","208","145"
"2708555","204","5.44"
"2708555","205","10.58"
"2708555","203","13.03"
"2708556","208","213"
"2708556","203","19.97"
"2708556","204","14.21"
"2708556","205","0.27"
"2708557","204","8.05"
"2708557","203","11.92"
"2708557","205","14.21"
"2708557","208","181"
"2708558","205","6.94"
"2708558","204","8.91"
"2708558","208","161"
"2708558","203","13.06"
"2708559","208","171"
"2708559","203","12.49"
"2708559","204","8.48"
"2708559","205","10.58"
"2708560","203","21.04"
"2708560","208","161"
"2708560","205","0.27"
"2708560","204","8.11"
"2708561","204","5"
"2708561","203","12.46"
"2708561","205","14.21"
"2708561","208","155"
"2708562","205","6.94"
"2708562","203","13.6"
"2708562","204","5.87"
"2708562","208","135"
"2708563","205","10.58"
"2708563","208","145"
"2708563","204","5.44"
"2708563","203","13.03"
"2708564","204","3.42"
"2708564","203","8.04"
"2708564","208","129"
"2708564","205","17.3"
"2708565","205","14.64"
"2708565","203","10.03"
"2708565","204","9.02"
"2708565","208","178"
"2708566","203","9.76"
"2708566","208","191"
"2708566","204","10.54"
"2708566","205","14.64"
"2708567","208","192"
"2708567","205","14.64"
"2708567","204","10.74"
"2708567","203","9.54"
"2708568","204","9.02"
"2708568","205","14.64"
"2708568","208","178"
"2708568","203","10.03"
"2708569","208","165"
"2708569","205","17.34"
"2708569","203","6.37"
"2708569","204","8.2"
"2708570","205","15.8"
"2708570","208","174"
"2708570","203","7.38"
"2708570","204","9.04"
"2708571","203","7.38"
"2708571","204","9.04"
"2708571","205","15.8"
"2708571","208","174"
"2708572","205","15.8"
"2708572","203","7.38"
"2708572","204","9.04"
"2708572","208","174"
"2708573","203","7.38"
"2708573","208","174"
"2708573","204","9.04"
"2708573","205","15.8"
"2708574","203","3.48"
"2708574","208","186"
"2708574","205","26.68"
"2708574","204","7.21"
"2708575","204","9.04"
"2708575","205","15.8"
"2708575","208","174"
"2708575","203","7.38"
"2708576","204","15.85"
"2708576","205","23.85"
"2708576","208","265"
"2708576","203","7.6"
"2708577","204","15.74"
"2708577","208","266"
"2708577","203","4.46"
"2708577","205","27.83"
"2708578","204","15.96"
"2708578","208","265"
"2708578","203","10.73"
"2708578","205","19.87"
"2708579","205","18.26"
"2708579","203","9.28"
"2708579","208","220"
"2708579","204","12.45"
"2708580","204","13.33"
"2708580","208","242"
"2708580","205","19.87"
"2708580","203","11.2"
"2708581","203","9.62"
"2708581","208","203"
"2708581","205","18.26"
"2708581","204","10.48"
"2708582","204","11.37"
"2708582","203","4.62"
"2708582","208","210"
"2708582","205","23.28"
"2708583","208","324"
"2708583","203","10.65"
"2708583","205","22.39"
"2708583","204","21.59"
"2708584","208","207"
"2708584","205","20.17"
"2708584","204","11.81"
"2708584","203","5.83"
"2708585","205","13.12"
"2708585","208","296"
"2708585","203","16.99"
"2708585","204","19.36"
"2708586","203","11.41"
"2708586","204","15.59"
"2708586","205","16.64"
"2708586","208","252"
"2708587","208","324"
"2708587","205","25.76"
"2708587","203","12.08"
"2708587","204","18.8"
"2708588","203","7.36"
"2708588","205","26.81"
"2708588","204","13.78"
"2708588","208","260"
"2708589","208","304"
"2708589","205","25.76"
"2708589","203","12.5"
"2708589","204","16.42"
"2708590","204","16.21"
"2708590","205","28.62"
"2708590","203","13.36"
"2708590","208","316"
"2708591","203","13.36"
"2708591","205","28.62"
"2708591","208","316"
"2708591","204","16.21"
"2708592","204","15.13"
"2708592","203","14.07"
"2708592","208","305"
"2708592","205","27.32"
"2708593","208","287"
"2708593","204","12.99"
"2708593","203","14.45"
"2708593","205","27.32"
"2708594","203","8.14"
"2708594","208","253"
"2708594","204","11.32"
"2708594","205","29.18"
"2708595","204","13.22"
"2708595","203","11.1"
"2708595","205","28.22"
"2708595","208","279"
"2708596","204","12.14"
"2708596","208","270"
"2708596","203","11.29"
"2708596","205","28.22"
"2708597","205","20.06"
"2708597","208","249"
"2708597","203","10.91"
"2708597","204","13.71"
"2708598","204","13.93"
"2708598","203","11.43"
"2708598","205","19.09"
"2708598","208","249"
"2708599","208","309"
"2708599","203","11.16"
"2708599","205","32.15"
"2708599","204","15.32"
"2708600","208","287"
"2708600","205","31.61"
"2708600","203","12.17"
"2708600","204","12.46"
"2708601","204","10.41"
"2708601","203","12.53"
"2708601","205","31.61"
"2708601","208","269"
"2708602","204","13.56"
"2708602","203","9.9"
"2708602","205","29.25"
"2708602","208","281"
"2708603","203","11.7"
"2708603","208","219"
"2708603","204","11.02"
"2708603","205","17.99"
"2708604","205","17.99"
"2708604","204","9.8"
"2708604","208","206"
"2708604","203","11.33"
"2708605","204","12.24"
"2708605","203","12.07"
"2708605","208","231"
"2708605","205","17.99"
"2708606","208","189"
"2708606","204","8.92"
"2708606","205","18.35"
"2708606","203","8.33"
"2708607","204","7.84"
"2708607","205","20.43"
"2708607","203","3.22"
"2708607","208","166"
"2708608","204","13.25"
"2708608","208","256"
"2708608","205","22.39"
"2708608","203","11.72"
"2708609","208","229"
"2708609","205","31.5"
"2708609","204","9.01"
"2708609","203","5.59"
"2708610","208","232"
"2708610","205","23.02"
"2708610","203","11.51"
"2708610","204","10.43"
"2708611","203","8.55"
"2708611","205","27.26"
"2708611","204","9.72"
"2708611","208","230"
"2708612","208","263"
"2708612","205","28.8"
"2708612","204","11.07"
"2708612","203","11.91"
"2708613","205","29.02"
"2708613","208","268"
"2708613","203","10.36"
"2708613","204","12.28"
"2708614","205","33.33"
"2708614","204","9.69"
"2708614","208","266"
"2708614","203","11.39"
"2708615","203","11.39"
"2708615","205","33.33"
"2708615","208","266"
"2708615","204","9.69"
"2708616","204","9.69"
"2708616","203","11.39"
"2708616","208","266"
"2708616","205","33.33"
"2708617","203","10.81"
"2708617","208","271"
"2708617","204","10.54"
"2708617","205","33.17"
"2708618","208","274"
"2708618","204","11.63"
"2708618","205","30"
"2708618","203","12.23"
"2708619","208","250"
"2708619","204","8.59"
"2708619","203","13.67"
"2708619","205","29.7"
"2708620","204","7.91"
"2708620","205","31.31"
"2708620","203","12.72"
"2708620","208","247"
"2708621","208","254"
"2708621","203","14.62"
"2708621","204","9.27"
"2708621","205","28.08"
"2708622","203","12.08"
"2708622","205","31.71"
"2708622","204","10.29"
"2708622","208","268"
"2708623","203","11.41"
"2708623","208","272"
"2708623","204","11"
"2708623","205","31.83"
"2708624","204","10.81"
"2708624","208","240"
"2708624","205","26.51"
"2708624","203","9.24"
"2708625","204","11.49"
"2708625","203","9.76"
"2708625","208","253"
"2708625","205","27.67"
"2708626","205","29.86"
"2708626","203","9.96"
"2708626","208","234"
"2708626","204","8.37"
"2708627","204","8.69"
"2708627","205","30.71"
"2708627","208","242"
"2708627","203","10.31"
"2708628","204","9.39"
"2708628","205","30.43"
"2708628","203","9.74"
"2708628","208","245"
"2708629","205","25.98"
"2708629","204","7.8"
"2708629","208","208"
"2708629","203","8.68"
"2708630","203","9.29"
"2708630","205","27.63"
"2708630","204","8.22"
"2708630","208","221"
"2708631","208","240"
"2708631","203","9.51"
"2708631","204","9.46"
"2708631","205","29.44"
"2708632","203","9.51"
"2708632","205","30.01"
"2708632","208","230"
"2708632","204","8.06"
"2708633","204","8.45"
"2708633","208","239"
"2708633","203","9.96"
"2708633","205","30.81"
"2708634","208","246"
"2708634","204","9.3"
"2708634","205","30.89"
"2708634","203","9.57"
"2708635","205","27.52"
"2708635","203","12.25"
"2708635","208","274"
"2708635","204","12.71"
"2708636","204","13.07"
"2708636","203","11.46"
"2708636","205","27.8"
"2708636","208","275"
"2708637","203","10.66"
"2708637","205","28.08"
"2708637","208","276"
"2708637","204","13.43"
"2708638","204","11.91"
"2708638","203","11.74"
"2708638","208","282"
"2708638","205","31.98"
"2708639","203","11.74"
"2708639","205","31.98"
"2708639","204","11.91"
"2708639","208","282"
"2708640","208","282"
"2708640","203","11.74"
"2708640","205","31.98"
"2708640","204","11.91"
"2708641","208","287"
"2708641","203","11.49"
"2708641","204","12.58"
"2708641","205","31.84"
"2708642","208","296"
"2708642","203","12.92"
"2708642","204","15.01"
"2708642","205","27.19"
"2708643","204","8.62"
"2708643","208","254"
"2708643","205","31.24"
"2708643","203","12.78"
"2708644","208","256"
"2708644","205","29.77"
"2708644","203","13.56"
"2708644","204","9.22"
"2708645","208","259"
"2708645","204","9.82"
"2708645","203","14.35"
"2708645","205","28.3"
"2708646","203","12.34"
"2708646","205","26.98"
"2708646","208","267"
"2708646","204","12.1"
"2708647","204","12.54"
"2708647","208","269"
"2708647","203","11.55"
"2708647","205","27.33"
"2708648","205","27.68"
"2708648","208","270"
"2708648","204","12.98"
"2708648","203","10.75"
"2708649","204","12.35"
"2708649","208","280"
"2708649","205","30.62"
"2708649","203","11.5"
"2708650","204","12.35"
"2708650","208","280"
"2708650","205","30.62"
"2708650","203","11.5"
"2708651","203","11.5"
"2708651","205","30.62"
"2708651","208","280"
"2708651","204","12.35"
"2708652","204","12.94"
"2708652","208","282"
"2708652","205","30.36"
"2708652","203","11.06"
"2708653","203","12.81"
"2708653","204","13.05"
"2708653","208","278"
"2708653","205","27.28"
"2708654","208","254"
"2708654","204","8.45"
"2708654","203","12.94"
"2708654","205","31.41"
"2708655","205","32.24"
"2708655","208","250"
"2708655","204","7.83"
"2708655","203","12.63"
"2708656","203","13.26"
"2708656","208","257"
"2708656","204","9.07"
"2708656","205","30.58"
"2708657","204","13.36"
"2708657","205","24.25"
"2708657","208","277"
"2708657","203","14.72"
"2708658","205","26.62"
"2708658","203","13.85"
"2708658","208","274"
"2708658","204","12.4"
"2708659","204","13.02"
"2708659","208","278"
"2708659","203","13.33"
"2708659","205","26.64"
"2708660","208","276"
"2708660","203","11.28"
"2708660","205","25.14"
"2708660","204","14.43"
"2708661","205","25.14"
"2708661","203","11.28"
"2708661","204","14.43"
"2708661","208","276"
"2708662","204","14.43"
"2708662","208","276"
"2708662","203","11.28"
"2708662","205","25.14"
"2708663","205","26.62"
"2708663","203","11.55"
"2708663","208","241"
"2708663","204","9.87"
"2708664","204","9.83"
"2708664","205","28.38"
"2708664","203","11.5"
"2708664","208","248"
"2708665","208","259"
"2708665","205","30.11"
"2708665","204","10.53"
"2708665","203","10.94"
"2708666","204","9.16"
"2708666","208","222"
"2708666","203","11.43"
"2708666","205","23.67"
"2708667","208","239"
"2708667","204","9.97"
"2708667","203","10.97"
"2708667","205","26.42"
"2708668","203","11.42"
"2708668","204","9.29"
"2708668","208","233"
"2708668","205","25.98"
"2708669","208","227"
"2708669","203","10.88"
"2708669","204","8.34"
"2708669","205","27.01"
"2708670","204","8.59"
"2708670","208","234"
"2708670","205","28.21"
"2708670","203","10.98"
"2708671","208","245"
"2708671","205","29.14"
"2708671","204","9.53"
"2708671","203","10.58"
"2708672","203","9.29"
"2708672","204","6.63"
"2708672","205","26.88"
"2708672","208","203"
"2708673","203","9.46"
"2708673","205","28.64"
"2708673","208","225"
"2708673","204","8.18"
"2708674","204","13.69"
"2708674","208","276"
"2708674","203","7.46"
"2708674","205","31"
"2708675","204","12.26"
"2708675","205","38.28"
"2708675","208","293"
"2708675","203","7.58"
"2708676","204","13.66"
"2708676","208","285"
"2708676","205","27.58"
"2708676","203","12.4"
"2708677","204","11.41"
"2708677","203","11.8"
"2708677","208","280"
"2708677","205","31.82"
"2708678","203","10.13"
"2708678","205","23.59"
"2708678","204","11.68"
"2708678","208","241"
"2708679","203","10.02"
"2708679","208","244"
"2708679","204","10.14"
"2708679","205","27.82"
"2708680","204","17.36"
"2708680","208","304"
"2708680","203","13.56"
"2708680","205","22.77"
"2708681","204","14.8"
"2708681","205","27.2"
"2708681","208","296"
"2708681","203","12.84"
"2708682","204","15.31"
"2708682","205","21.06"
"2708682","203","12.07"
"2708682","208","272"
"2708683","205","25.31"
"2708683","203","11.67"
"2708683","208","270"
"2708683","204","13.34"
"2708684","203","17.59"
"2708684","204","22.51"
"2708684","208","389"
"2708684","205","29.49"
"2708685","205","31.31"
"2708685","204","17.69"
"2708685","208","343"
"2708685","203","14.84"
"2708686","205","53.39"
"2708686","204","10.5"
"2708686","208","345"
"2708686","203","9.19"
"2708687","204","12.38"
"2708687","203","11.77"
"2708687","208","267"
"2708687","205","28.62"
"2708688","203","11.4"
"2708688","204","10.4"
"2708688","208","265"
"2708688","205","32.96"
"2708689","205","23.58"
"2708689","208","289"
"2708689","204","16.35"
"2708689","203","13.05"
"2708690","203","12.51"
"2708690","205","28.13"
"2708690","208","284"
"2708690","204","13.98"
"2708691","203","9.61"
"2708691","208","226"
"2708691","204","10.64"
"2708691","205","24.39"
"2708692","208","231"
"2708692","205","28.74"
"2708692","204","9.29"
"2708692","203","9.67"
"2708693","204","13.62"
"2708693","205","26.53"
"2708693","203","8.73"
"2708693","208","264"
"2708694","204","11.88"
"2708694","203","7.81"
"2708694","205","30.54"
"2708694","208","261"
"2708695","205","21.88"
"2708695","204","17.36"
"2708695","208","287"
"2708695","203","10.58"
"2708696","205","26.09"
"2708696","208","280"
"2708696","204","15.23"
"2708696","203","9.48"
"2708697","208","223"
"2708697","203","7.18"
"2708697","205","22.72"
"2708697","204","11.64"
"2708698","205","26.72"
"2708698","203","6.68"
"2708698","204","10.52"
"2708698","208","228"
"2708699","204","14.5"
"2708699","208","292"
"2708699","205","25.63"
"2708699","203","14.02"
"2708700","208","270"
"2708700","204","14.14"
"2708700","203","5.62"
"2708700","205","30.02"
"2708701","205","27.12"
"2708701","203","6.68"
"2708701","208","258"
"2708701","204","13.61"
"2708702","203","7.58"
"2708702","204","14.7"
"2708702","205","27.02"
"2708702","208","272"
"2708703","205","27.02"
"2708703","208","266"
"2708703","203","7.59"
"2708703","204","14.09"
"2708704","203","5.65"
"2708704","208","112"
"2708704","204","2.65"
"2708704","205","17.23"
"2708705","205","14.05"
"2708705","208","192"
"2708705","204","11.13"
"2708705","203","8.76"
"2708706","208","192"
"2708706","203","8.76"
"2708706","205","14.05"
"2708706","204","11.13"
"2708707","203","9.4"
"2708707","208","314"
"2708707","204","15.12"
"2708707","205","35.09"
"2708708","203","6.9"
"2708708","205","11.07"
"2708708","208","113"
"2708708","204","4.6"
"2708709","204","16"
"2708709","208","291"
"2708709","205","29.91"
"2708709","203","7.19"
"2708710","205","31.5"
"2708710","208","265"
"2708710","204","13.16"
"2708710","203","5.75"
"2708711","208","333"
"2708711","203","12.09"
"2708711","204","19.2"
"2708711","205","27.45"
"2708712","205","29.91"
"2708712","204","16"
"2708712","203","7.19"
"2708712","208","291"
"2708713","205","27.45"
"2708713","208","309"
"2708713","204","16.46"
"2708713","203","12.57"
"2708714","203","7.35"
"2708714","204","15.09"
"2708714","205","29.91"
"2708714","208","283"
"2708715","205","48.38"
"2708715","204","20.97"
"2708715","208","415"
"2708715","203","6.92"
"2708716","203","8.76"
"2708716","208","168"
"2708716","205","17.99"
"2708716","204","7.2"
"2708717","203","14.43"
"2708717","205","36.1"
"2708717","208","281"
"2708717","204","8.63"
"2708718","205","9.37"
"2708718","208","157"
"2708718","203","5.82"
"2708718","204","10.83"
"2708719","204","10.06"
"2708719","205","7.73"
"2708719","208","173"
"2708719","203","12.86"
"2708720","204","6.14"
"2708720","203","5.26"
"2708720","205","29.64"
"2708720","208","195"
"2708721","203","8.51"
"2708721","205","9.38"
"2708721","204","11.96"
"2708721","208","178"
"2708722","205","17.2"
"2708722","204","6.33"
"2708722","203","2.44"
"2708722","208","135"
"2708723","204","19.73"
"2708723","203","10.51"
"2708723","208","345"
"2708723","205","31.92"
"2708724","205","39.78"
"2708724","208","273"
"2708724","204","7.58"
"2708724","203","11.17"
"2708725","204","2.94"
"2708725","203","6.73"
"2708725","205","54.27"
"2708725","208","268"
"2708726","208","274"
"2708726","205","15.44"
"2708726","204","19.19"
"2708726","203","9.92"
"2708727","204","15.66"
"2708727","203","8.38"
"2708727","205","43.76"
"2708727","208","349"
"2708728","208","341"
"2708728","203","11.46"
"2708728","204","19.18"
"2708728","205","30.89"
"2708729","203","8.27"
"2708729","204","15.15"
"2708729","205","10.35"
"2708729","208","212"
"2708730","204","17.47"
"2708730","208","310"
"2708730","203","5.14"
"2708730","205","33.16"
"2708731","205","12.12"
"2708731","203","15.5"
"2708731","208","387"
"2708731","204","30.63"
"2708732","203","10.29"
"2708732","205","11.68"
"2708732","204","23.51"
"2708732","208","299"
"2708733","208","365"
"2708733","204","29.23"
"2708733","203","11.91"
"2708733","205","13.74"
"2708734","205","27.9"
"2708734","203","10.26"
"2708734","204","11.92"
"2708734","208","260"
"2708735","208","198"
"2708735","203","5.07"
"2708735","205","27.03"
"2708735","204","7.78"
"2708736","208","233"
"2708736","203","10.35"
"2708736","204","10.25"
"2708736","205","24.49"
"2708737","205","27.85"
"2708737","203","9.32"
"2708737","208","256"
"2708737","204","11.82"
"2708738","205","27.9"
"2708738","203","10.26"
"2708738","208","260"
"2708738","204","11.92"
"2708739","203","9.66"
"2708739","208","244"
"2708739","205","29.68"
"2708739","204","9.62"
"2708740","203","10.71"
"2708740","205","24.49"
"2708740","208","215"
"2708740","204","8.21"
"2708741","204","7.91"
"2708741","208","207"
"2708741","203","9.39"
"2708741","205","24.57"
"2708742","204","7.5"
"2708742","203","10.61"
"2708742","205","24.38"
"2708742","208","208"
"2708743","204","11.29"
"2708743","208","265"
"2708743","205","30.9"
"2708743","203","10.01"
"2708744","203","6.2"
"2708744","205","16.98"
"2708744","208","224"
"2708744","204","14.68"
"2708745","204","8.21"
"2708745","205","9.38"
"2708745","208","167"
"2708745","203","13.78"
"2708746","203","7.6"
"2708746","205","19.27"
"2708746","208","237"
"2708746","204","14.45"
"2708747","204","10.75"
"2708747","205","18.4"
"2708747","203","4.95"
"2708747","208","189"
"2708748","208","217"
"2708748","205","20.97"
"2708748","203","8.2"
"2708748","204","11.17"
"2708749","205","20.36"
"2708749","203","7.94"
"2708749","208","243"
"2708749","204","14.56"
"2708750","204","4.97"
"2708750","205","16.17"
"2708750","203","7.45"
"2708750","208","139"
"2708751","208","97"
"2708751","205","13.26"
"2708751","204","3.41"
"2708751","203","3.24"
"2708752","204","10.69"
"2708752","208","185"
"2708752","205","11.36"
"2708752","203","10.83"
"2708753","205","13.1"
"2708753","203","13.63"
"2708753","204","10.92"
"2708753","208","206"
"2708754","204","4.42"
"2708754","205","14.39"
"2708754","203","6.63"
"2708754","208","124"
"2708755","208","207"
"2708755","205","13.76"
"2708755","204","10.79"
"2708755","203","13.33"
"2708756","208","205"
"2708756","203","13.74"
"2708756","205","14.01"
"2708756","204","10.37"
"2708757","208","201"
"2708757","204","10.14"
"2708757","203","13.51"
"2708757","205","13.76"
"2708758","204","5.33"
"2708758","208","130"
"2708758","205","13.84"
"2708758","203","6.54"
"2708759","203","11.2"
"2708759","205","14.52"
"2708759","204","9.38"
"2708759","208","188"
"2708760","203","10.3"
"2708760","204","6.97"
"2708760","205","19.89"
"2708760","208","185"
"2708761","203","6.92"
"2708761","205","14.61"
"2708761","204","5.9"
"2708761","208","138"
"2708762","204","8.38"
"2708762","203","8.12"
"2708762","205","15.18"
"2708762","208","169"
"2708763","204","7.42"
"2708763","205","17.7"
"2708763","203","12.59"
"2708763","208","190"
"2708764","205","14.46"
"2708764","204","6.25"
"2708764","208","148"
"2708764","203","8.74"
"2708765","205","13.26"
"2708765","204","3.41"
"2708765","203","3.24"
"2708765","208","97"
"2708766","203","10.15"
"2708766","204","8.8"
"2708766","205","13.69"
"2708766","208","176"
"2708767","204","6.25"
"2708767","203","7.39"
"2708767","208","173"
"2708767","205","21.73"
"2708768","208","98"
"2708768","203","3.98"
"2708768","205","15.22"
"2708768","204","2.3"
"2708769","208","77"
"2708769","204","1.45"
"2708769","203","2.48"
"2708769","205","13.64"
"2708770","203","6.37"
"2708770","205","14.31"
"2708770","208","137"
"2708770","204","6.14"
"2708771","205","16.21"
"2708771","203","6.06"
"2708771","208","160"
"2708771","204","7.91"
"2708772","208","150"
"2708772","203","6.62"
"2708772","205","20.83"
"2708772","204","4.51"
"2708773","203","5.56"
"2708773","204","6.74"
"2708773","208","145"
"2708773","205","15.67"
"2708774","205","16.82"
"2708774","208","117"
"2708774","203","5.19"
"2708774","204","3.37"
"2708775","203","10.4"
"2708775","205","20.4"
"2708775","204","9.3"
"2708775","208","207"
"2708776","205","16.2"
"2708776","208","153"
"2708776","204","6.59"
"2708776","203","7.63"
"2708777","205","15.11"
"2708777","204","7.28"
"2708777","208","160"
"2708777","203","8.83"
"2708778","204","5.18"
"2708778","208","135"
"2708778","205","15.89"
"2708778","203","6.43"
"2708779","208","205"
"2708779","203","9.93"
"2708779","205","22.21"
"2708779","204","8.51"
"2708780","208","146"
"2708780","204","5.76"
"2708780","203","7"
"2708780","205","16.88"
"2708781","208","158"
"2708781","203","8.46"
"2708781","204","6.54"
"2708781","205","16.64"
"2708782","208","187"
"2708782","205","22.36"
"2708782","204","6.63"
"2708782","203","9.56"
"2708783","205","16.3"
"2708783","204","3.36"
"2708783","208","136"
"2708783","203","10.76"
"2708784","208","116"
"2708784","204","1.94"
"2708784","203","8.85"
"2708784","205","16.11"
"2708785","204","4.92"
"2708785","205","15.83"
"2708785","203","6.62"
"2708785","208","134"
"2708786","208","89"
"2708786","205","15.82"
"2708786","203","3.24"
"2708786","204","1.63"
"2708787","203","6.18"
"2708787","208","149"
"2708787","205","23"
"2708787","204","3.65"
"2708788","203","3.48"
"2708788","204","1.5"
"2708788","208","91"
"2708788","205","15.98"
"2708789","208","193"
"2708789","203","6.23"
"2708789","204","10.45"
"2708789","205","18.75"
"2708790","204","7.51"
"2708790","205","18.04"
"2708790","208","190"
"2708790","203","12.28"
"2708791","208","153"
"2708791","204","6.99"
"2708791","205","16.66"
"2708791","203","5.82"
"2708792","208","236"
"2708792","203","10.38"
"2708792","205","36.15"
"2708792","204","5.56"
"2708793","208","121"
"2708793","204","4.36"
"2708793","205","16.11"
"2708793","203","4.49"
"2708794","208","188"
"2708794","204","7.4"
"2708794","205","21.4"
"2708794","203","8.94"
"2708795","203","6.31"
"2708795","208","157"
"2708795","205","18.36"
"2708795","204","6.51"
"2708796","205","11.51"
"2708796","208","102"
"2708796","204","2.74"
"2708796","203","7.09"
"2708797","203","1.56"
"2708797","205","14.46"
"2708797","204","0.97"
"2708797","208","74"
"2708798","205","20.16"
"2708798","203","4.77"
"2708798","208","121"
"2708798","204","2.35"
"2708799","203","4.77"
"2708799","205","20.16"
"2708799","204","2.35"
"2708799","208","121"
"2708800","204","2.21"
"2708800","203","8.56"
"2708800","208","121"
"2708800","205","16.24"
"2708801","208","138"
"2708801","203","9.48"
"2708801","205","16.18"
"2708801","204","3.79"
"2708802","204","2.77"
"2708802","208","129"
"2708802","205","16.18"
"2708802","203","9.73"
"2708803","208","130"
"2708803","203","9.15"
"2708803","204","3.15"
"2708803","205","16.15"
"2708804","208","154"
"2708804","204","7.5"
"2708804","203","8.13"
"2708804","205","14.36"
"2708805","208","165"
"2708805","203","5.79"
"2708805","204","9.2"
"2708805","205","16.34"
"2708806","204","7.5"
"2708806","208","154"
"2708806","205","14.36"
"2708806","203","8.13"
"2708807","205","15.05"
"2708807","203","6.84"
"2708807","204","6.82"
"2708807","208","147"
"2708808","205","14.73"
"2708808","208","160"
"2708808","204","7.92"
"2708808","203","8.18"
"2708809","205","8.14"
"2708809","204","7.66"
"2708809","208","172"
"2708809","203","16.89"
"2708810","208","147"
"2708810","205","18.13"
"2708810","203","7.71"
"2708810","204","4.74"
"2708811","203","8.68"
"2708811","204","10.5"
"2708811","208","223"
"2708811","205","23.08"
"2708812","203","5.42"
"2708812","205","18.8"
"2708812","204","6.06"
"2708812","208","151"
"2708813","208","179"
"2708813","204","8.04"
"2708813","203","4.64"
"2708813","205","22.16"
"2708814","208","82"
"2708814","203","3.38"
"2708814","204","2.46"
"2708814","205","11.52"
"2708815","205","20.1"
"2708815","203","3.26"
"2708815","204","1.86"
"2708815","208","110"
"2708816","208","131"
"2708816","203","4.57"
"2708816","204","4.82"
"2708816","205","17.28"
"2708817","208","164"
"2708817","205","18.23"
"2708817","203","7.59"
"2708817","204","6.79"
"2708818","204","11.16"
"2708818","205","15.14"
"2708818","208","210"
"2708818","203","11.79"
"2708819","205","10.27"
"2708819","208","144"
"2708819","203","8.24"
"2708819","204","7.59"
"2708820","203","3.94"
"2708820","208","148"
"2708820","205","18.72"
"2708820","204","6.53"
"2708821","208","209"
"2708821","203","6.17"
"2708821","204","12.25"
"2708821","205","18.71"
"2708822","205","19"
"2708822","203","5.91"
"2708822","208","185"
"2708822","204","9.52"
"2708823","203","12.53"
"2708823","205","14.82"
"2708823","204","7.61"
"2708823","208","178"
"2708824","205","22.7"
"2708824","204","10.88"
"2708824","203","8.77"
"2708824","208","219"
"2708825","203","7.61"
"2708825","208","147"
"2708825","205","13.34"
"2708825","204","7.1"
"2708826","205","14.98"
"2708826","203","3.74"
"2708826","204","4.83"
"2708826","208","119"
"2708827","203","4.46"
"2708827","205","23.1"
"2708827","204","3.54"
"2708827","208","144"
"2708828","204","2.58"
"2708828","208","125"
"2708828","205","19.15"
"2708828","203","5.86"
"2708829","204","1.6"
"2708829","208","102"
"2708829","205","19.44"
"2708829","203","3.78"
"2708830","203","3.41"
"2708830","208","160"
"2708830","205","18.41"
"2708830","204","7.97"
"2708831","208","106"
"2708831","203","3.69"
"2708831","205","19.88"
"2708831","204","1.2"
"2708832","204","2.98"
"2708832","205","19.44"
"2708832","208","120"
"2708832","203","3.61"
"2708833","205","18.14"
"2708833","203","3.46"
"2708833","208","158"
"2708833","204","7.84"
"2708834","204","1.06"
"2708834","205","19.59"
"2708834","203","3.74"
"2708834","208","104"
"2708835","203","3.66"
"2708835","205","19.16"
"2708835","208","118"
"2708835","204","2.85"
"2708836","203","5.95"
"2708836","208","117"
"2708836","204","3.12"
"2708836","205","17.5"
"2708837","204","9.25"
"2708837","205","17.74"
"2708837","208","178"
"2708837","203","5.43"
"2708838","203","5.86"
"2708838","208","125"
"2708838","205","19.15"
"2708838","204","2.58"
"2708839","204","4.34"
"2708839","205","18.74"
"2708839","203","5.74"
"2708839","208","139"
"2708840","205","17.52"
"2708840","204","9.15"
"2708840","203","5.47"
"2708840","208","176"
"2708841","204","2.47"
"2708841","205","18.92"
"2708841","203","5.91"
"2708841","208","123"
"2708842","204","4.23"
"2708842","203","5.78"
"2708842","205","18.5"
"2708842","208","137"
"2708843","204","8.47"
"2708843","208","171"
"2708843","203","5.59"
"2708843","205","17.74"
"2708844","205","19.15"
"2708844","208","118"
"2708844","203","6.04"
"2708844","204","1.74"
"2708845","204","3.52"
"2708845","205","18.74"
"2708845","208","132"
"2708845","203","5.91"
"2708846","204","8.37"
"2708846","208","169"
"2708846","203","5.63"
"2708846","205","17.52"
"2708847","208","116"
"2708847","205","18.92"
"2708847","204","1.63"
"2708847","203","6.08"
"2708848","204","3.41"
"2708848","208","130"
"2708848","203","5.95"
"2708848","205","18.5"
"2708849","203","5.16"
"2708849","204","7.97"
"2708849","208","166"
"2708849","205","17.98"
"2708850","205","19.42"
"2708850","203","5.58"
"2708850","208","113"
"2708850","204","1.19"
"2708851","205","19"
"2708851","204","2.98"
"2708851","208","127"
"2708851","203","5.45"
"2708852","204","7.87"
"2708852","203","5.2"
"2708852","208","164"
"2708852","205","17.77"
"2708853","208","111"
"2708853","204","1.09"
"2708853","203","5.62"
"2708853","205","19.18"
"2708854","205","18.76"
"2708854","203","5.5"
"2708854","204","2.87"
"2708854","208","125"
"2708855","208","204"
"2708855","204","13.95"
"2708855","205","15.56"
"2708855","203","3.72"
"2708856","205","16.85"
"2708856","204","7.7"
"2708856","203","4.03"
"2708856","208","154"
"2708857","204","9.35"
"2708857","208","167"
"2708857","203","3.94"
"2708857","205","16.49"
"2708858","208","191"
"2708858","204","12.41"
"2708858","205","15.95"
"2708858","203","3.7"
"2708859","208","141"
"2708859","204","6.04"
"2708859","203","4"
"2708859","205","17.27"
"2708860","205","16.9"
"2708860","203","3.92"
"2708860","204","7.72"
"2708860","208","154"
"2708861","208","213"
"2708861","204","14.1"
"2708861","205","15.41"
"2708861","203","5.67"
"2708862","208","164"
"2708862","203","6.14"
"2708862","205","16.69"
"2708862","204","7.87"
"2708863","205","16.33"
"2708863","204","9.51"
"2708863","203","6.01"
"2708863","208","177"
"2708864","208","203"
"2708864","205","15.73"
"2708864","203","5.65"
"2708864","204","12.85"
"2708865","203","6.12"
"2708865","205","17.04"
"2708865","204","6.52"
"2708865","208","153"
"2708866","205","16.67"
"2708866","203","5.99"
"2708866","208","166"
"2708866","204","8.19"
"2708867","205","15.41"
"2708867","203","5.83"
"2708867","208","206"
"2708867","204","13.33"
"2708868","203","6.32"
"2708868","205","16.69"
"2708868","204","7.03"
"2708868","208","157"
"2708869","203","6.18"
"2708869","204","8.69"
"2708869","208","170"
"2708869","205","16.33"
"2708870","205","15.73"
"2708870","208","196"
"2708870","204","12.08"
"2708870","203","5.81"
"2708871","203","6.3"
"2708871","208","146"
"2708871","204","5.68"
"2708871","205","17.04"
"2708872","208","159"
"2708872","203","6.16"
"2708872","205","16.67"
"2708872","204","7.37"
"2708873","208","202"
"2708873","203","5.4"
"2708873","205","15.66"
"2708873","204","12.82"
"2708874","208","152"
"2708874","205","16.96"
"2708874","204","6.48"
"2708874","203","5.86"
"2708875","205","16.59"
"2708875","204","8.15"
"2708875","208","165"
"2708875","203","5.73"
"2708876","208","191"
"2708876","203","5.38"
"2708876","204","11.57"
"2708876","205","15.97"
"2708877","208","141"
"2708877","204","5.13"
"2708877","203","5.83"
"2708877","205","17.3"
"2708878","208","154"
"2708878","204","6.83"
"2708878","203","5.71"
"2708878","205","16.93"
"2708879","205","18.03"
"2708879","208","156"
"2708879","203","3.51"
"2708879","204","8.34"
"2708880","203","3.78"
"2708880","205","19.47"
"2708880","204","1.6"
"2708880","208","102"
"2708881","204","3.38"
"2708881","203","3.7"
"2708881","205","19.05"
"2708881","208","116"
"2708882","204","8.22"
"2708882","205","17.76"
"2708882","203","3.56"
"2708882","208","154"
"2708883","203","3.84"
"2708883","204","1.47"
"2708883","205","19.18"
"2708883","208","99"
"2708884","203","3.76"
"2708884","205","18.76"
"2708884","204","3.25"
"2708884","208","114"
"2708885","205","17.36"
"2708885","208","174"
"2708885","203","5.52"
"2708885","204","9.62"
"2708886","204","2.98"
"2708886","208","121"
"2708886","203","5.96"
"2708886","205","18.74"
"2708887","205","18.33"
"2708887","208","134"
"2708887","204","4.73"
"2708887","203","5.83"
"2708888","205","17.14"
"2708888","208","172"
"2708888","203","5.57"
"2708888","204","9.52"
"2708889","205","18.51"
"2708889","204","2.88"
"2708889","203","6.01"
"2708889","208","119"
"2708890","204","4.62"
"2708890","208","133"
"2708890","203","5.88"
"2708890","205","18.1"
"2708891","208","167"
"2708891","205","17.36"
"2708891","204","8.85"
"2708891","203","5.68"
"2708892","204","2.15"
"2708892","208","113"
"2708892","205","18.74"
"2708892","203","6.14"
"2708893","208","127"
"2708893","203","6"
"2708893","205","18.33"
"2708893","204","3.91"
"2708894","208","165"
"2708894","203","5.72"
"2708894","204","8.75"
"2708894","205","17.14"
"2708895","203","6.18"
"2708895","204","2.04"
"2708895","208","111"
"2708895","205","18.51"
"2708896","204","3.8"
"2708896","203","6.05"
"2708896","208","125"
"2708896","205","18.1"
"2708897","204","8.34"
"2708897","203","5.26"
"2708897","208","162"
"2708897","205","17.61"
"2708898","205","19.01"
"2708898","203","5.67"
"2708898","204","1.6"
"2708898","208","108"
"2708899","205","18.59"
"2708899","204","3.38"
"2708899","208","122"
"2708899","203","5.55"
"2708900","208","160"
"2708900","203","5.3"
"2708900","204","8.24"
"2708900","205","17.39"
"2708901","205","18.77"
"2708901","204","1.49"
"2708901","203","5.72"
"2708901","208","106"
"2708902","205","18.36"
"2708902","208","120"
"2708902","203","5.59"
"2708902","204","3.27"
"2708903","208","200"
"2708903","205","15.18"
"2708903","204","14.32"
"2708903","203","3.81"
"2708904","203","4.13"
"2708904","205","16.44"
"2708904","208","150"
"2708904","204","8.11"
"2708905","208","163"
"2708905","204","9.74"
"2708905","203","4.04"
"2708905","205","16.09"
"2708906","203","3.79"
"2708906","204","12.79"
"2708906","208","187"
"2708906","205","15.57"
"2708907","204","6.44"
"2708907","205","16.87"
"2708907","208","136"
"2708907","203","4.1"
"2708908","203","4.01"
"2708908","208","149"
"2708908","204","8.12"
"2708908","205","16.5"
"2708909","203","5.76"
"2708909","208","209"
"2708909","204","14.48"
"2708909","205","15.03"
"2708910","203","6.24"
"2708910","204","8.27"
"2708910","205","16.28"
"2708910","208","160"
"2708911","208","172"
"2708911","205","15.93"
"2708911","204","9.9"
"2708911","203","6.11"
"2708912","208","199"
"2708912","203","5.74"
"2708912","205","15.35"
"2708912","204","13.23"
"2708913","208","149"
"2708913","203","6.22"
"2708913","204","6.92"
"2708913","205","16.63"
"2708914","203","6.09"
"2708914","204","8.58"
"2708914","205","16.27"
"2708914","208","162"
"2708915","203","5.92"
"2708915","205","15.03"
"2708915","208","202"
"2708915","204","13.7"
"2708916","204","7.44"
"2708916","208","152"
"2708916","205","16.28"
"2708916","203","6.42"
"2708917","204","9.09"
"2708917","205","15.93"
"2708917","203","6.28"
"2708917","208","165"
"2708918","208","192"
"2708918","203","5.9"
"2708918","205","15.35"
"2708918","204","12.45"
"2708919","204","6.08"
"2708919","208","141"
"2708919","205","16.63"
"2708919","203","6.39"
"2708920","208","154"
"2708920","205","16.27"
"2708920","204","7.76"
"2708920","203","6.26"
"2708921","205","15.28"
"2708921","204","13.2"
"2708921","203","5.5"
"2708921","208","197"
"2708922","205","16.55"
"2708922","204","6.89"
"2708922","208","147"
"2708922","203","5.95"
"2708923","205","16.19"
"2708923","203","5.82"
"2708923","208","160"
"2708923","204","8.55"
"2708924","205","15.59"
"2708924","203","5.48"
"2708924","204","11.95"
"2708924","208","187"
"2708925","208","136"
"2708925","205","16.89"
"2708925","204","5.54"
"2708925","203","5.93"
"2708926","205","16.53"
"2708926","203","5.8"
"2708926","204","7.23"
"2708926","208","149"
"2708927","208","125"
"2708927","203","5.23"
"2708927","204","2.28"
"2708927","205","20.94"
"2708928","208","158"
"2708928","203","4.72"
"2708928","204","5.49"
"2708928","205","22.03"
"2708929","205","17.35"
"2708929","208","143"
"2708929","204","4.52"
"2708929","203","7.85"
"2708930","205","14.45"
"2708930","203","2.47"
"2708930","204","2.21"
"2708930","208","87"
"2708931","204","5.57"
"2708931","205","11.16"
"2708931","203","10.36"
"2708931","208","134"
"2708932","204","11.52"
"2708932","205","24.65"
"2708932","203","4.46"
"2708932","208","221"
"2708933","203","4.32"
"2708933","204","4.16"
"2708933","205","25.68"
"2708933","208","159"
"2708934","203","4.38"
"2708934","208","160"
"2708934","205","26.58"
"2708934","204","4.01"
"2708935","208","159"
"2708935","204","4.16"
"2708935","205","25.68"
"2708935","203","4.32"
"2708936","205","20.9"
"2708936","208","133"
"2708936","203","3.7"
"2708936","204","3.72"
"2708937","205","20.61"
"2708937","208","116"
"2708937","204","2"
"2708937","203","3.68"
"2708938","204","6.62"
"2708938","205","20.11"
"2708938","208","156"
"2708938","203","3.8"
"2708939","205","20.22"
"2708939","203","3.82"
"2708939","208","123"
"2708939","204","2.92"
"2708940","204","1.14"
"2708940","208","134"
"2708940","203","4.25"
"2708940","205","26.54"
"2708941","203","5.18"
"2708941","205","22.54"
"2708941","204","11.44"
"2708941","208","215"
"2708942","208","200"
"2708942","203","6.69"
"2708942","204","9.9"
"2708942","205","20.88"
"2708943","205","20.94"
"2708943","203","6.48"
"2708943","208","201"
"2708943","204","9.9"
"2708944","208","203"
"2708944","203","6.86"
"2708944","205","20.94"
"2708944","204","9.99"
"2708945","204","9.96"
"2708945","208","197"
"2708945","203","7.14"
"2708945","205","19.36"
"2708946","208","213"
"2708946","204","10.75"
"2708946","203","7.82"
"2708946","205","20.94"
"2708947","205","21.78"
"2708947","203","6.89"
"2708947","204","14.43"
"2708947","208","246"
"2708948","204","10.59"
"2708948","203","7.65"
"2708948","205","20.82"
"2708948","208","211"
"2708949","203","5.94"
"2708949","208","209"
"2708949","205","31.02"
"2708949","204","7.4"
"2708950","204","2.44"
"2708950","205","8.11"
"2708950","208","76"
"2708950","203","5.5"
"2708951","203","3.84"
"2708951","208","174"
"2708951","204","3.19"
"2708951","205","32.5"
"2708952","205","32.5"
"2708952","208","174"
"2708952","203","3.84"
"2708952","204","3.19"
"2708953","203","7.28"
"2708953","208","173"
"2708953","205","27.62"
"2708953","204","3.66"
"2708954","208","179"
"2708954","205","27.62"
"2708954","204","4.16"
"2708954","203","7.56"
"2708955","204","4.06"
"2708955","208","178"
"2708955","205","27.62"
"2708955","203","7.86"
"2708956","204","2.97"
"2708956","205","27.85"
"2708956","203","6.68"
"2708956","208","166"
"2708957","204","4.05"
"2708957","208","131"
"2708957","203","4.11"
"2708957","205","19.61"
"2708958","208","181"
"2708958","204","7.94"
"2708958","205","8.86"
"2708958","203","17.69"
"2708959","204","0.67"
"2708959","208","94"
"2708959","203","2.92"
"2708959","205","18.39"
"2708960","204","1.47"
"2708960","203","1.8"
"2708960","205","17.65"
"2708960","208","93"
"2708961","208","94"
"2708961","203","2.92"
"2708961","205","18.39"
"2708961","204","0.67"
"2708962","205","15.3"
"2708962","204","2.98"
"2708962","203","5.95"
"2708962","208","116"
"2708963","204","1.28"
"2708963","205","15.3"
"2708963","208","103"
"2708963","203","6.88"
"2708964","208","100"
"2708964","204","0.55"
"2708964","205","15.67"
"2708964","203","7.01"
"2708965","208","97"
"2708965","205","15.3"
"2708965","203","7.4"
"2708965","204","0.26"
"2708966","204","1.47"
"2708966","205","17.65"
"2708966","208","93"
"2708966","203","1.8"
"2708967","205","18.58"
"2708967","203","3.85"
"2708967","208","95"
"2708967","204","0.28"
"2708968","208","126"
"2708968","204","4.16"
"2708968","205","13.39"
"2708968","203","7.6"
"2708969","205","13.39"
"2708969","203","8.92"
"2708969","208","107"
"2708969","204","1.74"
"2708970","208","103"
"2708970","203","9.1"
"2708970","204","0.7"
"2708970","205","13.91"
"2708971","204","0.29"
"2708971","203","9.66"
"2708971","205","13.39"
"2708971","208","100"
"2708972","204","5.23"
"2708972","203","7.32"
"2708972","208","119"
"2708972","205","10.25"
"2708973","205","15.7"
"2708973","203","7.59"
"2708973","204","5.64"
"2708973","208","146"
"2708974","208","151"
"2708974","205","16.47"
"2708974","204","4.04"
"2708974","203","12.07"
"2708975","203","6.34"
"2708975","208","112"
"2708975","204","4.26"
"2708975","205","12.07"
"2708976","208","224"
"2708976","205","33.43"
"2708976","204","7.8"
"2708976","203","3.96"
"2708977","208","264"
"2708977","205","29.31"
"2708977","203","8.87"
"2708977","204","11.8"
"2708978","205","33.54"
"2708978","204","11.6"
"2708978","203","6.46"
"2708978","208","269"
"2708979","205","32.39"
"2708979","208","289"
"2708979","204","13.58"
"2708979","203","8.39"
"2708980","204","3.23"
"2708980","205","23.02"
"2708980","208","138"
"2708980","203","3.66"
"2708981","203","4.34"
"2708981","205","7"
"2708981","204","1.28"
"2708981","208","58"
"2708982","205","7.44"
"2708982","203","2.73"
"2708982","208","48"
"2708982","204","0.7"
"2708983","208","38"
"2708983","204","0.12"
"2708983","205","7.88"
"2708983","203","1.12"
"2708984","205","6.91"
"2708984","208","60"
"2708984","204","2.06"
"2708984","203","3.12"
"2708985","205","17.91"
"2708985","203","1.93"
"2708985","204","3.2"
"2708985","208","109"
"2708986","204","6.99"
"2708986","203","6.29"
"2708986","208","185"
"2708986","205","24.41"
"2708987","203","5.72"
"2708987","205","23.17"
"2708987","208","179"
"2708987","204","7.07"
"2708988","204","7.09"
"2708988","208","182"
"2708988","205","23.66"
"2708988","203","5.82"
"2708989","208","188"
"2708989","205","25.02"
"2708989","204","7.15"
"2708989","203","5.9"
"2708990","208","164"
"2708990","205","25.19"
"2708990","204","4.21"
"2708990","203","6.5"
"2708991","204","3.46"
"2708991","208","137"
"2708991","205","21.9"
"2708991","203","4.7"
"2708992","208","162"
"2708992","205","23.54"
"2708992","203","7.49"
"2708992","204","4.24"
"2708993","203","5.9"
"2708993","204","4.29"
"2708993","208","158"
"2708993","205","23.91"
"2708994","205","24.42"
"2708994","204","4.32"
"2708994","203","6.01"
"2708994","208","160"
"2708995","208","167"
"2708995","204","4.38"
"2708995","205","25.82"
"2708995","203","6.09"
"2708996","208","134"
"2708996","204","2.5"
"2708996","205","25.21"
"2708996","203","2.58"
"2708997","208","117"
"2708997","203","2.64"
"2708997","205","25.76"
"2708997","204","0.38"
"2708998","208","134"
"2708998","203","2.58"
"2708998","205","25.21"
"2708998","204","2.5"
"2708999","205","24.03"
"2708999","204","2.42"
"2708999","208","133"
"2708999","203","3.22"
"2709000","203","3.29"
"2709000","208","116"
"2709000","204","0.28"
"2709000","205","24.56"
"2709001","204","2.42"
"2709001","203","3.22"
"2709001","208","133"
"2709001","205","24.03"
"2709002","203","2.16"
"2709002","208","123"
"2709002","205","22.64"
"2709002","204","2.42"
"2709003","203","2.2"
"2709003","204","0.25"
"2709003","205","23.14"
"2709003","208","106"
"2709004","205","22.64"
"2709004","204","2.42"
"2709004","208","123"
"2709004","203","2.16"
"2709005","205","23.25"
"2709005","204","2.45"
"2709005","208","128"
"2709005","203","2.69"
"2709006","204","0.3"
"2709006","208","111"
"2709006","203","2.75"
"2709006","205","23.76"
"2709007","205","23.25"
"2709007","208","128"
"2709007","204","2.45"
"2709007","203","2.69"
"2709008","203","2"
"2709008","208","107"
"2709008","204","2.18"
"2709008","205","19.41"
"2709009","203","2.04"
"2709009","204","0.27"
"2709009","208","91"
"2709009","205","19.79"
"2709010","204","2.18"
"2709010","205","19.41"
"2709010","203","2"
"2709010","208","107"
"2709011","208","125"
"2709011","204","2.45"
"2709011","203","2.62"
"2709011","205","22.21"
"2709012","203","2.67"
"2709012","208","107"
"2709012","205","22.7"
"2709012","204","0.3"
"2709013","205","22.21"
"2709013","208","125"
"2709013","204","2.45"
"2709013","203","2.62"
"2709014","204","2.29"
"2709014","203","2.07"
"2709014","208","114"
"2709014","205","20.91"
"2709015","204","0.26"
"2709015","208","98"
"2709015","203","2.12"
"2709015","205","21.34"
"2709016","204","2.29"
"2709016","205","20.91"
"2709016","208","114"
"2709016","203","2.07"
"2709017","205","20.78"
"2709017","204","2.32"
"2709017","203","2.29"
"2709017","208","115"
"2709018","204","0.28"
"2709018","208","99"
"2709018","203","2.34"
"2709018","205","21.21"
"2709019","205","20.78"
"2709019","204","2.32"
"2709019","208","115"
"2709019","203","2.29"
"2709020","208","124"
"2709020","204","2.44"
"2709020","203","2.38"
"2709020","205","22.49"
"2709021","205","22.99"
"2709021","204","0.28"
"2709021","208","107"
"2709021","203","2.44"
"2709022","205","22.49"
"2709022","203","2.38"
"2709022","204","2.44"
"2709022","208","124"
"2709023","205","20.84"
"2709023","203","2.26"
"2709023","204","2.28"
"2709023","208","115"
"2709024","205","21.81"
"2709024","208","101"
"2709024","204","0.27"
"2709024","203","2.3"
"2709025","203","2.25"
"2709025","204","2.35"
"2709025","208","118"
"2709025","205","21.35"
"2709026","204","2.41"
"2709026","208","124"
"2709026","205","22.68"
"2709026","203","2.3"
"2709027","203","2.36"
"2709027","205","23.16"
"2709027","208","107"
"2709027","204","0.26"
"2709028","204","2.41"
"2709028","205","22.68"
"2709028","208","124"
"2709028","203","2.3"
"2709029","204","4.83"
"2709029","203","5.5"
"2709029","208","150"
"2709029","205","21.43"
"2709030","204","4.83"
"2709030","205","21.43"
"2709030","203","5.5"
"2709030","208","150"
"2709031","208","115"
"2709031","205","22.44"
"2709031","204","0.33"
"2709031","203","5.76"
"2709032","203","3.57"
"2709032","205","26.55"
"2709032","204","17.23"
"2709032","208","267"
"2709033","203","6.4"
"2709033","204","4.54"
"2709033","205","24.29"
"2709033","208","162"
"2709034","204","4.63"
"2709034","203","5.81"
"2709034","208","155"
"2709034","205","23.02"
"2709035","208","158"
"2709035","204","4.65"
"2709035","205","23.52"
"2709035","203","5.91"
"2709036","208","164"
"2709036","203","6"
"2709036","204","4.71"
"2709036","205","24.92"
"2709037","203","2.64"
"2709037","205","23.66"
"2709037","208","128"
"2709037","204","2.71"
"2709038","204","0.9"
"2709038","208","113"
"2709038","205","24.1"
"2709038","203","2.69"
"2709039","205","23.66"
"2709039","208","128"
"2709039","203","2.64"
"2709039","204","2.71"
"2709040","205","22.64"
"2709040","204","2.64"
"2709040","208","127"
"2709040","203","3.18"
"2709041","205","23.07"
"2709041","208","113"
"2709041","204","0.82"
"2709041","203","3.24"
"2709042","204","2.64"
"2709042","205","22.64"
"2709042","208","127"
"2709042","203","3.18"
"2709043","205","21.43"
"2709043","204","2.63"
"2709043","203","2.27"
"2709043","208","119"
"2709044","205","21.84"
"2709044","203","2.31"
"2709044","208","104"
"2709044","204","0.8"
"2709045","208","119"
"2709045","204","2.63"
"2709045","203","2.27"
"2709045","205","21.43"
"2709046","204","2.66"
"2709046","208","123"
"2709046","203","2.73"
"2709046","205","21.97"
"2709047","208","109"
"2709047","203","2.78"
"2709047","205","22.39"
"2709047","204","0.84"
"2709048","205","21.97"
"2709048","204","2.66"
"2709048","208","123"
"2709048","203","2.73"
"2709049","203","2.13"
"2709049","208","105"
"2709049","205","18.77"
"2709049","204","2.41"
"2709050","203","2.16"
"2709050","204","0.76"
"2709050","205","19.08"
"2709050","208","92"
"2709051","205","18.77"
"2709051","203","2.13"
"2709051","208","105"
"2709051","204","2.41"
"2709052","208","120"
"2709052","205","21.09"
"2709052","204","2.67"
"2709052","203","2.67"
"2709053","208","105"
"2709053","204","0.84"
"2709053","205","21.48"
"2709053","203","2.72"
"2709054","208","120"
"2709054","203","2.67"
"2709054","205","21.09"
"2709054","204","2.67"
"2709055","205","20.02"
"2709055","204","2.51"
"2709055","208","111"
"2709055","203","2.2"
"2709056","205","20.38"
"2709056","203","2.24"
"2709056","208","97"
"2709056","204","0.78"
"2709057","204","2.51"
"2709057","208","111"
"2709057","203","2.2"
"2709057","205","20.02"
"2709058","203","2.38"
"2709058","208","112"
"2709058","204","2.54"
"2709058","205","19.91"
"2709059","204","0.8"
"2709059","205","20.26"
"2709059","208","98"
"2709059","203","2.42"
"2709060","208","110"
"2709060","203","2.39"
"2709060","204","2.46"
"2709060","205","19.42"
"2709061","204","2.66"
"2709061","203","2.47"
"2709061","208","120"
"2709061","205","21.32"
"2709062","208","105"
"2709062","204","0.82"
"2709062","205","21.72"
"2709062","203","2.51"
"2709063","208","120"
"2709063","205","21.32"
"2709063","203","2.47"
"2709063","204","2.66"
"2709064","208","168"
"2709064","204","11.95"
"2709064","205","13.88"
"2709064","203","2.28"
"2709065","203","2.35"
"2709065","204","2.57"
"2709065","208","114"
"2709065","205","20.39"
"2709066","205","20.76"
"2709066","208","100"
"2709066","204","0.8"
"2709066","203","2.39"
"2709067","205","20.39"
"2709067","204","2.57"
"2709067","203","2.35"
"2709067","208","114"
"2709068","203","2.4"
"2709068","208","119"
"2709068","205","21.47"
"2709068","204","2.64"
"2709069","208","105"
"2709069","204","0.81"
"2709069","205","21.88"
"2709069","203","2.45"
"2709070","208","119"
"2709070","204","2.64"
"2709070","205","21.47"
"2709070","203","2.4"
"2709071","204","6.58"
"2709071","203","3.35"
"2709071","208","154"
"2709071","205","20.08"
"2709072","204","15.87"
"2709072","205","4.23"
"2709072","203","9.2"
"2709072","208","198"
"2709073","203","7.83"
"2709073","205","9.93"
"2709073","204","11.66"
"2709073","208","178"
"2709074","208","166"
"2709074","205","12.02"
"2709074","204","11.28"
"2709074","203","3.75"
"2709075","204","4.54"
"2709075","205","9.86"
"2709075","208","99"
"2709075","203","4.75"
"2709076","208","77"
"2709076","203","1.59"
"2709076","204","2.15"
"2709076","205","13.05"
"2709077","205","24.08"
"2709077","203","3.29"
"2709077","208","137"
"2709077","204","3.03"
"2709078","208","112"
"2709078","205","17.25"
"2709078","204","2.25"
"2709078","203","5.12"
"2709079","208","127"
"2709079","204","4.26"
"2709079","203","1.87"
"2709079","205","19.83"
"2709080","205","25.22"
"2709080","204","1.2"
"2709080","208","124"
"2709080","203","2.99"
"2709081","203","2.72"
"2709081","204","2.15"
"2709081","208","106"
"2709081","205","19.34"
"2709082","205","19.11"
"2709082","203","2.68"
"2709082","204","3.49"
"2709082","208","118"
"2709083","204","3.43"
"2709083","205","17.29"
"2709083","208","111"
"2709083","203","2.59"
"2709084","204","5.29"
"2709084","203","3.28"
"2709084","205","31.16"
"2709084","208","185"
"2709085","205","19.65"
"2709085","208","115"
"2709085","203","2.87"
"2709085","204","2.6"
"2709086","205","19.91"
"2709086","203","2.91"
"2709086","208","101"
"2709086","204","1.01"
"2709087","203","2.87"
"2709087","208","115"
"2709087","205","19.64"
"2709087","204","2.6"
"2709088","208","163"
"2709088","204","6.91"
"2709088","205","14.79"
"2709088","203","9.68"
"2709089","205","17.61"
"2709089","203","1.98"
"2709089","204","3.29"
"2709089","208","110"
"2709090","208","162"
"2709090","203","2.65"
"2709090","204","2.58"
"2709090","205","32.13"
"2709091","205","20.8"
"2709091","208","154"
"2709091","203","1.39"
"2709091","204","7.29"
"2709092","203","5.16"
"2709092","205","20.01"
"2709092","208","166"
"2709092","204","7.03"
"2709093","203","5.26"
"2709093","205","20.4"
"2709093","204","5.22"
"2709093","208","152"
"2709094","208","166"
"2709094","203","5.16"
"2709094","204","7.03"
"2709094","205","20.01"
"2709095","204","2.96"
"2709095","208","117"
"2709095","203","1.98"
"2709095","205","20.01"
"2709096","204","1.06"
"2709096","208","102"
"2709096","205","20.4"
"2709096","203","2.02"
"2709097","208","117"
"2709097","203","1.98"
"2709097","205","20.01"
"2709097","204","2.96"
"2709098","205","21.5"
"2709098","204","2.19"
"2709098","203","2.01"
"2709098","208","117"
"2709099","208","101"
"2709099","204","0.28"
"2709099","205","21.92"
"2709099","203","2.05"
"2709100","203","2.01"
"2709100","205","21.5"
"2709100","204","2.19"
"2709100","208","117"
"2709101","203","4.87"
"2709101","204","6.62"
"2709101","205","19.29"
"2709101","208","157"
"2709102","204","5.04"
"2709102","203","4.95"
"2709102","205","19.61"
"2709102","208","144"
"2709103","203","4.87"
"2709103","204","6.62"
"2709103","208","157"
"2709103","205","19.29"
"2709104","203","2.11"
"2709104","208","114"
"2709104","204","3.08"
"2709104","205","19.28"
"2709105","203","2.14"
"2709105","208","101"
"2709105","204","1.44"
"2709105","205","19.61"
"2709106","204","3.08"
"2709106","203","2.11"
"2709106","205","19.28"
"2709106","208","114"
"2709107","204","2.42"
"2709107","208","114"
"2709107","205","20.58"
"2709107","203","2.14"
"2709108","205","20.92"
"2709108","203","2.17"
"2709108","208","100"
"2709108","204","0.77"
"2709109","204","2.42"
"2709109","203","2.14"
"2709109","205","20.58"
"2709109","208","114"
"2709110","205","18.63"
"2709110","204","5.66"
"2709110","203","4.7"
"2709110","208","146"
"2709111","204","4.2"
"2709111","203","4.77"
"2709111","208","134"
"2709111","205","18.92"
"2709112","204","5.66"
"2709112","205","18.63"
"2709112","208","146"
"2709112","203","4.7"
"2709113","205","18.63"
"2709113","204","2.4"
"2709113","208","107"
"2709113","203","2.15"
"2709114","208","95"
"2709114","205","18.92"
"2709114","204","0.88"
"2709114","203","2.19"
"2709115","205","18.63"
"2709115","208","107"
"2709115","204","2.4"
"2709115","203","2.15"
"2709116","208","106"
"2709116","204","1.79"
"2709116","205","19.82"
"2709116","203","2.18"
"2709117","208","94"
"2709117","204","0.26"
"2709117","203","2.22"
"2709117","205","20.13"
"2709118","204","1.79"
"2709118","203","2.18"
"2709118","205","19.82"
"2709118","208","106"
"2709119","204","5.47"
"2709119","208","140"
"2709119","205","18.19"
"2709119","203","4.51"
"2709120","204","4.17"
"2709120","205","18.44"
"2709120","208","130"
"2709120","203","4.57"
"2709121","208","140"
"2709121","204","5.47"
"2709121","205","18.19"
"2709121","203","4.51"
"2709122","204","2.56"
"2709122","205","18.18"
"2709122","208","105"
"2709122","203","2.24"
"2709123","204","1.21"
"2709123","205","18.43"
"2709123","203","2.27"
"2709123","208","94"
"2709124","203","2.24"
"2709124","204","2.56"
"2709124","208","105"
"2709124","205","18.18"
"2709125","205","19.24"
"2709125","204","2.02"
"2709125","203","2.27"
"2709125","208","105"
"2709126","204","0.66"
"2709126","205","19.51"
"2709126","208","94"
"2709126","203","2.3"
"2709127","205","19.24"
"2709127","208","105"
"2709127","203","2.27"
"2709127","204","2.02"
"2709128","208","87"
"2709128","205","13.81"
"2709128","203","1.98"
"2709128","204","2.64"
"2709129","204","4.27"
"2709129","203","5.46"
"2709129","205","30.8"
"2709129","208","184"
"2709130","204","9.73"
"2709130","203","12.75"
"2709130","208","266"
"2709130","205","33.25"
"2709131","208","127"
"2709131","204","9.66"
"2709131","205","9.65"
"2709131","203","1.64"
"2709132","204","2.11"
"2709132","203","3.94"
"2709132","205","21.53"
"2709132","208","120"
"2709133","208","147"
"2709133","204","5.11"
"2709133","203","5.82"
"2709133","205","19.65"
"2709134","208","119"
"2709134","205","20.14"
"2709134","203","4.67"
"2709134","204","2.25"
"2709135","208","146"
"2709135","204","5.24"
"2709135","203","6.46"
"2709135","205","18.42"
"2709136","205","19.71"
"2709136","204","6.55"
"2709136","208","160"
"2709136","203","5.42"
"2709137","208","267"
"2709137","205","57.5"
"2709137","203","5.72"
"2709137","204","2.16"
"2709138","204","2.16"
"2709138","205","57.5"
"2709138","203","5.72"
"2709138","208","267"
"2709139","208","265"
"2709139","204","2.39"
"2709139","205","55.23"
"2709139","203","6.9"
"2709140","205","10.82"
"2709140","203","3.63"
"2709140","208","70"
"2709140","204","1.55"
"2709141","204","3.39"
"2709141","203","5.58"
"2709141","205","15.06"
"2709141","208","113"
"2709142","208","113"
"2709142","203","5.58"
"2709142","204","3.39"
"2709142","205","15.06"
"2709143","208","272"
"2709143","204","13.85"
"2709143","203","9"
"2709143","205","27.92"
"2709144","203","3.51"
"2709144","204","1.3"
"2709144","205","6.09"
"2709144","208","49"
"2709145","208","90"
"2709145","205","10.08"
"2709145","204","2.99"
"2709145","203","5.48"
"2709146","208","51"
"2709146","205","6.78"
"2709146","204","1.15"
"2709146","203","3.54"
"2709147","204","2.07"
"2709147","205","6.66"
"2709147","203","3.34"
"2709147","208","58"
"2709148","208","42"
"2709148","205","6.02"
"2709148","204","0.98"
"2709148","203","2.38"
"2709149","208","53"
"2709149","204","1.4"
"2709149","203","3.84"
"2709149","205","6.21"
"2709150","204","0.72"
"2709150","203","2.02"
"2709150","208","34"
"2709150","205","4.87"
"2709151","208","73"
"2709151","204","1.96"
"2709151","205","10.68"
"2709151","203","3.09"
"2709152","205","9.04"
"2709152","204","2.64"
"2709152","203","1.53"
"2709152","208","66"
"2709153","205","13.95"
"2709153","204","4.57"
"2709153","208","127"
"2709153","203","7.13"
"2709154","203","6.81"
"2709154","205","15.4"
"2709154","204","5.19"
"2709154","208","137"
"2709155","205","15.4"
"2709155","208","126"
"2709155","204","3.86"
"2709155","203","7.04"
"2709156","208","112"
"2709156","204","2.87"
"2709156","203","5.78"
"2709156","205","15.4"
"2709157","205","15.57"
"2709157","203","4.01"
"2709157","204","3.33"
"2709157","208","108"
"2709158","208","127"
"2709158","205","13.95"
"2709158","203","7.13"
"2709158","204","4.57"
"2709159","204","3.99"
"2709159","205","14.11"
"2709159","208","112"
"2709159","203","4.85"
"2709160","205","2.95"
"2709160","208","33"
"2709160","204","1.31"
"2709160","203","2.39"
"2709161","203","2.54"
"2709161","205","13.73"
"2709161","208","95"
"2709161","204","3.29"
"2709162","208","102"
"2709162","203","4.22"
"2709162","205","12.56"
"2709162","204","4.17"
"2709163","205","61.25"
"2709163","208","359"
"2709163","204","7.23"
"2709163","203","12.8"
"2709164","204","0.31"
"2709164","208","53"
"2709164","203","0.81"
"2709164","205","13.34"
"2709165","208","42"
"2709165","203","0.77"
"2709165","205","10.66"
"2709165","204","0.14"
"2709166","203","0.58"
"2709166","208","36"
"2709166","204","0.1"
"2709166","205","9.15"
"2709167","208","71"
"2709167","205","15.9"
"2709167","204","0.86"
"2709167","203","1.88"
"2709168","204","0.3"
"2709168","203","1.1"
"2709168","208","29"
"2709168","205","9.32"
"2709169","205","68.92"
"2709169","203","4.71"
"2709169","204","6.93"
"2709169","208","354"
"2709170","208","30"
"2709170","205","10.54"
"2709170","204","0.2"
"2709170","203","0.7"
"2709171","203","0.92"
"2709171","205","11.78"
"2709171","208","50"
"2709171","204","0.14"
"2709172","208","46"
"2709172","203","0.6"
"2709172","204","0.04"
"2709172","205","11.82"
"2709173","208","37"
"2709173","204","0.03"
"2709173","203","0.62"
"2709173","205","9.57"
"2709174","204","0.04"
"2709174","208","55"
"2709174","203","0.59"
"2709174","205","14.07"
"2709175","203","0.81"
"2709175","204","0.31"
"2709175","208","53"
"2709175","205","13.34"
"2709176","204","0.1"
"2709176","205","9.2"
"2709176","203","0.5"
"2709176","208","39"
"2709177","205","8.35"
"2709177","208","40"
"2709177","204","0.48"
"2709177","203","0.56"
"2709178","205","8.35"
"2709178","203","0.56"
"2709178","204","0.48"
"2709178","208","40"
"2709179","208","39"
"2709179","204","0.68"
"2709179","205","7.74"
"2709179","203","0.51"
"2709180","205","6.9"
"2709180","204","0.24"
"2709180","208","22"
"2709180","203","0.35"
"2709181","205","6.9"
"2709181","208","22"
"2709181","203","0.35"
"2709181","204","0.24"
"2709182","208","17"
"2709182","203","0.45"
"2709182","204","0.07"
"2709182","205","5.62"
"2709183","203","0.42"
"2709183","204","0.07"
"2709183","205","8.42"
"2709183","208","25"
"2709184","205","8.42"
"2709184","204","0.07"
"2709184","208","25"
"2709184","203","0.42"
"2709185","203","0.25"
"2709185","204","0.23"
"2709185","205","6.69"
"2709185","208","21"
"2709186","204","0.34"
"2709186","208","47"
"2709186","205","10.17"
"2709186","203","0.77"
"2709187","203","0.81"
"2709187","205","10.01"
"2709187","204","0.36"
"2709187","208","47"
"2709188","205","10.18"
"2709188","204","0.34"
"2709188","208","47"
"2709188","203","0.77"
"2709189","203","0.77"
"2709189","205","10.17"
"2709189","204","0.34"
"2709189","208","47"
"2709190","203","0.68"
"2709190","208","42"
"2709190","205","10.04"
"2709190","204","0.07"
"2709191","203","2.4"
"2709191","204","0.25"
"2709191","208","148"
"2709191","205","35.19"
"2709192","203","0.68"
"2709192","205","9.67"
"2709192","204","0.07"
"2709192","208","42"
"2709193","205","10.1"
"2709193","208","43"
"2709193","204","0.2"
"2709193","203","0.5"
"2709194","208","47"
"2709194","205","10.18"
"2709194","203","0.77"
"2709194","204","0.34"
"2709195","208","298"
"2709195","205","78.62"
"2709195","204","0.62"
"2709195","203","2.28"
"2709196","208","243"
"2709196","205","65.89"
"2709196","204","0.32"
"2709196","203","0.93"
"2709197","205","62.64"
"2709197","204","0.51"
"2709197","203","3.39"
"2709197","208","241"
"2709198","203","2.5"
"2709198","204","2.5"
"2709198","205","80"
"2709198","208","317"
"2709199","203","1.25"
"2709199","208","333"
"2709199","205","80.45"
"2709199","204","0.73"
"2709200","205","58.4"
"2709200","203","2.3"
"2709200","208","519"
"2709200","204","33.6"
"2709201","204","0.22"
"2709201","203","3.43"
"2709201","205","76.98"
"2709201","208","290"
"2709202","208","308"
"2709202","204","1.09"
"2709202","203","0.17"
"2709202","205","82.8"
"2709203","204","0.39"
"2709203","205","75.03"
"2709203","203","2.45"
"2709203","208","282"
"2709204","208","277"
"2709204","204","0.92"
"2709204","203","3.3"
"2709204","205","63.9"
"2709205","204","1.18"
"2709205","203","2.45"
"2709205","208","319"
"2709205","205","78.58"
"2709206","204","0.84"
"2709206","205","75.43"
"2709206","208","302"
"2709206","203","1.25"
"2709207","203","3.61"
"2709207","208","239"
"2709207","205","61.33"
"2709207","204","0.76"
"2709208","205","69.7"
"2709208","203","1.87"
"2709208","204","0.63"
"2709208","208","262"
"2709209","205","96.07"
"2709209","203","1.54"
"2709209","204","0.66"
"2709209","208","374"
"2709210","204","0.71"
"2709210","203","1.22"
"2709210","208","347"
"2709210","205","84.11"
"2709211","204","0.38"
"2709211","208","240"
"2709211","203","2.18"
"2709211","205","63.88"
"2709212","203","3.3"
"2709212","208","299"
"2709212","204","0.25"
"2709212","205","79.32"
"2709213","205","16.24"
"2709213","208","68"
"2709213","204","0.21"
"2709213","203","0.68"
"2709214","204","0.24"
"2709214","203","0.56"
"2709214","208","63"
"2709214","205","15.32"
"2709215","205","14.8"
"2709215","203","0.17"
"2709215","204","0.15"
"2709215","208","61"
"2709216","204","0.17"
"2709216","203","0.25"
"2709216","205","17.97"
"2709216","208","75"
"2709217","205","12.26"
"2709217","203","0.27"
"2709217","204","0.16"
"2709217","208","52"
"2709218","204","0.17"
"2709218","205","17.97"
"2709218","208","75"
"2709218","203","0.25"
"2709219","208","100"
"2709219","204","0.1"
"2709219","203","0.1"
"2709219","205","26.1"
"2709220","204","3.08"
"2709220","203","0.32"
"2709220","205","22.7"
"2709220","208","113"
"2709221","203","1.4"
"2709221","204","0.39"
"2709221","205","11.12"
"2709221","208","48"
"2709222","203","0.65"
"2709222","204","0.17"
"2709222","208","57"
"2709222","205","13.85"
"2709223","204","14.66"
"2709223","208","160"
"2709223","205","8.53"
"2709223","203","2"
"2709224","204","0.28"
"2709224","205","22.71"
"2709224","203","0.74"
"2709224","208","97"
"2709225","203","0.82"
"2709225","208","161"
"2709225","204","3.21"
"2709225","205","32.43"
"2709226","205","8.16"
"2709226","204","0.18"
"2709226","208","38"
"2709226","203","0.82"
"2709227","208","35"
"2709227","204","0.16"
"2709227","205","8.27"
"2709227","203","0.66"
"2709228","203","1.04"
"2709228","204","0.33"
"2709228","208","31"
"2709228","205","6.73"
"2709229","203","0.22"
"2709229","204","0.21"
"2709229","205","41.97"
"2709229","208","165"
"2709230","204","0.91"
"2709230","205","28.59"
"2709230","203","0.6"
"2709230","208","122"
"2709231","208","71"
"2709231","204","0.19"
"2709231","203","1.04"
"2709231","205","16.16"
"2709232","203","0.71"
"2709232","204","0.14"
"2709232","208","74"
"2709232","205","18.79"
"2709233","205","16.16"
"2709233","204","0.19"
"2709233","208","71"
"2709233","203","1.04"
"2709234","208","68"
"2709234","205","16.24"
"2709234","203","0.68"
"2709234","204","0.21"
"2709235","205","19.18"
"2709235","208","74"
"2709235","204","0.3"
"2709235","203","0.75"
"2709236","204","0.24"
"2709236","205","19.36"
"2709236","203","0.56"
"2709236","208","76"
"2709237","204","0.2"
"2709237","205","19.4"
"2709237","203","0.9"
"2709237","208","83"
"2709238","204","0.95"
"2709238","205","14.32"
"2709238","208","68"
"2709238","203","2.55"
"2709239","205","14"
"2709239","203","1.06"
"2709239","208","64"
"2709239","204","0.44"
"2709240","208","66"
"2709240","204","0.44"
"2709240","205","16.53"
"2709240","203","0.83"
"2709241","208","36"
"2709241","205","9.09"
"2709241","204","0.14"
"2709241","203","0.54"
"2709242","204","0.38"
"2709242","203","0.82"
"2709242","208","60"
"2709242","205","14.98"
"2709243","204","0.3"
"2709243","208","65"
"2709243","205","16.22"
"2709243","203","0.62"
"2709244","203","0.82"
"2709244","204","0.38"
"2709244","208","60"
"2709244","205","14.98"
"2709245","208","43"
"2709245","203","1.06"
"2709245","204","0.28"
"2709245","205","9.18"
"2709246","205","10.82"
"2709246","204","0.26"
"2709246","203","0.47"
"2709246","208","43"
"2709247","204","0.21"
"2709247","203","0.35"
"2709247","205","13.1"
"2709247","208","52"
"2709248","208","97"
"2709248","204","0.7"
"2709248","205","23.38"
"2709248","203","2.2"
"2709249","208","46"
"2709249","203","0.91"
"2709249","204","0.27"
"2709249","205","10.1"
"2709250","208","48"
"2709250","203","0.43"
"2709250","205","11.94"
"2709250","204","0.09"
"2709251","204","0.08"
"2709251","205","13.59"
"2709251","208","54"
"2709251","203","0.4"
"2709252","204","0.1"
"2709252","208","41"
"2709252","203","0.45"
"2709252","205","10.3"
"2709253","208","46"
"2709253","203","0.91"
"2709253","204","0.27"
"2709253","205","10.1"
"2709254","205","15.18"
"2709254","208","59"
"2709254","204","0.15"
"2709254","203","0.37"
"2709255","203","0.5"
"2709255","205","10.65"
"2709255","204","0.23"
"2709255","208","42"
"2709256","204","0.06"
"2709256","203","0.2"
"2709256","208","52"
"2709256","205","13.47"
"2709257","204","0.05"
"2709257","205","15.15"
"2709257","203","0.18"
"2709257","208","59"
"2709258","204","0.07"
"2709258","203","0.23"
"2709258","205","11.79"
"2709258","208","45"
"2709259","203","0.58"
"2709259","205","18.59"
"2709259","204","0.19"
"2709259","208","70"
"2709260","203","0.46"
"2709260","208","60"
"2709260","204","0.21"
"2709260","205","14.09"
"2709261","205","13.91"
"2709261","204","0.12"
"2709261","208","55"
"2709261","203","0.42"
"2709262","205","15.6"
"2709262","208","62"
"2709262","203","0.4"
"2709262","204","0.11"
"2709263","204","0.12"
"2709263","208","48"
"2709263","205","12.22"
"2709263","203","0.44"
"2709264","205","14.09"
"2709264","204","0.21"
"2709264","203","0.46"
"2709264","208","60"
"2709265","203","0.7"
"2709265","204","0.28"
"2709265","205","11.42"
"2709265","208","46"
"2709266","205","13.54"
"2709266","208","55"
"2709266","203","0.52"
"2709266","204","0.23"
"2709267","205","18.7"
"2709267","203","1.67"
"2709267","204","1.17"
"2709267","208","83"
"2709268","205","17.45"
"2709268","204","0.22"
"2709268","203","0.81"
"2709268","208","73"
"2709269","204","0.6"
"2709269","205","62.5"
"2709269","208","239"
"2709269","203","2.8"
"2709270","203","0.61"
"2709270","204","0.15"
"2709270","205","7.55"
"2709270","208","30"
"2709271","204","0.25"
"2709271","208","44"
"2709271","203","0.66"
"2709271","205","9.94"
"2709272","205","12.47"
"2709272","208","52"
"2709272","204","0.34"
"2709272","203","0.76"
"2709273","204","0.49"
"2709273","205","9.61"
"2709273","203","1.39"
"2709273","208","43"
"2709274","203","1.18"
"2709274","205","15.67"
"2709274","208","64"
"2709274","204","0.43"
"2709275","203","0.7"
"2709275","208","64"
"2709275","205","14.57"
"2709275","204","0.31"
"2709276","203","1.04"
"2709276","205","22.66"
"2709276","204","0.4"
"2709276","208","88"
"2709277","208","51"
"2709277","204","0.64"
"2709277","205","12.17"
"2709277","203","0.42"
"2709278","203","0.41"
"2709278","205","44.38"
"2709278","208","181"
"2709278","204","0.2"
"2709279","204","0.13"
"2709279","208","46"
"2709279","205","11.97"
"2709279","203","0.46"
"2709280","204","0.15"
"2709280","208","159"
"2709280","205","40.4"
"2709280","203","0.9"
"2709281","203","1.01"
"2709281","204","0.19"
"2709281","205","12.9"
"2709281","208","57"
"2709282","205","12.9"
"2709282","204","0.19"
"2709282","203","1.01"
"2709282","208","57"
"2709283","205","7.96"
"2709283","208","36"
"2709283","203","0.64"
"2709283","204","0.22"
"2709284","204","0.26"
"2709284","205","23.53"
"2709284","203","0.56"
"2709284","208","92"
"2709285","203","0.43"
"2709285","205","9.13"
"2709285","208","35"
"2709285","204","0.11"
"2709286","203","0.81"
"2709286","208","75"
"2709286","204","0.98"
"2709286","205","16.45"
"2709287","205","13.94"
"2709287","203","0.64"
"2709287","204","0.21"
"2709287","208","59"
"2709288","203","0.71"
"2709288","205","13.48"
"2709288","204","0.19"
"2709288","208","56"
"2709289","208","55"
"2709289","204","0.08"
"2709289","203","0.41"
"2709289","205","14.1"
"2709290","205","15.8"
"2709290","203","0.39"
"2709290","208","62"
"2709290","204","0.07"
"2709291","205","12.41"
"2709291","208","48"
"2709291","203","0.43"
"2709291","204","0.09"
"2709292","203","0.69"
"2709292","205","11.29"
"2709292","208","48"
"2709292","204","0.23"
"2709293","208","180"
"2709293","204","14.24"
"2709293","205","12.2"
"2709293","203","1.45"
"2709294","205","29.61"
"2709294","203","1.34"
"2709294","208","134"
"2709294","204","2.15"
"2709295","203","1.41"
"2709295","208","133"
"2709295","205","20.12"
"2709295","204","6.69"
"2709296","208","247"
"2709296","204","20.68"
"2709296","203","1.78"
"2709296","205","13.57"
"2709297","203","1.99"
"2709297","208","164"
"2709297","204","10.62"
"2709297","205","15.25"
"2709298","203","1.93"
"2709298","208","153"
"2709298","205","17.28"
"2709298","204","8.67"
"2709299","203","1.78"
"2709299","208","251"
"2709299","204","19.48"
"2709299","205","17.54"
"2709300","205","17.49"
"2709300","208","133"
"2709300","204","6.34"
"2709300","203","1.95"
"2709301","204","6.48"
"2709301","208","137"
"2709301","205","18.11"
"2709301","203","1.86"
"2709302","204","20.26"
"2709302","208","240"
"2709302","203","1.87"
"2709302","205","13.02"
"2709303","203","2.08"
"2709303","205","14.61"
"2709303","204","10.37"
"2709303","208","158"
"2709304","203","2.03"
"2709304","208","148"
"2709304","205","16.57"
"2709304","204","8.45"
"2709305","203","1.87"
"2709305","205","16.95"
"2709305","208","244"
"2709305","204","19.1"
"2709306","208","328"
"2709306","203","8.82"
"2709306","205","39.83"
"2709306","204","15.02"
"2709307","205","8.45"
"2709307","208","155"
"2709307","204","14.18"
"2709307","203","1.95"
"2709308","204","13.09"
"2709308","203","1.87"
"2709308","205","8.09"
"2709308","208","145"
"2709309","203","0.33"
"2709309","204","0.06"
"2709309","205","60.6"
"2709309","208","246"
"2709310","208","105"
"2709310","204","5.79"
"2709310","203","0.5"
"2709310","205","12.79"
"2709311","204","0.12"
"2709311","208","30"
"2709311","203","0.54"
"2709311","205","7.04"
"2709312","208","106"
"2709312","205","25.4"
"2709312","203","0.81"
"2709312","204","0.06"
"2709313","204","0.01"
"2709313","208","30"
"2709313","205","7.35"
"2709313","203","0.12"
"2709314","203","0.79"
"2709314","205","27.12"
"2709314","208","110"
"2709314","204","0.05"
"2709315","205","12.1"
"2709315","204","0.26"
"2709315","203","0.29"
"2709315","208","51"
"2709316","208","50"
"2709316","205","12.46"
"2709316","203","0.16"
"2709316","204","0.12"
"2709317","205","11.16"
"2709317","203","0.12"
"2709317","208","46"
"2709317","204","0.18"
"2709318","204","0.12"
"2709318","205","10.91"
"2709318","208","45"
"2709318","203","0.27"
"2709319","205","11.3"
"2709319","208","46"
"2709319","203","0.1"
"2709319","204","0.13"
"2709320","203","0.09"
"2709320","208","48"
"2709320","204","0.25"
"2709320","205","11.34"
"2709321","208","48"
"2709321","204","0.17"
"2709321","203","0.12"
"2709321","205","11.49"
"2709322","204","0.6"
"2709322","205","7.8"
"2709322","208","38"
"2709322","203","0.3"
"2709323","204","0.2"
"2709323","208","42"
"2709323","203","0.46"
"2709323","205","9.47"
"2709324","205","7.26"
"2709324","203","0"
"2709324","204","0.34"
"2709324","208","32"
"2709325","205","15.73"
"2709325","208","66"
"2709325","204","0.28"
"2709325","203","0.18"
"2709326","203","0.37"
"2709326","205","14.77"
"2709326","208","62"
"2709326","204","0.13"
"2709327","208","57"
"2709327","203","0.17"
"2709327","205","14.51"
"2709327","204","0.15"
"2709328","208","51"
"2709328","204","0.05"
"2709328","203","0.39"
"2709328","205","13.6"
"2709329","203","0.36"
"2709329","205","12.87"
"2709329","208","53"
"2709329","204","0.12"
"2709330","203","0.15"
"2709330","205","13.13"
"2709330","208","54"
"2709330","204","0.29"
"2709331","205","17.45"
"2709331","203","0.61"
"2709331","204","0.03"
"2709331","208","71"
"2709332","208","23"
"2709332","205","5.17"
"2709332","203","0.42"
"2709332","204","0.14"
"2709333","208","30"
"2709333","204","0.15"
"2709333","205","7.55"
"2709333","203","0.61"
"2709334","208","54"
"2709334","204","0.35"
"2709334","203","0.61"
"2709334","205","12.67"
"2709335","204","0.44"
"2709335","205","12.2"
"2709335","208","76"
"2709335","203","6.23"
"2709336","205","11.56"
"2709336","204","1.06"
"2709336","203","1.45"
"2709336","208","60"
"2709337","205","11.88"
"2709337","208","51"
"2709337","204","0.24"
"2709337","203","0.6"
"2709338","204","0.61"
"2709338","203","2.61"
"2709338","208","53"
"2709338","205","9.71"
"2709339","204","0.27"
"2709339","205","11.66"
"2709339","208","50"
"2709339","203","0.48"
"2709340","208","51"
"2709340","204","0.06"
"2709340","205","13.12"
"2709340","203","0.11"
"2709341","205","13.63"
"2709341","203","0.17"
"2709341","208","56"
"2709341","204","0.45"
"2709342","204","0.13"
"2709342","208","74"
"2709342","203","0.26"
"2709342","205","18.01"
"2709343","208","65"
"2709343","204","0.11"
"2709343","205","15.64"
"2709343","203","0.33"
"2709344","204","0.07"
"2709344","208","48"
"2709344","205","13.3"
"2709344","203","0.3"
"2709345","205","13.12"
"2709345","204","0.06"
"2709345","208","51"
"2709345","203","0.11"
"2709346","208","49"
"2709346","203","0.1"
"2709346","204","0.57"
"2709346","205","11.61"
"2709347","208","57"
"2709347","204","0.15"
"2709347","203","0.17"
"2709347","205","14.51"
"2709348","205","17.39"
"2709348","204","0.06"
"2709348","203","0.16"
"2709348","208","69"
"2709349","208","60"
"2709349","203","0.11"
"2709349","204","0.01"
"2709349","205","15.76"
"2709350","205","14.93"
"2709350","204","0.17"
"2709350","208","59"
"2709350","203","0.11"
"2709351","205","0.93"
"2709351","204","0"
"2709351","208","21"
"2709351","203","0"
"2709352","208","68"
"2709352","205","16.44"
"2709352","203","0.68"
"2709352","204","0.21"
"2709353","204","0.21"
"2709353","205","16.44"
"2709353","203","0.68"
"2709353","208","68"
"2709354","204","0.21"
"2709354","203","0.68"
"2709354","205","16.44"
"2709354","208","68"
"2709355","208","78"
"2709355","205","17.96"
"2709355","203","1.07"
"2709355","204","0.41"
"2709356","208","76"
"2709356","203","1.87"
"2709356","204","1.83"
"2709356","205","13.36"
"2709357","208","59"
"2709357","203","0.98"
"2709357","204","0.23"
"2709357","205","13.69"
"2709358","203","0.98"
"2709358","208","59"
"2709358","205","13.69"
"2709358","204","0.23"
"2709359","203","1.48"
"2709359","204","0.48"
"2709359","205","15.31"
"2709359","208","69"
"2709360","204","1.84"
"2709360","205","11.29"
"2709360","208","69"
"2709360","203","2.1"
"2709361","203","2.63"
"2709361","208","75"
"2709361","205","14.14"
"2709361","204","1.06"
"2709362","203","2.26"
"2709362","204","0.99"
"2709362","205","16.44"
"2709362","208","82"
"2709363","205","10.8"
"2709363","204","0.2"
"2709363","203","0.2"
"2709363","208","41"
"2709364","204","0"
"2709364","203","0"
"2709364","208","37"
"2709364","205","10.3"
"2709365","205","21.34"
"2709365","208","91"
"2709365","204","0.2"
"2709365","203","1"
"2709366","203","1"
"2709366","208","91"
"2709366","204","0.2"
"2709366","205","21.34"
"2709367","203","0.94"
"2709367","204","0.33"
"2709367","205","14.48"
"2709367","208","65"
"2709368","204","0.33"
"2709368","208","65"
"2709368","205","14.48"
"2709368","203","0.94"
"2709369","203","0.3"
"2709369","208","42"
"2709369","205","10.8"
"2709369","204","0.2"
"2709370","208","44"
"2709370","204","0.1"
"2709370","205","11.6"
"2709370","203","0.3"
"2709371","208","100"
"2709371","203","1"
"2709371","205","23.52"
"2709371","204","0.2"
"2709372","203","0.82"
"2709372","205","14.98"
"2709372","208","60"
"2709372","204","0.38"
"2709373","203","0"
"2709373","204","0.1"
"2709373","205","11.7"
"2709373","208","47"
"2709374","204","0.1"
"2709374","203","0"
"2709374","208","47"
"2709374","205","11.7"
"2709375","205","15.38"
"2709375","204","0"
"2709375","208","62"
"2709375","203","0"
"2709376","204","0.1"
"2709376","203","0"
"2709376","208","47"
"2709376","205","11.7"
"2709377","204","0"
"2709377","205","11.86"
"2709377","203","0"
"2709377","208","43"
"2709378","203","0.3"
"2709378","204","0.1"
"2709378","208","47"
"2709378","205","11.4"
"2709379","204","1.48"
"2709379","205","12.7"
"2709379","208","69"
"2709379","203","1.56"
"2709380","205","17.58"
"2709380","203","1.76"
"2709380","208","86"
"2709380","204","0.98"
"2709381","203","14.29"
"2709381","204","4"
"2709381","208","380"
"2709381","205","71.82"
"2709382","205","20.45"
"2709382","204","4.25"
"2709382","208","126"
"2709382","203","1.87"
"2709383","203","1.95"
"2709383","204","0.1"
"2709383","208","93"
"2709383","205","21.45"
"2709384","208","93"
"2709384","205","21.45"
"2709384","203","1.95"
"2709384","204","0.1"
"2709385","205","20.45"
"2709385","204","4.25"
"2709385","208","126"
"2709385","203","1.87"
"2709386","208","126"
"2709386","204","4.25"
"2709386","203","1.87"
"2709386","205","20.45"
"2709387","208","126"
"2709387","205","20.45"
"2709387","204","4.25"
"2709387","203","1.87"
"2709388","205","21.46"
"2709388","208","93"
"2709388","203","1.95"
"2709388","204","0.1"
"2709389","208","126"
"2709389","205","20.45"
"2709389","203","1.87"
"2709389","204","4.25"
"2709390","205","20.45"
"2709390","204","4.84"
"2709390","203","1.86"
"2709390","208","131"
"2709391","204","3.99"
"2709391","208","123"
"2709391","205","20.45"
"2709391","203","1.9"
"2709392","205","20.48"
"2709392","203","1.87"
"2709392","208","116"
"2709392","204","3.18"
"2709393","203","2.39"
"2709393","204","4.28"
"2709393","208","126"
"2709393","205","20.08"
"2709394","204","4.28"
"2709394","203","2.39"
"2709394","208","126"
"2709394","205","20.08"
"2709395","203","2.49"
"2709395","205","21.07"
"2709395","208","93"
"2709395","204","0.13"
"2709396","208","131"
"2709396","203","2.37"
"2709396","205","20.07"
"2709396","204","4.87"
"2709397","203","2.41"
"2709397","205","20.07"
"2709397","204","4.02"
"2709397","208","123"
"2709398","208","116"
"2709398","203","2.38"
"2709398","205","20.1"
"2709398","204","3.21"
"2709399","203","1.34"
"2709399","208","94"
"2709399","204","4.35"
"2709399","205","12.91"
"2709400","208","94"
"2709400","205","12.91"
"2709400","203","1.34"
"2709400","204","4.35"
"2709401","208","60"
"2709401","204","0.2"
"2709401","203","1.39"
"2709401","205","13.55"
"2709402","204","4.25"
"2709402","208","126"
"2709402","205","20.45"
"2709402","203","1.87"
"2709403","203","2.39"
"2709403","204","4.28"
"2709403","208","126"
"2709403","205","20.08"
"2709404","203","2.49"
"2709404","205","21.07"
"2709404","208","93"
"2709404","204","0.13"
"2709405","203","2.39"
"2709405","208","126"
"2709405","205","20.08"
"2709405","204","4.28"
"2709406","204","4.87"
"2709406","203","2.37"
"2709406","208","131"
"2709406","205","20.07"
"2709407","205","20.07"
"2709407","208","123"
"2709407","204","4.02"
"2709407","203","2.41"
"2709408","205","20.1"
"2709408","204","3.21"
"2709408","203","2.38"
"2709408","208","116"
"2709409","203","1.87"
"2709409","208","126"
"2709409","204","4.25"
"2709409","205","20.45"
"2709410","205","20.45"
"2709410","203","1.87"
"2709410","208","126"
"2709410","204","4.25"
"2709411","204","0.1"
"2709411","205","21.46"
"2709411","203","1.95"
"2709411","208","93"
"2709412","204","4.84"
"2709412","205","20.45"
"2709412","203","1.86"
"2709412","208","131"
"2709413","203","1.9"
"2709413","204","3.99"
"2709413","208","123"
"2709413","205","20.45"
"2709414","205","20.48"
"2709414","203","1.87"
"2709414","204","3.18"
"2709414","208","116"
"2709415","208","126"
"2709415","204","4.25"
"2709415","205","20.45"
"2709415","203","1.87"
"2709416","203","2.09"
"2709416","208","115"
"2709416","205","18.75"
"2709416","204","3.71"
"2709417","205","19.89"
"2709417","208","85"
"2709417","204","0.1"
"2709417","203","1.7"
"2709418","208","74"
"2709418","204","0.93"
"2709418","205","14.45"
"2709418","203","2.46"
"2709419","203","2.46"
"2709419","208","74"
"2709419","205","14.45"
"2709419","204","0.93"
"2709420","204","1.02"
"2709420","205","14.62"
"2709420","203","1.34"
"2709420","208","72"
"2709421","204","33.98"
"2709421","203","6.39"
"2709421","208","532"
"2709421","205","53.83"
"2709422","208","532"
"2709422","204","33.98"
"2709422","203","6.39"
"2709422","205","53.83"
"2709423","203","6.51"
"2709423","204","31.06"
"2709423","205","55.92"
"2709423","208","487"
"2709424","205","55.92"
"2709424","208","487"
"2709424","203","6.51"
"2709424","204","31.06"
"2709425","205","55.92"
"2709425","203","6.51"
"2709425","204","31.06"
"2709425","208","487"
"2709426","203","6.51"
"2709426","204","31.06"
"2709426","208","487"
"2709426","205","55.92"
"2709427","208","532"
"2709427","203","6.39"
"2709427","205","53.83"
"2709427","204","33.98"
"2709428","203","6.51"
"2709428","205","55.92"
"2709428","204","31.06"
"2709428","208","487"
"2709429","205","55.92"
"2709429","203","6.51"
"2709429","204","31.06"
"2709429","208","487"
"2709430","208","487"
"2709430","205","55.92"
"2709430","203","6.51"
"2709430","204","31.06"
"2709431","205","55.92"
"2709431","203","6.51"
"2709431","208","487"
"2709431","204","31.06"
"2709432","203","4.61"
"2709432","205","55.21"
"2709432","208","543"
"2709432","204","35.17"
"2709433","208","542"
"2709433","204","35.07"
"2709433","203","4.59"
"2709433","205","55.05"
"2709434","205","71.4"
"2709434","204","18.2"
"2709434","208","469"
"2709434","203","5"
"2709435","203","4.97"
"2709435","208","467"
"2709435","204","18.11"
"2709435","205","71.04"
"2709436","203","7.03"
"2709436","208","482"
"2709436","204","20.59"
"2709436","205","67.13"
"2709437","203","4.56"
"2709437","205","64.76"
"2709437","208","502"
"2709437","204","26.14"
"2709438","203","6.25"
"2709438","208","537"
"2709438","205","59.66"
"2709438","204","30.3"
"2709439","204","35.32"
"2709439","203","6.71"
"2709439","205","53.43"
"2709439","208","559"
"2709440","205","53.43"
"2709440","203","6.71"
"2709440","204","35.32"
"2709440","208","559"
"2709441","203","5"
"2709441","204","18.2"
"2709441","205","71.4"
"2709441","208","469"
"2709442","203","4.97"
"2709442","205","71.04"
"2709442","204","18.11"
"2709442","208","467"
"2709443","208","469"
"2709443","205","71.4"
"2709443","204","18.2"
"2709443","203","5"
"2709444","204","34.4"
"2709444","208","522"
"2709444","203","6.7"
"2709444","205","53.3"
"2709445","205","52.77"
"2709445","208","517"
"2709445","203","6.63"
"2709445","204","34.06"
"2709446","203","6.63"
"2709446","204","34.06"
"2709446","205","52.77"
"2709446","208","517"
"2709447","205","59.2"
"2709447","208","495"
"2709447","204","26.56"
"2709447","203","4.72"
"2709448","204","9.63"
"2709448","208","168"
"2709448","205","13.51"
"2709448","203","7.13"
"2709449","203","6.66"
"2709449","205","12.99"
"2709449","204","14.34"
"2709449","208","206"
"2709450","205","13.51"
"2709450","204","9.63"
"2709450","208","168"
"2709450","203","7.13"
"2709451","208","173"
"2709451","203","7.44"
"2709451","204","10.36"
"2709451","205","12.88"
"2709452","203","6.91"
"2709452","205","13.54"
"2709452","208","169"
"2709452","204","9.79"
"2709453","208","167"
"2709453","205","13.12"
"2709453","204","9.6"
"2709453","203","7.3"
"2709454","208","178"
"2709454","205","13.31"
"2709454","204","10.98"
"2709454","203","6.8"
"2709455","203","7.1"
"2709455","208","183"
"2709455","205","12.74"
"2709455","204","11.58"
"2709456","208","225"
"2709456","205","23.23"
"2709456","203","2.5"
"2709456","204","14.07"
"2709457","204","14.07"
"2709457","205","23.23"
"2709457","208","225"
"2709457","203","2.5"
"2709458","205","18.5"
"2709458","204","13.1"
"2709458","208","198"
"2709458","203","1.93"
"2709459","208","166"
"2709459","204","9.16"
"2709459","205","19.34"
"2709459","203","2.02"
"2709460","208","158"
"2709460","205","25.55"
"2709460","204","5.48"
"2709460","203","2.75"
"2709461","204","14.73"
"2709461","208","312"
"2709461","203","3.43"
"2709461","205","41.44"
"2709462","205","37.2"
"2709462","203","3.49"
"2709462","204","14.04"
"2709462","208","289"
"2709463","203","2.5"
"2709463","205","23.23"
"2709463","208","225"
"2709463","204","14.07"
"2709464","208","166"
"2709464","205","19.34"
"2709464","203","2.02"
"2709464","204","9.16"
"2709465","204","14.22"
"2709465","205","29.76"
"2709465","203","3.33"
"2709465","208","260"
"2709466","205","17.67"
"2709466","204","10.29"
"2709466","208","181"
"2709466","203","4.55"
"2709467","203","5.2"
"2709467","205","30.79"
"2709467","204","10.78"
"2709467","208","241"
"2709468","203","4.66"
"2709468","208","221"
"2709468","204","11.42"
"2709468","205","24.87"
"2709469","204","14.22"
"2709469","203","3.33"
"2709469","205","29.76"
"2709469","208","260"
"2709470","205","24.87"
"2709470","203","4.66"
"2709470","204","11.42"
"2709470","208","221"
"2709471","203","5.2"
"2709471","205","30.79"
"2709471","208","241"
"2709471","204","10.78"
"2709472","208","197"
"2709472","204","13.03"
"2709472","203","1.92"
"2709472","205","18.4"
"2709473","204","15.2"
"2709473","203","1.87"
"2709473","205","17.91"
"2709473","208","213"
"2709474","208","185"
"2709474","204","11.52"
"2709474","205","18.76"
"2709474","203","1.96"
"2709475","205","18.4"
"2709475","203","1.92"
"2709475","204","13.03"
"2709475","208","197"
"2709476","208","173"
"2709476","205","15.6"
"2709476","204","11.77"
"2709476","203","1.72"
"2709477","204","11.48"
"2709477","208","217"
"2709477","205","28.23"
"2709477","203","2.62"
"2709478","208","272"
"2709478","205","28.88"
"2709478","204","17.04"
"2709478","203","2.58"
"2709479","208","295"
"2709479","204","19.87"
"2709479","203","6.03"
"2709479","205","24.47"
"2709480","205","28.88"
"2709480","204","17.04"
"2709480","208","272"
"2709480","203","2.58"
"2709481","205","24.47"
"2709481","204","19.87"
"2709481","203","6.03"
"2709481","208","295"
"2709482","203","2.64"
"2709482","208","218"
"2709482","204","11.54"
"2709482","205","28.4"
"2709483","208","190"
"2709483","203","1.94"
"2709483","204","12.27"
"2709483","205","18.57"
"2709484","204","15.49"
"2709484","208","223"
"2709484","203","5.1"
"2709484","205","16.18"
"2709485","204","11.48"
"2709485","203","2.62"
"2709485","205","28.23"
"2709485","208","217"
"2709486","203","2.62"
"2709486","205","28.23"
"2709486","204","11.48"
"2709486","208","217"
"2709487","203","6.04"
"2709487","205","23.96"
"2709487","204","15.2"
"2709487","208","249"
"2709488","204","7.45"
"2709488","205","19.53"
"2709488","208","151"
"2709488","203","2.12"
"2709489","203","6.07"
"2709489","205","16.34"
"2709489","208","199"
"2709489","204","12.4"
"2709490","208","215"
"2709490","204","13.68"
"2709490","205","15.52"
"2709490","203","7.64"
"2709491","205","16.34"
"2709491","208","199"
"2709491","204","12.4"
"2709491","203","6.07"
"2709492","208","114"
"2709492","204","4.07"
"2709492","203","2.15"
"2709492","205","17.6"
"2709493","203","1.65"
"2709493","208","89"
"2709493","205","14.65"
"2709493","204","2.82"
"2709494","204","2.78"
"2709494","203","1.46"
"2709494","205","12.78"
"2709494","208","81"
"2709495","204","5.01"
"2709495","203","1.97"
"2709495","208","106"
"2709495","205","13.29"
"2709496","208","114"
"2709496","204","4.07"
"2709496","203","2.15"
"2709496","205","17.6"
"2709497","204","7.28"
"2709497","205","15.98"
"2709497","203","4.41"
"2709497","208","145"
"2709498","203","1.86"
"2709498","205","15.14"
"2709498","208","100"
"2709498","204","3.78"
"2709499","208","114"
"2709499","204","4.07"
"2709499","203","2.15"
"2709499","205","17.6"
"2709500","204","7.22"
"2709500","203","2.07"
"2709500","208","138"
"2709500","205","16.77"
"2709501","205","14.48"
"2709501","203","1.8"
"2709501","208","120"
"2709501","204","6.3"
"2709502","203","2.14"
"2709502","204","1.89"
"2709502","205","13.2"
"2709502","208","77"
"2709503","204","6.7"
"2709503","208","117"
"2709503","205","12.63"
"2709503","203","2.05"
"2709504","203","2.05"
"2709504","204","6.7"
"2709504","205","12.63"
"2709504","208","117"
"2709505","208","148"
"2709505","204","9.62"
"2709505","205","11.54"
"2709505","203","4.32"
"2709506","204","5.88"
"2709506","203","1.78"
"2709506","208","103"
"2709506","205","11.16"
"2709507","203","1.97"
"2709507","208","106"
"2709507","204","5.01"
"2709507","205","13.29"
"2709508","208","138"
"2709508","203","4.26"
"2709508","205","12.13"
"2709508","204","8.12"
"2709509","208","94"
"2709509","205","11.69"
"2709509","203","1.72"
"2709509","204","4.53"
"2709510","203","3.89"
"2709510","205","13.49"
"2709510","208","171"
"2709510","204","11.32"
"2709511","205","24.4"
"2709511","203","1.9"
"2709511","204","15.46"
"2709511","208","237"
"2709512","205","24.31"
"2709512","204","15.4"
"2709512","208","236"
"2709512","203","1.89"
"2709513","203","2.02"
"2709513","208","166"
"2709513","204","9.16"
"2709513","205","19.34"
"2709514","203","1.9"
"2709514","204","15.46"
"2709514","208","237"
"2709514","205","24.4"
"2709515","205","26.1"
"2709515","208","187"
"2709515","203","2.03"
"2709515","204","9.17"
"2709516","203","1.9"
"2709516","208","237"
"2709516","205","24.4"
"2709516","204","15.46"
"2709517","204","15.46"
"2709517","208","237"
"2709517","203","1.9"
"2709517","205","24.4"
"2709518","204","4.19"
"2709518","205","20.39"
"2709518","203","1.9"
"2709518","208","125"
"2709519","208","131"
"2709519","204","5.44"
"2709519","203","2"
"2709519","205","19.05"
"2709520","205","17.75"
"2709520","204","7.66"
"2709520","203","3.66"
"2709520","208","153"
"2709521","208","160"
"2709521","204","8.26"
"2709521","203","4.32"
"2709521","205","17.4"
"2709522","204","6.21"
"2709522","203","4.45"
"2709522","208","143"
"2709522","205","17.62"
"2709523","203","3.68"
"2709523","204","6.34"
"2709523","208","142"
"2709523","205","18.09"
"2709524","204","0.13"
"2709524","208","93"
"2709524","205","21.05"
"2709524","203","2.49"
"2709525","208","125"
"2709525","204","4.22"
"2709525","203","2.41"
"2709525","205","20.01"
"2709526","204","5.46"
"2709526","205","18.7"
"2709526","208","131"
"2709526","203","2.47"
"2709527","203","4.09"
"2709527","204","7.69"
"2709527","208","153"
"2709527","205","17.43"
"2709528","205","17.09"
"2709528","203","4.74"
"2709528","208","160"
"2709528","204","8.28"
"2709529","204","6.23"
"2709529","208","143"
"2709529","205","17.33"
"2709529","203","4.85"
"2709530","208","142"
"2709530","203","4.12"
"2709530","204","6.37"
"2709530","205","17.76"
"2709531","208","175"
"2709531","204","11.35"
"2709531","205","15.37"
"2709531","203","3.04"
"2709532","204","9.4"
"2709532","208","157"
"2709532","205","16.18"
"2709532","203","1.96"
"2709533","205","15.13"
"2709533","204","4.46"
"2709533","208","111"
"2709533","203","2.72"
"2709534","203","2.76"
"2709534","204","4.32"
"2709534","208","112"
"2709534","205","15.91"
"2709535","208","111"
"2709535","205","15.13"
"2709535","204","4.46"
"2709535","203","2.72"
"2709536","204","7.91"
"2709536","205","14.89"
"2709536","208","142"
"2709536","203","2.93"
"2709537","203","2.95"
"2709537","208","102"
"2709537","204","3.46"
"2709537","205","15.02"
"2709538","204","4.42"
"2709538","208","114"
"2709538","205","15.81"
"2709538","203","2.8"
"2709539","208","94"
"2709539","205","15.49"
"2709539","204","2.35"
"2709539","203","2.79"
"2709540","203","2.67"
"2709540","208","89"
"2709540","205","16"
"2709540","204","1.74"
"2709541","203","2.92"
"2709541","204","3.22"
"2709541","205","17.17"
"2709541","208","108"
"2709542","204","11.45"
"2709542","203","1.73"
"2709542","205","17.32"
"2709542","208","178"
"2709543","203","1.51"
"2709543","204","11.14"
"2709543","205","15.81"
"2709543","208","168"
"2709544","208","105"
"2709544","204","3.65"
"2709544","203","1.41"
"2709544","205","16.98"
"2709545","205","17.86"
"2709545","204","3.49"
"2709545","203","1.46"
"2709545","208","107"
"2709546","208","105"
"2709546","203","1.41"
"2709546","205","16.98"
"2709546","204","3.65"
"2709547","205","16.8"
"2709547","203","1.59"
"2709547","204","7.53"
"2709547","208","140"
"2709548","205","16.95"
"2709548","208","95"
"2709548","203","1.62"
"2709548","204","2.47"
"2709549","204","3.56"
"2709549","205","17.86"
"2709549","203","1.44"
"2709549","208","108"
"2709550","205","17.49"
"2709550","203","1.43"
"2709550","208","85"
"2709550","204","1.2"
"2709551","204","0.58"
"2709551","205","17.94"
"2709551","208","81"
"2709551","203","1.38"
"2709552","203","4.47"
"2709552","208","196"
"2709552","204","10.8"
"2709552","205","20.64"
"2709553","208","218"
"2709553","205","36.39"
"2709553","204","6.34"
"2709553","203","4.37"
"2709554","203","1.99"
"2709554","208","103"
"2709554","204","3.39"
"2709554","205","16.26"
"2709555","203","1.71"
"2709555","205","12.89"
"2709555","204","3.29"
"2709555","208","87"
"2709556","204","4.71"
"2709556","203","1.51"
"2709556","208","90"
"2709556","205","10.53"
"2709557","205","8.81"
"2709557","208","109"
"2709557","204","6.43"
"2709557","203","3.78"
"2709558","208","122"
"2709558","204","0.35"
"2709558","205","31.8"
"2709558","203","1.3"
"2709559","203","1.26"
"2709559","205","30.87"
"2709559","204","3.24"
"2709559","208","144"
"2709560","204","0.35"
"2709560","205","31.89"
"2709560","208","122"
"2709560","203","1.3"
"2709561","204","2.88"
"2709561","208","141"
"2709561","203","1.27"
"2709561","205","30.88"
"2709562","208","138"
"2709562","205","30.88"
"2709562","203","1.27"
"2709562","204","2.53"
"2709563","203","2.28"
"2709563","208","531"
"2709563","204","29.59"
"2709563","205","63.84"
"2709564","204","3.03"
"2709564","205","39.62"
"2709564","208","191"
"2709564","203","1.42"
"2709565","204","13.94"
"2709565","208","269"
"2709565","203","1.24"
"2709565","205","34.72"
"2709566","205","71.22"
"2709566","204","0.52"
"2709566","208","299"
"2709566","203","2.54"
"2709567","208","141"
"2709567","205","27.55"
"2709567","203","1.57"
"2709567","204","2.95"
"2709568","204","2.99"
"2709568","203","1.5"
"2709568","205","33.59"
"2709568","208","166"
"2709569","205","68.1"
"2709569","208","498"
"2709569","203","2.3"
"2709569","204","24.9"
"2709570","205","4.33"
"2709570","203","2.2"
"2709570","208","22"
"2709570","204","0.13"
"2709571","203","2.3"
"2709571","204","2.87"
"2709571","205","4.51"
"2709571","208","48"
"2709572","203","3.17"
"2709572","208","22"
"2709572","205","2.85"
"2709572","204","0.49"
"2709573","203","3.2"
"2709573","205","2.88"
"2709573","204","3.15"
"2709573","208","46"
"2709574","203","1.8"
"2709574","205","3.74"
"2709574","208","19"
"2709574","204","0.2"
"2709575","205","3.9"
"2709575","208","44"
"2709575","203","1.88"
"2709575","204","2.95"
"2709576","203","3.02"
"2709576","208","32"
"2709576","204","0.61"
"2709576","205","5.42"
"2709577","203","3.24"
"2709577","205","5.81"
"2709577","208","34"
"2709577","204","0.65"
"2709578","204","0.41"
"2709578","205","7.08"
"2709578","208","36"
"2709578","203","2.96"
"2709579","208","58"
"2709579","204","3.37"
"2709579","203","3.15"
"2709579","205","5.65"
"2709580","203","3.15"
"2709580","208","58"
"2709580","204","3.37"
"2709580","205","5.65"
"2709581","203","2.88"
"2709581","204","2.94"
"2709581","208","58"
"2709581","205","6.88"
"2709582","208","61"
"2709582","205","5.64"
"2709582","204","3.76"
"2709582","203","3.14"
"2709583","208","54"
"2709583","204","2.99"
"2709583","205","5.65"
"2709583","203","3.16"
"2709584","205","6.87"
"2709584","208","61"
"2709584","204","3.3"
"2709584","203","2.88"
"2709585","205","6.88"
"2709585","203","2.89"
"2709585","204","2.58"
"2709585","208","55"
"2709586","204","0.7"
"2709586","203","2.6"
"2709586","205","5.5"
"2709586","208","32"
"2709587","203","2.72"
"2709587","204","3.47"
"2709587","205","5.73"
"2709587","208","58"
"2709588","205","9.2"
"2709588","203","2.7"
"2709588","204","0.7"
"2709588","208","45"
"2709589","205","9.58"
"2709589","208","71"
"2709589","203","2.82"
"2709589","204","3.47"
"2709590","204","0.07"
"2709590","205","4.06"
"2709590","203","0.98"
"2709590","208","21"
"2709591","205","7.49"
"2709591","203","4"
"2709591","204","3.41"
"2709591","208","77"
"2709592","203","1.12"
"2709592","205","2.98"
"2709592","208","37"
"2709592","204","2.72"
"2709593","204","0.97"
"2709593","203","2.97"
"2709593","208","37"
"2709593","205","5.16"
"2709594","204","0.71"
"2709594","203","2.92"
"2709594","205","5.75"
"2709594","208","37"
"2709595","208","58"
"2709595","203","2.89"
"2709595","205","5.02"
"2709595","204","3.4"
"2709596","205","5.02"
"2709596","208","58"
"2709596","203","2.89"
"2709596","204","3.4"
"2709597","203","2.84"
"2709597","208","59"
"2709597","204","3.24"
"2709597","205","5.59"
"2709598","208","41"
"2709598","203","1.32"
"2709598","204","2.82"
"2709598","205","2.71"
"2709599","204","1.49"
"2709599","208","43"
"2709599","203","2.92"
"2709599","205","4.42"
"2709600","203","3.13"
"2709600","208","46"
"2709600","205","4.74"
"2709600","204","1.6"
"2709601","203","2.93"
"2709601","205","5.28"
"2709601","208","44"
"2709601","204","1.21"
"2709602","205","4.61"
"2709602","203","3.05"
"2709602","204","4.29"
"2709602","208","69"
"2709603","203","3.05"
"2709603","208","69"
"2709603","205","4.61"
"2709603","204","4.29"
"2709604","203","2.85"
"2709604","204","3.72"
"2709604","205","5.14"
"2709604","208","66"
"2709605","205","4.85"
"2709605","204","3.22"
"2709605","203","3.11"
"2709605","208","54"
"2709606","203","2.86"
"2709606","208","27"
"2709606","205","4.67"
"2709606","204","0.42"
"2709607","204","0.45"
"2709607","203","3.07"
"2709607","208","29"
"2709607","205","5.01"
"2709608","203","2.26"
"2709608","204","0.25"
"2709608","208","19"
"2709608","205","3.1"
"2709609","205","4.87"
"2709609","203","2.99"
"2709609","208","53"
"2709609","204","3.18"
"2709610","208","53"
"2709610","205","4.87"
"2709610","203","2.99"
"2709610","204","3.18"
"2709611","205","3.02"
"2709611","203","2.21"
"2709611","204","2.79"
"2709611","208","41"
"2709612","204","2.93"
"2709612","203","2.24"
"2709612","205","3.01"
"2709612","208","42"
"2709613","204","0.25"
"2709613","208","23"
"2709613","203","1.43"
"2709613","205","4.48"
"2709614","205","2.41"
"2709614","208","27"
"2709614","204","0.62"
"2709614","203","2.85"
"2709615","203","3.41"
"2709615","205","3.1"
"2709615","208","33"
"2709615","204","0.7"
"2709616","208","34"
"2709616","204","0.87"
"2709616","203","4"
"2709616","205","4.79"
"2709617","203","2.81"
"2709617","208","23"
"2709617","205","3.4"
"2709617","204","0.5"
"2709618","205","3.01"
"2709618","208","63"
"2709618","203","3.31"
"2709618","204","4.1"
"2709619","208","55"
"2709619","205","3.02"
"2709619","203","3.33"
"2709619","204","3.26"
"2709620","208","59"
"2709620","204","3.68"
"2709620","205","3.01"
"2709620","203","3.32"
"2709621","205","3.01"
"2709621","204","3.68"
"2709621","203","3.32"
"2709621","208","59"
"2709622","204","3.39"
"2709622","203","3.89"
"2709622","205","4.65"
"2709622","208","56"
"2709623","203","2.74"
"2709623","204","3.04"
"2709623","208","45"
"2709623","205","3.31"
"2709624","205","4.65"
"2709624","208","59"
"2709624","203","3.88"
"2709624","204","3.75"
"2709625","204","3.03"
"2709625","208","53"
"2709625","203","3.9"
"2709625","205","4.66"
"2709626","204","3.4"
"2709626","203","2.73"
"2709626","208","49"
"2709626","205","3.3"
"2709627","204","2.68"
"2709627","208","42"
"2709627","205","3.31"
"2709627","203","2.74"
"2709628","203","2.39"
"2709628","208","90"
"2709628","204","6.09"
"2709628","205","6.11"
"2709629","204","8.64"
"2709629","208","128"
"2709629","203","5.72"
"2709629","205","7.13"
"2709630","204","7.59"
"2709630","203","7.05"
"2709630","208","130"
"2709630","205","9.86"
"2709631","203","5.42"
"2709631","204","7.02"
"2709631","208","101"
"2709631","205","4.28"
"2709632","208","89"
"2709632","205","8.79"
"2709632","203","4.1"
"2709632","204","4.33"
"2709633","203","5.19"
"2709633","208","68"
"2709633","205","6.98"
"2709633","204","3.51"
"2709634","204","0.23"
"2709634","203","1.14"
"2709634","208","20"
"2709634","205","4.35"
"2709635","205","4.96"
"2709635","203","3.34"
"2709635","208","29"
"2709635","204","0.42"
"2709636","203","1.11"
"2709636","205","4.23"
"2709636","204","2.77"
"2709636","208","42"
"2709637","204","2.77"
"2709637","208","42"
"2709637","205","4.23"
"2709637","203","1.11"
"2709638","208","51"
"2709638","205","4.83"
"2709638","204","2.95"
"2709638","203","3.25"
"2709639","208","11"
"2709639","204","0.1"
"2709639","205","1.29"
"2709639","203","2.3"
"2709640","204","2.84"
"2709640","208","36"
"2709640","205","1.35"
"2709640","203","2.4"
"2709641","204","2.74"
"2709641","208","56"
"2709641","203","3.49"
"2709641","205","6.47"
"2709642","205","7.15"
"2709642","204","2.88"
"2709642","203","2.12"
"2709642","208","57"
"2709643","204","0.34"
"2709643","203","2.57"
"2709643","205","6.27"
"2709643","208","39"
"2709644","205","6.2"
"2709644","203","2.55"
"2709644","208","77"
"2709644","204","4.66"
"2709645","208","41"
"2709645","205","6.51"
"2709645","203","2.67"
"2709645","204","0.35"
"2709646","203","3.09"
"2709646","208","28"
"2709646","204","0.12"
"2709646","205","5.33"
"2709647","205","6.33"
"2709647","204","3"
"2709647","203","2.6"
"2709647","208","63"
"2709648","208","63"
"2709648","205","6.33"
"2709648","204","3"
"2709648","203","2.6"
"2709649","204","2.66"
"2709649","203","3.01"
"2709649","205","5.18"
"2709649","208","50"
"2709650","205","6.32"
"2709650","203","2.59"
"2709650","204","3.37"
"2709650","208","67"
"2709651","204","2.62"
"2709651","205","6.33"
"2709651","208","60"
"2709651","203","2.61"
"2709652","205","5.18"
"2709652","208","53"
"2709652","203","3"
"2709652","204","3.02"
"2709653","208","47"
"2709653","203","3.02"
"2709653","205","5.19"
"2709653","204","2.3"
"2709654","205","15.86"
"2709654","204","3.77"
"2709654","208","112"
"2709654","203","3.55"
"2709655","204","3.6"
"2709655","203","4.14"
"2709655","208","107"
"2709655","205","15.06"
"2709656","205","22.41"
"2709656","204","12.88"
"2709656","208","223"
"2709656","203","4.28"
"2709657","205","4.67"
"2709657","203","1.2"
"2709657","204","0.76"
"2709657","208","26"
"2709658","208","50"
"2709658","203","1.22"
"2709658","205","4.72"
"2709658","204","3.42"
"2709659","204","4.54"
"2709659","208","82"
"2709659","205","6.08"
"2709659","203","4.26"
"2709660","203","0.87"
"2709660","208","44"
"2709660","205","9.68"
"2709660","204","0.24"
"2709661","205","17.62"
"2709661","204","15.74"
"2709661","203","1.25"
"2709661","208","212"
"2709662","203","0.85"
"2709662","205","8.59"
"2709662","208","181"
"2709662","204","16.02"
"2709663","203","0.94"
"2709663","204","4.67"
"2709663","208","86"
"2709663","205","10.15"
"2709664","208","50"
"2709664","203","0.98"
"2709664","204","0.36"
"2709664","205","10.67"
"2709665","203","0.81"
"2709665","205","7.9"
"2709665","208","39"
"2709665","204","0.47"
"2709666","208","25"
"2709666","205","5.54"
"2709666","204","0.19"
"2709666","203","0.64"
"2709667","203","0.95"
"2709667","204","3.38"
"2709667","205","10.36"
"2709667","208","76"
"2709668","205","10.37"
"2709668","208","69"
"2709668","204","2.63"
"2709668","203","0.96"
"2709669","203","0.96"
"2709669","204","3"
"2709669","205","10.36"
"2709669","208","72"
"2709670","204","3"
"2709670","203","0.96"
"2709670","208","72"
"2709670","205","10.36"
"2709671","208","61"
"2709671","205","7.67"
"2709671","204","3"
"2709671","203","0.79"
"2709672","203","0.63"
"2709672","204","2.74"
"2709672","205","5.38"
"2709672","208","47"
"2709673","205","7.67"
"2709673","203","0.78"
"2709673","204","3.36"
"2709673","208","64"
"2709674","204","2.64"
"2709674","205","7.68"
"2709674","203","0.8"
"2709674","208","57"
"2709675","203","0.62"
"2709675","204","3.1"
"2709675","205","5.38"
"2709675","208","50"
"2709676","208","44"
"2709676","203","0.64"
"2709676","205","5.39"
"2709676","204","2.38"
"2709677","203","0.9"
"2709677","204","2.78"
"2709677","208","97"
"2709677","205","17.32"
"2709678","203","0.59"
"2709678","208","23"
"2709678","204","0.14"
"2709678","205","5.36"
"2709679","203","0.58"
"2709679","208","45"
"2709679","204","2.69"
"2709679","205","5.21"
"2709680","203","0.57"
"2709680","208","49"
"2709680","204","3.05"
"2709680","205","5.2"
"2709681","205","5.21"
"2709681","203","0.59"
"2709681","208","42"
"2709681","204","2.33"
"2709682","204","0.06"
"2709682","208","25"
"2709682","203","0.72"
"2709682","205","5.91"
"2709683","203","0.95"
"2709683","205","9.28"
"2709683","208","40"
"2709683","204","0.15"
"2709684","205","12.84"
"2709684","203","3.3"
"2709684","204","0.39"
"2709684","208","67"
"2709685","204","0.37"
"2709685","205","11.06"
"2709685","208","58"
"2709685","203","2.97"
"2709686","205","8.45"
"2709686","203","2.56"
"2709686","208","46"
"2709686","204","0.5"
"2709687","203","3.22"
"2709687","205","12.47"
"2709687","208","89"
"2709687","204","3.03"
"2709688","208","89"
"2709688","204","3.03"
"2709688","203","3.22"
"2709688","205","12.47"
"2709689","204","2.9"
"2709689","208","80"
"2709689","205","10.74"
"2709689","203","2.89"
"2709690","208","68"
"2709690","203","2.49"
"2709690","205","8.21"
"2709690","204","3.03"
"2709691","204","2.82"
"2709691","203","1.08"
"2709691","208","56"
"2709691","205","7.86"
"2709692","204","2.84"
"2709692","205","6.77"
"2709692","203","1.05"
"2709692","208","52"
"2709693","205","6.5"
"2709693","208","26"
"2709693","203","1"
"2709693","204","0.1"
"2709694","208","37"
"2709694","205","8.82"
"2709694","204","0.35"
"2709694","203","0.89"
"2709695","203","0.87"
"2709695","208","59"
"2709695","205","8.57"
"2709695","204","2.88"
"2709696","203","3.4"
"2709696","208","78"
"2709696","205","12.14"
"2709696","204","2.26"
"2709697","208","115"
"2709697","204","4.53"
"2709697","205","17.14"
"2709697","203","1.58"
"2709698","204","4.53"
"2709698","203","1.58"
"2709698","208","115"
"2709698","205","17.14"
"2709699","203","1.64"
"2709699","204","0.39"
"2709699","208","82"
"2709699","205","17.98"
"2709700","205","17.14"
"2709700","208","115"
"2709700","204","4.53"
"2709700","203","1.58"
"2709701","204","4.53"
"2709701","203","1.58"
"2709701","205","17.14"
"2709701","208","115"
"2709702","203","1.64"
"2709702","208","82"
"2709702","205","17.98"
"2709702","204","0.39"
"2709703","204","4.53"
"2709703","205","17.14"
"2709703","203","1.58"
"2709703","208","115"
"2709704","205","37.69"
"2709704","204","3.48"
"2709704","203","1.18"
"2709704","208","187"
"2709705","204","4.35"
"2709705","203","1.58"
"2709705","208","124"
"2709705","205","20.05"
"2709706","208","91"
"2709706","205","21.04"
"2709706","204","0.2"
"2709706","203","1.64"
"2709707","204","4.35"
"2709707","205","20.05"
"2709707","208","124"
"2709707","203","1.58"
"2709708","208","99"
"2709708","205","17.22"
"2709708","204","2.56"
"2709708","203","1.89"
"2709709","203","2.27"
"2709709","205","37.45"
"2709709","208","192"
"2709709","204","9.39"
"2709710","204","32.19"
"2709710","203","2.92"
"2709710","205","56.54"
"2709710","208","529"
"2709711","205","37.45"
"2709711","204","9.39"
"2709711","203","2.27"
"2709711","208","192"
"2709712","204","9.42"
"2709712","208","156"
"2709712","203","1.49"
"2709712","205","16.35"
"2709713","205","31.63"
"2709713","204","23.93"
"2709713","203","1.92"
"2709713","208","305"
"2709714","203","2.27"
"2709714","208","192"
"2709714","205","37.45"
"2709714","204","9.39"
"2709715","205","37.3"
"2709715","204","9.35"
"2709715","208","191"
"2709715","203","2.26"
"2709716","205","34.87"
"2709716","208","240"
"2709716","204","15.6"
"2709716","203","2.12"
"2709717","205","37.45"
"2709717","203","2.27"
"2709717","204","9.39"
"2709717","208","192"
"2709718","205","6.86"
"2709718","203","1.1"
"2709718","204","4.7"
"2709718","208","72"
"2709719","208","20"
"2709719","205","4.04"
"2709719","204","0.31"
"2709719","203","0.82"
"2709720","205","4.71"
"2709720","204","3.42"
"2709720","208","50"
"2709720","203","1.08"
"2709721","203","1.08"
"2709721","205","4.71"
"2709721","208","50"
"2709721","204","3.42"
"2709722","208","43"
"2709722","204","3.04"
"2709722","205","3.23"
"2709722","203","0.82"
"2709723","208","110"
"2709723","204","4.97"
"2709723","205","14.1"
"2709723","203","2.7"
"2709724","203","0.78"
"2709724","204","2.8"
"2709724","205","3.37"
"2709724","208","39"
"2709725","208","216"
"2709725","205","21.78"
"2709725","203","3.68"
"2709725","204","12.84"
"2709726","204","0.18"
"2709726","205","9.09"
"2709726","203","1"
"2709726","208","40"
"2709727","204","2.97"
"2709727","208","258"
"2709727","203","14.11"
"2709727","205","55.76"
"2709728","205","4.32"
"2709728","203","0.86"
"2709728","208","23"
"2709728","204","0.29"
"2709729","204","0.29"
"2709729","205","4.32"
"2709729","208","23"
"2709729","203","0.86"
"2709730","205","3.87"
"2709730","203","0.93"
"2709730","204","0.31"
"2709730","208","22"
"2709731","208","22"
"2709731","203","0.93"
"2709731","205","3.87"
"2709731","204","0.31"
"2709732","203","0.6"
"2709732","204","0.1"
"2709732","208","22"
"2709732","205","4.59"
"2709733","204","0.32"
"2709733","203","1.08"
"2709733","208","109"
"2709733","205","27.1"
"2709734","203","1.04"
"2709734","205","27.4"
"2709734","204","0.1"
"2709734","208","101"
"2709735","208","92"
"2709735","203","2.5"
"2709735","204","0.3"
"2709735","205","19.79"
"2709736","208","34"
"2709736","204","0.19"
"2709736","205","6.74"
"2709736","203","1.44"
"2709737","205","3.7"
"2709737","203","0.71"
"2709737","204","0.14"
"2709737","208","17"
"2709738","203","1.44"
"2709738","208","34"
"2709738","205","6.74"
"2709738","204","0.19"
"2709739","208","34"
"2709739","203","1.44"
"2709739","205","6.74"
"2709739","204","0.19"
"2709740","205","0.72"
"2709740","208","11"
"2709740","203","1.16"
"2709740","204","0.68"
"2709741","203","0.62"
"2709741","208","30"
"2709741","205","4.87"
"2709741","204","0.91"
"2709742","203","1.13"
"2709742","205","6.36"
"2709742","208","38"
"2709742","204","0.89"
"2709743","203","1.13"
"2709743","205","6.36"
"2709743","208","38"
"2709743","204","0.89"
"2709744","203","1.03"
"2709744","204","0.66"
"2709744","208","74"
"2709744","205","16.58"
"2709745","208","51"
"2709745","204","1.48"
"2709745","205","8.05"
"2709745","203","1.41"
"2709746","205","7.45"
"2709746","204","1.2"
"2709746","203","1.52"
"2709746","208","46"
"2709747","205","8.06"
"2709747","203","1.41"
"2709747","208","51"
"2709747","204","1.48"
"2709748","203","1.2"
"2709748","205","5.31"
"2709748","208","24"
"2709748","204","0.3"
"2709749","203","1.15"
"2709749","205","3.56"
"2709749","204","6.57"
"2709749","208","75"
"2709750","204","0.63"
"2709750","208","172"
"2709750","205","40.77"
"2709750","203","0.82"
"2709751","204","0.71"
"2709751","203","1.21"
"2709751","205","0.75"
"2709751","208","11"
"2709752","203","1.25"
"2709752","205","22.04"
"2709752","204","0.23"
"2709752","208","95"
"2709753","208","128"
"2709753","204","1.05"
"2709753","205","28.22"
"2709753","203","1.36"
"2709754","203","3.96"
"2709754","205","7.24"
"2709754","204","24.78"
"2709754","208","266"
"2709755","205","6.89"
"2709755","204","10.79"
"2709755","208","127"
"2709755","203","1.02"
"2709756","203","0.52"
"2709756","205","6.35"
"2709756","208","122"
"2709756","204","10.18"
"2709757","204","0.41"
"2709757","208","19"
"2709757","205","3.64"
"2709757","203","0.65"
"2709758","205","6.39"
"2709758","208","70"
"2709758","203","1.21"
"2709758","204","4.68"
"2709759","203","0.63"
"2709759","204","0.33"
"2709759","208","34"
"2709759","205","7.65"
"2709760","205","7.67"
"2709760","203","0.64"
"2709760","204","0.33"
"2709760","208","35"
"2709761","208","201"
"2709761","204","6.8"
"2709761","203","8.46"
"2709761","205","26.54"
"2709762","204","6.99"
"2709762","205","24.67"
"2709762","203","9.44"
"2709762","208","199"
"2709763","208","30"
"2709763","205","5.83"
"2709763","203","1.19"
"2709763","204","0.26"
"2709764","205","5.94"
"2709764","208","30"
"2709764","204","0.18"
"2709764","203","3.04"
"2709765","205","2.1"
"2709765","203","3.99"
"2709765","204","0.69"
"2709765","208","23"
"2709766","203","2.89"
"2709766","205","11.95"
"2709766","204","0.34"
"2709766","208","53"
"2709767","204","0.12"
"2709767","203","2.2"
"2709767","205","3.88"
"2709767","208","20"
"2709768","204","0.18"
"2709768","205","5.94"
"2709768","203","3.04"
"2709768","208","30"
"2709769","205","7.41"
"2709769","208","40"
"2709769","203","1.97"
"2709769","204","0.28"
"2709770","205","9.56"
"2709770","204","0.17"
"2709770","203","1.61"
"2709770","208","43"
"2709771","203","2.95"
"2709771","208","31"
"2709771","205","6.09"
"2709771","204","0.3"
"2709772","205","8.95"
"2709772","208","43"
"2709772","204","0.3"
"2709772","203","3.38"
"2709773","203","0.96"
"2709773","204","0.23"
"2709773","205","6.38"
"2709773","208","31"
"2709774","203","1.5"
"2709774","205","2.18"
"2709774","204","0.2"
"2709774","208","13"
"2709775","204","0.21"
"2709775","208","34"
"2709775","205","6.79"
"2709775","203","1.24"
"2709776","208","16"
"2709776","203","1.32"
"2709776","204","0.09"
"2709776","205","3.33"
"2709777","205","4.97"
"2709777","204","0.28"
"2709777","208","25"
"2709777","203","1.92"
"2709778","203","0.49"
"2709778","208","17"
"2709778","205","3.32"
"2709778","204","0.16"
"2709779","204","0.2"
"2709779","205","7.3"
"2709779","208","31"
"2709779","203","1.24"
"2709780","208","23"
"2709780","204","0.64"
"2709780","205","2.65"
"2709780","203","3.15"
"2709781","205","4.35"
"2709781","203","3.27"
"2709781","204","0.73"
"2709781","208","30"
"2709782","205","3.67"
"2709782","204","0.52"
"2709782","208","23"
"2709782","203","2.13"
"2709783","208","86"
"2709783","203","3.27"
"2709783","204","1.35"
"2709783","205","18.7"
"2709784","208","16"
"2709784","205","2.95"
"2709784","204","0.18"
"2709784","203","0.62"
"2709785","205","5.88"
"2709785","208","25"
"2709785","204","0.18"
"2709785","203","0.98"
"2709786","205","28.2"
"2709786","204","0.38"
"2709786","208","143"
"2709786","203","6.62"
"2709787","204","0.09"
"2709787","208","38"
"2709787","205","8.82"
"2709787","203","0.72"
"2709788","205","6.2"
"2709788","203","1.7"
"2709788","204","0.1"
"2709788","208","27"
"2709789","205","3.69"
"2709789","204","0.1"
"2709789","208","20"
"2709789","203","0.92"
"2709790","203","0.88"
"2709790","205","3.26"
"2709790","204","0.11"
"2709790","208","18"
"2709791","204","0.66"
"2709791","205","3.65"
"2709791","203","2.58"
"2709791","208","25"
"2709792","204","0.21"
"2709792","205","3.43"
"2709792","208","21"
"2709792","203","1.31"
"2709793","203","2.9"
"2709793","208","31"
"2709793","205","4.13"
"2709793","204","0.35"
"2709794","208","32"
"2709794","203","1.83"
"2709794","205","7.34"
"2709794","204","0.19"
"2709795","205","8.46"
"2709795","203","0.86"
"2709795","204","0.08"
"2709795","208","38"
"2709796","208","36"
"2709796","203","2.97"
"2709796","204","0.79"
"2709796","205","6.33"
"2709797","205","14.45"
"2709797","203","5.42"
"2709797","208","81"
"2709797","204","0.4"
"2709798","205","7.66"
"2709798","203","1.39"
"2709798","208","34"
"2709798","204","0.4"
"2709799","205","5.72"
"2709799","203","0.81"
"2709799","208","27"
"2709799","204","0.12"
"2709800","203","0.72"
"2709800","208","23"
"2709800","204","0.11"
"2709800","205","4.78"
"2709801","204","0.13"
"2709801","203","0.9"
"2709801","208","31"
"2709801","205","6.65"
"2709802","205","5.35"
"2709802","204","0.45"
"2709802","208","27"
"2709802","203","1.66"
"2709803","208","16"
"2709803","203","0.68"
"2709803","204","0.1"
"2709803","205","3.4"
"2709804","203","1.08"
"2709804","208","37"
"2709804","204","0.16"
"2709804","205","8.62"
"2709805","205","7.94"
"2709805","204","0.49"
"2709805","203","3.51"
"2709805","208","41"
"2709806","205","7.55"
"2709806","208","42"
"2709806","203","2.8"
"2709806","204","0.2"
"2709807","205","3.88"
"2709807","203","1.01"
"2709807","204","0.27"
"2709807","208","19"
"2709808","208","17"
"2709808","205","3.11"
"2709808","203","1.21"
"2709808","204","0.32"
"2709809","208","28"
"2709809","205","6.43"
"2709809","203","0.9"
"2709809","204","0.1"
"2709810","205","6.3"
"2709810","204","0.16"
"2709810","208","28"
"2709810","203","0.72"
"2709811","205","3.32"
"2709811","208","17"
"2709811","204","0.16"
"2709811","203","0.49"
"2709812","204","22.82"
"2709812","203","5.83"
"2709812","208","270"
"2709812","205","10.38"
"2709813","208","123"
"2709813","203","1.97"
"2709813","204","8.11"
"2709813","205","10.41"
"2709814","208","159"
"2709814","203","0.88"
"2709814","204","11.78"
"2709814","205","12.35"
"2709815","204","7.98"
"2709815","208","117"
"2709815","205","10.45"
"2709815","203","0.94"
"2709816","205","8.93"
"2709816","203","0.79"
"2709816","204","0.8"
"2709816","208","45"
"2709817","203","0.91"
"2709817","204","6.34"
"2709817","208","113"
"2709817","205","13.65"
"2709818","204","0.18"
"2709818","205","12.22"
"2709818","208","56"
"2709818","203","0.47"
"2709819","205","3.7"
"2709819","204","5.18"
"2709819","208","66"
"2709819","203","1.3"
"2709820","208","120"
"2709820","203","0.46"
"2709820","204","9.96"
"2709820","205","6.19"
"2709821","205","6.79"
"2709821","204","0.13"
"2709821","208","34"
"2709821","203","0.5"
"2709822","204","0.2"
"2709822","208","24"
"2709822","203","1.07"
"2709822","205","4.58"
"2709823","203","1.19"
"2709823","208","23"
"2709823","204","0.19"
"2709823","205","4.09"
"2709824","205","5.5"
"2709824","204","3.39"
"2709824","203","1.29"
"2709824","208","54"
"2709825","204","6.08"
"2709825","205","4.2"
"2709825","208","91"
"2709825","203","4.94"
"2709826","204","2.31"
"2709826","203","3.4"
"2709826","205","3.88"
"2709826","208","50"
"2709827","205","3.7"
"2709827","203","4.24"
"2709827","208","71"
"2709827","204","4.36"
"2709828","203","2.77"
"2709828","205","3.44"
"2709828","204","6.31"
"2709828","208","84"
"2709829","205","5.79"
"2709829","204","20.71"
"2709829","208","229"
"2709829","203","4.7"
"2709830","204","2.26"
"2709830","208","48"
"2709830","203","2.75"
"2709830","205","4.35"
"2709831","203","7.02"
"2709831","205","2.09"
"2709831","208","84"
"2709831","204","5.07"
"2709832","205","2.65"
"2709832","208","93"
"2709832","204","4.33"
"2709832","203","11.32"
"2709833","208","15"
"2709833","204","0"
"2709833","205","3.75"
"2709833","203","0"
"2709834","205","4.16"
"2709834","204","0.13"
"2709834","208","21"
"2709834","203","2.36"
"2709835","203","2.94"
"2709835","204","0.42"
"2709835","205","1.91"
"2709835","208","18"
"2709836","204","0.65"
"2709836","205","2.46"
"2709836","208","19"
"2709836","203","2.14"
"2709837","205","4.04"
"2709837","204","2.86"
"2709837","208","45"
"2709837","203","2.3"
"2709838","203","2.3"
"2709838","205","4.04"
"2709838","208","45"
"2709838","204","2.86"
"2709839","208","40"
"2709839","205","1.86"
"2709839","203","2.86"
"2709839","204","2.95"
"2709840","208","41"
"2709840","203","2.09"
"2709840","204","3.18"
"2709840","205","2.39"
"2709841","204","3.25"
"2709841","205","4.04"
"2709841","208","49"
"2709841","203","2.29"
"2709842","205","4.05"
"2709842","208","42"
"2709842","204","2.48"
"2709842","203","2.31"
"2709843","203","2.86"
"2709843","204","3.31"
"2709843","205","1.86"
"2709843","208","44"
"2709844","205","1.87"
"2709844","208","37"
"2709844","203","2.87"
"2709844","204","2.59"
"2709845","203","2.08"
"2709845","205","2.39"
"2709845","204","3.54"
"2709845","208","45"
"2709846","208","38"
"2709846","203","2.09"
"2709846","205","2.4"
"2709846","204","2.82"
"2709847","204","2.94"
"2709847","203","1.68"
"2709847","208","41"
"2709847","205","3.13"
"2709848","203","6.05"
"2709848","204","0.34"
"2709848","205","19.26"
"2709848","208","103"
"2709849","204","2.88"
"2709849","205","18.71"
"2709849","203","5.88"
"2709849","208","123"
"2709850","208","122"
"2709850","204","2.86"
"2709850","203","5.86"
"2709850","205","18.62"
"2709851","205","7.32"
"2709851","208","78"
"2709851","204","4.6"
"2709851","203","1.96"
"2709852","204","0.29"
"2709852","203","2.05"
"2709852","208","42"
"2709852","205","7.7"
"2709853","205","6.43"
"2709853","203","1.49"
"2709853","208","28"
"2709853","204","0.17"
"2709854","204","0.39"
"2709854","205","4.11"
"2709854","203","1.04"
"2709854","208","24"
"2709855","205","5.74"
"2709855","204","2.93"
"2709855","208","55"
"2709855","203","1.51"
"2709856","208","64"
"2709856","203","2"
"2709856","205","7.48"
"2709856","204","2.93"
"2709857","208","50"
"2709857","205","6.25"
"2709857","203","1.45"
"2709857","204","2.71"
"2709858","203","1.02"
"2709858","208","46"
"2709858","204","2.93"
"2709858","205","4"
"2709859","204","3.31"
"2709859","208","68"
"2709859","205","7.47"
"2709859","203","1.99"
"2709860","203","2"
"2709860","204","2.56"
"2709860","208","61"
"2709860","205","7.48"
"2709861","204","3.07"
"2709861","205","6.24"
"2709861","208","53"
"2709861","203","1.44"
"2709862","205","6.26"
"2709862","208","47"
"2709862","203","1.46"
"2709862","204","2.35"
"2709863","203","1.01"
"2709863","205","3.99"
"2709863","208","50"
"2709863","204","3.29"
"2709864","204","2.57"
"2709864","205","4"
"2709864","203","1.03"
"2709864","208","43"
"2709865","204","0.46"
"2709865","203","1.12"
"2709865","208","22"
"2709865","205","4.32"
"2709866","208","44"
"2709866","204","3"
"2709866","203","1.1"
"2709866","205","4.2"
"2709867","205","4.19"
"2709867","203","1.09"
"2709867","208","48"
"2709867","204","3.36"
"2709868","203","1.1"
"2709868","208","41"
"2709868","204","2.64"
"2709868","205","4.2"
"2709869","204","12.86"
"2709869","205","22.86"
"2709869","203","4.04"
"2709869","208","223"
"2709870","205","6.25"
"2709870","208","50"
"2709870","203","1.45"
"2709870","204","2.71"
"2709871","205","6.08"
"2709871","204","6.93"
"2709871","208","116"
"2709871","203","9.8"
"2709872","204","0.18"
"2709872","208","45"
"2709872","205","9.93"
"2709872","203","1.67"
"2709873","205","7.21"
"2709873","208","31"
"2709873","203","0.91"
"2709873","204","0.14"
"2709874","204","2.69"
"2709874","205","7"
"2709874","208","53"
"2709874","203","0.89"
"2709875","203","1.63"
"2709875","208","67"
"2709875","204","2.82"
"2709875","205","9.65"
"2709876","203","0.89"
"2709876","205","7"
"2709876","204","2.69"
"2709876","208","53"
"2709877","208","53"
"2709877","203","0.84"
"2709877","205","6.79"
"2709877","204","2.79"
"2709878","208","41"
"2709878","205","4.19"
"2709878","204","2.72"
"2709878","203","0.82"
"2709879","204","2.77"
"2709879","208","123"
"2709879","205","26.26"
"2709879","203","1.04"
"2709880","205","6.15"
"2709880","208","55"
"2709880","203","2.98"
"2709880","204","2.96"
"2709881","205","9.3"
"2709881","204","0.31"
"2709881","203","3.51"
"2709881","208","45"
"2709882","204","0.39"
"2709882","203","3.63"
"2709882","205","8.3"
"2709882","208","42"
"2709883","204","2.96"
"2709883","205","9.03"
"2709883","203","3.42"
"2709883","208","67"
"2709884","204","2.96"
"2709884","205","9.03"
"2709884","208","67"
"2709884","203","3.42"
"2709885","205","8.06"
"2709885","203","3.53"
"2709885","204","2.92"
"2709885","208","64"
"2709886","203","1.6"
"2709886","204","2.89"
"2709886","208","100"
"2709886","205","18.06"
"2709887","203","1.56"
"2709887","204","0.21"
"2709887","208","14"
"2709887","205","2.26"
"2709888","208","37"
"2709888","205","2.2"
"2709888","204","2.85"
"2709888","203","1.52"
"2709889","205","6.63"
"2709889","204","0.24"
"2709889","208","32"
"2709889","203","1"
"2709890","203","0.98"
"2709890","204","2.88"
"2709890","205","6.44"
"2709890","208","55"
"2709891","205","6.43"
"2709891","203","0.97"
"2709891","204","3.26"
"2709891","208","58"
"2709892","204","2.51"
"2709892","205","6.44"
"2709892","208","52"
"2709892","203","0.99"
"2709893","205","6.85"
"2709893","208","58"
"2709893","203","1.26"
"2709893","204","2.86"
"2709894","203","2.02"
"2709894","205","6.16"
"2709894","208","51"
"2709894","204","2.75"
"2709895","204","0.09"
"2709895","203","1.32"
"2709895","208","16"
"2709895","205","3.32"
"2709896","205","3.23"
"2709896","208","38"
"2709896","203","1.29"
"2709896","204","2.63"
"2709897","205","5.16"
"2709897","203","1.99"
"2709897","204","0.29"
"2709897","208","26"
"2709898","204","0.22"
"2709898","205","3.74"
"2709898","208","19"
"2709898","203","1.6"
"2709899","203","1.94"
"2709899","205","5.02"
"2709899","208","49"
"2709899","204","2.93"
"2709900","203","1.94"
"2709900","205","5.02"
"2709900","208","49"
"2709900","204","2.93"
"2709901","204","2.76"
"2709901","208","41"
"2709901","203","1.57"
"2709901","205","3.64"
"2709902","208","52"
"2709902","203","1.94"
"2709902","205","5.01"
"2709902","204","3.31"
"2709903","208","46"
"2709903","205","5.02"
"2709903","203","1.95"
"2709903","204","2.56"
"2709904","203","1.56"
"2709904","205","3.63"
"2709904","208","45"
"2709904","204","3.12"
"2709905","205","3.64"
"2709905","203","1.58"
"2709905","204","2.4"
"2709905","208","38"
"2709906","205","3.46"
"2709906","208","42"
"2709906","204","2.9"
"2709906","203","0.52"
"2709907","204","3.22"
"2709907","203","1.42"
"2709907","205","8.32"
"2709907","208","62"
"2709908","203","0.86"
"2709908","205","4.7"
"2709908","204","2.87"
"2709908","208","44"
"2709909","204","5.43"
"2709909","205","17.73"
"2709909","203","3.11"
"2709909","208","119"
"2709910","208","86"
"2709910","204","1.35"
"2709910","203","3.26"
"2709910","205","18.64"
"2709911","204","0.67"
"2709911","203","2.54"
"2709911","208","81"
"2709911","205","19.24"
"2709912","208","67"
"2709912","203","2.29"
"2709912","205","14.34"
"2709912","204","1.22"
"2709913","204","3.74"
"2709913","208","88"
"2709913","205","13.93"
"2709913","203","2.23"
"2709914","208","106"
"2709914","205","18.11"
"2709914","203","3.17"
"2709914","204","3.85"
"2709915","203","2.48"
"2709915","208","101"
"2709915","205","18.69"
"2709915","204","3.2"
"2709916","204","3.74"
"2709916","205","13.93"
"2709916","208","88"
"2709916","203","2.23"
"2709917","203","3.17"
"2709917","204","4.21"
"2709917","205","18.1"
"2709917","208","109"
"2709918","203","3.18"
"2709918","208","103"
"2709918","204","3.5"
"2709918","205","18.11"
"2709919","203","2.47"
"2709919","204","3.55"
"2709919","208","105"
"2709919","205","18.68"
"2709920","208","98"
"2709920","203","2.48"
"2709920","205","18.69"
"2709920","204","2.84"
"2709921","203","2.22"
"2709921","205","13.92"
"2709921","208","91"
"2709921","204","4.1"
"2709922","205","13.93"
"2709922","203","2.24"
"2709922","208","85"
"2709922","204","3.38"
"2709923","204","0.42"
"2709923","203","1.74"
"2709923","208","72"
"2709923","205","18.13"
"2709924","205","14.9"
"2709924","203","2.1"
"2709924","208","66"
"2709924","204","0.83"
"2709925","203","2.04"
"2709925","205","14.48"
"2709925","208","88"
"2709925","204","3.55"
"2709926","204","3.94"
"2709926","205","14.47"
"2709926","203","2.04"
"2709926","208","92"
"2709927","203","2.05"
"2709927","205","14.48"
"2709927","204","3.16"
"2709927","208","85"
"2709928","204","3.2"
"2709928","203","0.72"
"2709928","208","45"
"2709928","205","3.37"
"2709929","203","1.05"
"2709929","204","0.19"
"2709929","208","27"
"2709929","205","6.3"
"2709930","208","51"
"2709930","205","6.13"
"2709930","203","1.03"
"2709930","204","2.92"
"2709931","205","3.2"
"2709931","204","2.62"
"2709931","203","1.06"
"2709931","208","37"
"2709932","203","6.58"
"2709932","208","142"
"2709932","205","28.03"
"2709932","204","0.38"
"2709933","208","88"
"2709933","205","13.8"
"2709933","204","2.91"
"2709933","203","1.45"
"2709934","204","2.75"
"2709934","208","51"
"2709934","203","1.72"
"2709934","205","6.26"
"2709935","204","3.05"
"2709935","205","14.74"
"2709935","208","88"
"2709935","203","1.57"
"2709936","205","15.51"
"2709936","208","87"
"2709936","203","1.54"
"2709936","204","2.61"
"2709937","208","39"
"2709937","203","3.61"
"2709937","204","0.43"
"2709937","205","5.15"
"2709938","208","66"
"2709938","205","5"
"2709938","203","3.52"
"2709938","204","3.6"
"2709939","203","3.52"
"2709939","204","3.6"
"2709939","208","66"
"2709939","205","5"
"2709940","204","2.84"
"2709940","205","4.95"
"2709940","203","1.82"
"2709940","208","47"
"2709941","204","4.05"
"2709941","208","70"
"2709941","203","3.5"
"2709941","205","5"
"2709942","205","5.01"
"2709942","203","3.52"
"2709942","204","3.16"
"2709942","208","62"
"2709943","203","2.4"
"2709943","208","44"
"2709943","205","8.15"
"2709943","204","0.2"
"2709944","204","0.2"
"2709944","208","35"
"2709944","205","7.99"
"2709944","203","2.07"
"2709945","203","1.62"
"2709945","208","29"
"2709945","204","0.24"
"2709945","205","6.39"
"2709946","208","59"
"2709946","205","7.76"
"2709946","204","2.94"
"2709946","203","2.02"
"2709947","204","2.94"
"2709947","205","7.76"
"2709947","203","2.02"
"2709947","208","59"
"2709948","204","2.78"
"2709948","208","51"
"2709948","205","6.21"
"2709948","203","1.59"
"2709949","208","49"
"2709949","204","3.11"
"2709949","203","1.06"
"2709949","205","4.21"
"2709950","203","1.29"
"2709950","204","0.12"
"2709950","208","47"
"2709950","205","10.96"
"2709951","204","3.11"
"2709951","205","10.64"
"2709951","203","1.26"
"2709951","208","73"
"2709952","204","2.59"
"2709952","203","0.7"
"2709952","205","6.49"
"2709952","208","50"
"2709953","204","3.21"
"2709953","205","8.37"
"2709953","203","2.09"
"2709953","208","63"
"2709954","203","2.62"
"2709954","205","24.8"
"2709954","208","134"
"2709954","204","2.74"
"2709955","204","2.84"
"2709955","203","1.29"
"2709955","205","16.47"
"2709955","208","92"
"2709956","208","151"
"2709956","204","3.18"
"2709956","205","23.01"
"2709956","203","8.23"
"2709957","205","22.9"
"2709957","208","150"
"2709957","204","3.17"
"2709957","203","8.19"
"2709958","204","4.72"
"2709958","208","119"
"2709958","203","5.37"
"2709958","205","14.28"
"2709959","203","5.63"
"2709959","205","15.01"
"2709959","208","84"
"2709959","204","0.42"
"2709960","208","78"
"2709960","203","5.14"
"2709960","204","0.27"
"2709960","205","14.22"
"2709961","205","11.36"
"2709961","208","68"
"2709961","204","0.8"
"2709961","203","4.47"
"2709962","208","98"
"2709962","205","13.81"
"2709962","203","4.99"
"2709962","204","2.81"
"2709963","205","14.58"
"2709963","203","5.47"
"2709963","208","106"
"2709963","204","3.06"
"2709964","203","4.99"
"2709964","204","2.81"
"2709964","208","98"
"2709964","205","13.81"
"2709965","208","89"
"2709965","205","11.03"
"2709965","204","3.33"
"2709965","203","4.35"
"2709966","203","5.46"
"2709966","204","3.43"
"2709966","205","14.57"
"2709966","208","109"
"2709967","208","102"
"2709967","203","5.48"
"2709967","204","2.68"
"2709967","205","14.58"
"2709968","203","4.99"
"2709968","205","13.8"
"2709968","208","102"
"2709968","204","3.17"
"2709969","205","13.82"
"2709969","203","5"
"2709969","208","95"
"2709969","204","2.45"
"2709970","203","4.34"
"2709970","205","11.03"
"2709970","204","3.69"
"2709970","208","92"
"2709971","205","11.04"
"2709971","204","2.97"
"2709971","203","4.36"
"2709971","208","86"
"2709972","205","12.19"
"2709972","204","0.38"
"2709972","203","3.99"
"2709972","208","66"
"2709973","205","11.84"
"2709973","208","93"
"2709973","204","3.56"
"2709973","203","3.88"
"2709974","203","3.87"
"2709974","204","4"
"2709974","208","97"
"2709974","205","11.83"
"2709975","205","11.85"
"2709975","204","3.11"
"2709975","203","3.89"
"2709975","208","89"
"2709976","205","4.83"
"2709976","208","47"
"2709976","203","0.74"
"2709976","204","2.76"
"2709977","204","2.78"
"2709977","205","6.71"
"2709977","208","55"
"2709977","203","0.92"
"2709978","205","7.72"
"2709978","204","3.06"
"2709978","208","59"
"2709978","203","1.41"
"2709979","205","6.24"
"2709979","208","28"
"2709979","204","0.37"
"2709979","203","1.35"
"2709980","208","63"
"2709980","204","2.9"
"2709980","205","8.98"
"2709980","203","1.13"
"2709981","208","89"
"2709981","203","2.65"
"2709981","205","14.88"
"2709981","204","2.71"
"2709982","204","2.53"
"2709982","208","40"
"2709982","205","4.16"
"2709982","203","0.9"
"2709983","208","44"
"2709983","205","7.84"
"2709983","203","2.91"
"2709983","204","0.21"
"2709984","208","52"
"2709984","203","3.49"
"2709984","204","0.38"
"2709984","205","8.99"
"2709985","204","2.85"
"2709985","205","7.62"
"2709985","208","66"
"2709985","203","2.83"
"2709986","203","2.83"
"2709986","208","66"
"2709986","204","2.85"
"2709986","205","7.62"
"2709987","205","8.74"
"2709987","204","2.91"
"2709987","208","73"
"2709987","203","3.4"
"2709988","205","52.39"
"2709988","208","298"
"2709988","203","31.84"
"2709988","204","4.01"
"2709989","204","0.49"
"2709989","208","41"
"2709989","203","3.51"
"2709989","205","7.94"
"2709990","208","63"
"2709990","205","7.71"
"2709990","204","3.06"
"2709990","203","3.41"
"2709991","208","21"
"2709991","203","1.3"
"2709991","204","0.35"
"2709991","205","4.1"
"2709992","205","4.54"
"2709992","203","1.21"
"2709992","204","0.16"
"2709992","208","21"
"2709993","204","3.33"
"2709993","208","47"
"2709993","203","1.27"
"2709993","205","3.99"
"2709994","208","47"
"2709994","204","3.33"
"2709994","203","1.27"
"2709994","205","3.99"
"2709995","203","1.18"
"2709995","205","4.41"
"2709995","208","43"
"2709995","204","2.71"
"2709996","205","2.86"
"2709996","208","35"
"2709996","204","2.6"
"2709996","203","0.6"
"2709997","203","1.26"
"2709997","205","3.98"
"2709997","208","51"
"2709997","204","3.75"
"2709998","203","1.28"
"2709998","205","3.99"
"2709998","204","2.91"
"2709998","208","44"
"2709999","208","46"
"2709999","204","3.06"
"2709999","203","1.18"
"2709999","205","4.4"
"2710000","208","40"
"2710000","205","4.42"
"2710000","204","2.35"
"2710000","203","1.19"
"2710001","203","0.65"
"2710001","208","49"
"2710001","204","2.8"
"2710001","205","6.26"
"2710002","204","2.84"
"2710002","205","6.7"
"2710002","208","54"
"2710002","203","0.95"
"2710003","205","19.22"
"2710003","203","1.38"
"2710003","208","78"
"2710003","204","0.09"
"2710004","208","36"
"2710004","204","2.74"
"2710004","203","0.4"
"2710004","205","2.95"
"2710005","208","325"
"2710005","204","7.61"
"2710005","205","41.22"
"2710005","203","40.44"
"2710006","204","0.9"
"2710006","208","185"
"2710006","205","20.42"
"2710006","203","23.88"
"2710007","203","4.3"
"2710007","204","0.5"
"2710007","205","19.25"
"2710007","208","92"
"2710008","204","3.04"
"2710008","203","4.18"
"2710008","205","18.7"
"2710008","208","112"
"2710009","203","3.52"
"2710009","204","5"
"2710009","208","109"
"2710009","205","13"
"2710010","205","8.38"
"2710010","203","1.06"
"2710010","204","0.12"
"2710010","208","37"
"2710011","204","2.66"
"2710011","203","1.04"
"2710011","208","59"
"2710011","205","8.14"
"2710012","203","2.84"
"2710012","205","12.37"
"2710012","204","4.74"
"2710012","208","100"
"2710013","204","0.15"
"2710013","205","13.05"
"2710013","203","2.85"
"2710013","208","65"
"2710014","208","46"
"2710014","204","0.65"
"2710014","205","8.84"
"2710014","203","2.11"
"2710015","205","12.68"
"2710015","208","86"
"2710015","203","2.78"
"2710015","204","2.69"
"2710016","204","2.69"
"2710016","203","2.78"
"2710016","205","12.68"
"2710016","208","86"
"2710017","204","3.18"
"2710017","203","2.06"
"2710017","205","8.59"
"2710017","208","68"
"2710018","205","12.67"
"2710018","203","2.77"
"2710018","208","89"
"2710018","204","3.05"
"2710019","203","2.78"
"2710019","205","12.68"
"2710019","208","83"
"2710019","204","2.33"
"2710020","205","8.58"
"2710020","204","3.54"
"2710020","203","2.05"
"2710020","208","71"
"2710021","208","64"
"2710021","203","2.07"
"2710021","205","8.59"
"2710021","204","2.83"
"2710022","208","44"
"2710022","203","1.95"
"2710022","205","9.19"
"2710022","204","0.45"
"2710023","203","1.9"
"2710023","208","68"
"2710023","205","8.93"
"2710023","204","3.2"
"2710024","203","1.89"
"2710024","204","3.59"
"2710024","208","71"
"2710024","205","8.93"
"2710025","208","64"
"2710025","205","8.94"
"2710025","203","1.91"
"2710025","204","2.81"
"2710026","204","0.47"
"2710026","208","79"
"2710026","205","16.73"
"2710026","203","3.84"
"2710027","204","3"
"2710027","205","16.25"
"2710027","208","100"
"2710027","203","3.74"
"2710028","204","4.73"
"2710028","208","67"
"2710028","203","1.09"
"2710028","205","5.77"
"2710029","204","3.64"
"2710029","203","1.44"
"2710029","208","97"
"2710029","205","15.11"
"2710030","208","69"
"2710030","205","15.74"
"2710030","203","1.49"
"2710030","204","0.18"
"2710031","208","23"
"2710031","205","4.54"
"2710031","203","2.35"
"2710031","204","0.17"
"2710032","203","2.29"
"2710032","205","4.41"
"2710032","208","46"
"2710032","204","2.71"
"2710033","203","1.76"
"2710033","205","5.59"
"2710033","204","0.34"
"2710033","208","28"
"2710034","208","50"
"2710034","203","1.72"
"2710034","204","2.9"
"2710034","205","5.43"
"2710035","203","2.07"
"2710035","204","0.3"
"2710035","205","9.93"
"2710035","208","50"
"2710036","205","9.65"
"2710036","204","2.84"
"2710036","208","71"
"2710036","203","2.01"
"2710037","203","4.25"
"2710037","208","60"
"2710037","204","1.86"
"2710037","205","7.72"
"2710038","205","49.22"
"2710038","204","8.88"
"2710038","203","17.41"
"2710038","208","328"
"2710039","204","5.94"
"2710039","208","160"
"2710039","203","5.33"
"2710039","205","22.28"
"2710040","203","1.96"
"2710040","208","56"
"2710040","205","7.05"
"2710040","204","2.21"
"2710041","203","2.54"
"2710041","208","106"
"2710041","204","6.96"
"2710041","205","8.37"
"2710042","205","21.9"
"2710042","204","12.86"
"2710042","203","4.02"
"2710042","208","218"
"2710043","203","7.84"
"2710043","208","228"
"2710043","204","17.2"
"2710043","205","10.38"
"2710044","205","9.72"
"2710044","203","9.01"
"2710044","204","17.15"
"2710044","208","230"
"2710045","205","16.5"
"2710045","208","241"
"2710045","203","8.82"
"2710045","204","15.93"
"2710046","208","116"
"2710046","205","14.98"
"2710046","203","4.54"
"2710046","204","5.12"
"2710047","205","33.55"
"2710047","204","27.14"
"2710047","203","7.37"
"2710047","208","404"
"2710048","208","218"
"2710048","205","22.33"
"2710048","204","12.82"
"2710048","203","3.66"
"2710049","203","4.8"
"2710049","208","183"
"2710049","204","14.98"
"2710049","205","8.15"
"2710050","208","155"
"2710050","204","10.5"
"2710050","203","7.02"
"2710050","205","8.96"
"2710051","203","6.16"
"2710051","205","6.34"
"2710051","204","4.84"
"2710051","208","90"
"2710052","203","10.7"
"2710052","204","15"
"2710052","205","27.72"
"2710052","208","288"
"2710053","208","222"
"2710053","204","12.91"
"2710053","205","21.9"
"2710053","203","4.63"
"2710054","205","22.37"
"2710054","208","219"
"2710054","204","12.84"
"2710054","203","3.88"
"2710055","204","19.82"
"2710055","203","4.19"
"2710055","205","39.94"
"2710055","208","352"
"2710056","204","14.02"
"2710056","203","2.98"
"2710056","208","180"
"2710056","205","10.64"
"2710057","203","5"
"2710057","204","16.01"
"2710057","208","203"
"2710057","205","9.82"
"2710058","205","21.5"
"2710058","204","12.88"
"2710058","208","216"
"2710058","203","3.76"
"2710059","205","8.87"
"2710059","204","4.32"
"2710059","203","3.48"
"2710059","208","85"
"2710060","204","1.66"
"2710060","208","83"
"2710060","205","14.9"
"2710060","203","2.32"
"2710061","204","4.71"
"2710061","205","9.28"
"2710061","208","92"
"2710061","203","3.69"
"2710062","203","4.65"
"2710062","204","8.94"
"2710062","205","6.87"
"2710062","208","125"
"2710063","204","0.24"
"2710063","203","1.41"
"2710063","208","47"
"2710063","205","10.07"
"2710064","208","43"
"2710064","203","1.34"
"2710064","205","5.74"
"2710064","204","1.68"
"2710065","205","20.45"
"2710065","203","3.81"
"2710065","204","15.81"
"2710065","208","239"
"2710066","208","125"
"2710066","203","4.92"
"2710066","204","4.77"
"2710066","205","16.24"
"2710067","208","86"
"2710067","205","8.81"
"2710067","204","5.27"
"2710067","203","1.6"
"2710068","203","2.03"
"2710068","208","103"
"2710068","204","3.27"
"2710068","205","16.48"
"2710069","205","15.72"
"2710069","208","117"
"2710069","204","5.05"
"2710069","203","2.98"
"2710070","205","11"
"2710070","208","54"
"2710070","203","1.63"
"2710070","204","0.25"
"2710071","205","16.28"
"2710071","203","0.8"
"2710071","204","0.08"
"2710071","208","65"
"2710072","203","0.41"
"2710072","205","7.61"
"2710072","208","35"
"2710072","204","0.15"
"2710073","208","111"
"2710073","205","25.7"
"2710073","204","0.91"
"2710073","203","1.7"
"2710074","205","8.98"
"2710074","208","41"
"2710074","204","0.25"
"2710074","203","1.59"
"2710075","204","0.21"
"2710075","205","10.15"
"2710075","208","46"
"2710075","203","0.8"
"2710076","205","10.49"
"2710076","208","49"
"2710076","203","1.03"
"2710076","204","0.19"
"2710077","203","1.1"
"2710077","208","15"
"2710077","204","0.5"
"2710077","205","2.4"
"2710078","204","0.43"
"2710078","205","1.99"
"2710078","203","0.48"
"2710078","208","14"
"2710079","208","130"
"2710079","205","35.06"
"2710079","203","0.37"
"2710079","204","0.47"
"2710080","203","0.58"
"2710080","208","91"
"2710080","204","0.41"
"2710080","205","21.15"
"2710081","203","0.81"
"2710081","208","41"
"2710081","204","0.16"
"2710081","205","9.74"
"2710082","203","0.33"
"2710082","205","4.83"
"2710082","208","20"
"2710082","204","0.1"
"2710083","208","48"
"2710083","204","0.69"
"2710083","203","1.18"
"2710083","205","11.29"
"2710084","205","8.29"
"2710084","203","2.4"
"2710084","204","0.3"
"2710084","208","46"
"2710085","208","69"
"2710085","204","3.38"
"2710085","205","5.3"
"2710085","203","4.25"
"2710086","208","275"
"2710086","204","18.01"
"2710086","203","1.77"
"2710086","205","25.16"
"2710087","205","11.04"
"2710087","203","1.6"
"2710087","204","0.17"
"2710087","208","48"
"2710088","203","0.84"
"2710088","208","116"
"2710088","204","10.9"
"2710088","205","6.04"
"2710089","203","1.03"
"2710089","204","15.32"
"2710089","205","3.84"
"2710089","208","145"
"2710090","208","116"
"2710090","205","6.04"
"2710090","204","10.9"
"2710090","203","0.84"
"2710091","203","1.15"
"2710091","204","12.9"
"2710091","205","4.96"
"2710091","208","141"
"2710092","204","30.05"
"2710092","205","4.17"
"2710092","208","282"
"2710092","203","0.73"
"2710093","208","12"
"2710093","203","1.29"
"2710093","204","0.76"
"2710093","205","0.8"
"2710094","208","43"
"2710094","204","0.12"
"2710094","203","0.67"
"2710094","205","9.6"
"2710095","203","0.8"
"2710095","204","0.4"
"2710095","208","22"
"2710095","205","4.56"
"2710096","208","26"
"2710096","204","0.38"
"2710096","203","0.86"
"2710096","205","5.53"
"2710097","204","0.43"
"2710097","208","14"
"2710097","205","1.99"
"2710097","203","0.48"
"2710098","203","3.44"
"2710098","208","213"
"2710098","205","20.7"
"2710098","204","12.91"
"2710099","205","7.68"
"2710099","204","0.1"
"2710099","203","0.56"
"2710099","208","34"
"2710100","208","54"
"2710100","204","0.42"
"2710100","203","2.91"
"2710100","205","11.44"
"2710101","203","0.94"
"2710101","208","46"
"2710101","204","0.21"
"2710101","205","10.18"
"2710102","208","44"
"2710102","204","0.1"
"2710102","203","0.75"
"2710102","205","10.19"
"2710103","205","46.13"
"2710103","208","292"
"2710103","203","2.23"
"2710103","204","10.9"
"2710104","204","0.28"
"2710104","208","35"
"2710104","203","1"
"2710104","205","7.44"
"2710105","203","0.52"
"2710105","204","0.37"
"2710105","205","3.9"
"2710105","208","20"
"2710106","204","0.63"
"2710106","205","4.49"
"2710106","203","0.81"
"2710106","208","26"
"2710107","208","74"
"2710107","203","2.1"
"2710107","204","4.76"
"2710107","205","5.7"
"2710108","208","108"
"2710108","204","4.47"
"2710108","205","11.84"
"2710108","203","5.45"
"2710109","208","78"
"2710109","205","7.83"
"2710109","204","4.72"
"2710109","203","1.41"
"2710110","203","3.73"
"2710110","208","37"
"2710110","204","1.87"
"2710110","205","1.52"
"2710111","208","38"
"2710111","203","1.12"
"2710111","204","0.4"
"2710111","205","7.62"
"2710112","203","1.12"
"2710112","205","7.63"
"2710112","208","38"
"2710112","204","0.4"
"2710113","204","0.45"
"2710113","205","5.08"
"2710113","203","0.84"
"2710113","208","27"
"2710114","205","7.3"
"2710114","204","0.5"
"2710114","208","40"
"2710114","203","1.71"
"2710115","204","2.05"
"2710115","203","3.28"
"2710115","208","47"
"2710115","205","4.04"
"2710116","205","4.04"
"2710116","208","44"
"2710116","204","1.6"
"2710116","203","3.36"
"2710117","208","44"
"2710117","203","1.44"
"2710117","205","9.56"
"2710117","204","0.25"
"2710118","208","26"
"2710118","205","6"
"2710118","203","0.8"
"2710118","204","0.1"
"2710119","205","7.2"
"2710119","208","32"
"2710119","203","0.8"
"2710119","204","0.2"
"2710120","204","0.2"
"2710120","203","0.81"
"2710120","205","5.73"
"2710120","208","28"
"2710121","204","0.2"
"2710121","203","0.81"
"2710121","208","24"
"2710121","205","5.73"
"2710122","203","1.1"
"2710122","204","0.1"
"2710122","205","13.2"
"2710122","208","57"
"2710123","204","0.1"
"2710123","208","60"
"2710123","203","1.1"
"2710123","205","14"
"2710124","204","0.1"
"2710124","208","24"
"2710124","205","5.8"
"2710124","203","1.2"
"2710125","203","1.2"
"2710125","208","24"
"2710125","204","0.1"
"2710125","205","5.8"
"2710126","204","0.1"
"2710126","203","1.3"
"2710126","208","34"
"2710126","205","7.7"
"2710127","204","0.25"
"2710127","208","44"
"2710127","205","9.56"
"2710127","203","1.44"
"2710128","204","0.25"
"2710128","203","1.44"
"2710128","208","44"
"2710128","205","9.56"
"2710129","208","58"
"2710129","204","0.5"
"2710129","203","1.84"
"2710129","205","12.01"
"2710130","208","64"
"2710130","205","11.18"
"2710130","203","2.95"
"2710130","204","1.08"
"2710131","204","0.43"
"2710131","203","3.27"
"2710131","208","50"
"2710131","205","8.36"
"2710132","204","0.43"
"2710132","208","50"
"2710132","205","8.36"
"2710132","203","3.27"
"2710133","204","2.08"
"2710133","203","3.65"
"2710133","205","12.84"
"2710133","208","85"
"2710134","208","77"
"2710134","203","3.49"
"2710134","205","8.33"
"2710134","204","3.34"
"2710135","208","83"
"2710135","203","4.02"
"2710135","205","13.43"
"2710135","204","1.4"
"2710136","203","4.08"
"2710136","208","101"
"2710136","205","16.11"
"2710136","204","2.18"
"2710137","203","3.02"
"2710137","208","78"
"2710137","205","13.49"
"2710137","204","1.41"
"2710138","208","185"
"2710138","203","4.9"
"2710138","204","11.33"
"2710138","205","16.18"
"2710139","204","22.82"
"2710139","208","358"
"2710139","203","13.16"
"2710139","205","26.97"
"2710140","208","315"
"2710140","205","22.03"
"2710140","204","20.22"
"2710140","203","12.81"
"2710141","204","13.19"
"2710141","208","213"
"2710141","203","7.08"
"2710141","205","17.44"
"2710142","208","207"
"2710142","205","8.41"
"2710142","203","9.56"
"2710142","204","15.13"
"2710143","204","2.95"
"2710143","208","84"
"2710143","205","11.14"
"2710143","203","3.14"
"2710144","204","5.53"
"2710144","203","7.11"
"2710144","205","4.67"
"2710144","208","96"
"2710145","203","0.3"
"2710145","204","0.01"
"2710145","208","46"
"2710145","205","11.15"
"2710146","205","12.74"
"2710146","208","64"
"2710146","203","1.59"
"2710146","204","0.72"
"2710147","204","0.78"
"2710147","205","12.24"
"2710147","203","7.49"
"2710147","208","86"
"2710148","203","1.16"
"2710148","204","0.61"
"2710148","208","60"
"2710148","205","12.39"
"2710149","205","11.92"
"2710149","204","0.69"
"2710149","203","7.09"
"2710149","208","83"
"2710150","203","0.6"
"2710150","208","53"
"2710150","205","12.53"
"2710150","204","0.26"
"2710151","205","13.78"
"2710151","208","63"
"2710151","203","1.09"
"2710151","204","0.37"
"2710152","204","6.63"
"2710152","205","5.84"
"2710152","203","2.75"
"2710152","208","89"
"2710153","203","0.58"
"2710153","204","75.33"
"2710153","205","0.36"
"2710153","208","677"
"2710154","203","0.85"
"2710154","208","743"
"2710154","205","0.06"
"2710154","204","82.2"
"2710155","204","82.2"
"2710155","203","0.85"
"2710155","208","743"
"2710155","205","0.06"
"2710156","208","731"
"2710156","204","78.3"
"2710156","203","0.49"
"2710156","205","0"
"2710157","204","55.1"
"2710157","203","3.3"
"2710157","205","0"
"2710157","208","499"
"2710158","205","0.82"
"2710158","208","579"
"2710158","203","0.17"
"2710158","204","65.04"
"2710159","203","0.16"
"2710159","208","717"
"2710159","204","80.71"
"2710159","205","0.7"
"2710160","203","0.17"
"2710160","204","59.81"
"2710160","205","0.86"
"2710160","208","533"
"2710161","205","0.86"
"2710161","203","0.17"
"2710161","208","533"
"2710161","204","59.81"
"2710162","203","0.33"
"2710162","205","1.22"
"2710162","208","346"
"2710162","204","37.91"
"2710163","203","2"
"2710163","205","89"
"2710163","208","373"
"2710163","204","1"
"2710164","203","0.29"
"2710164","204","87.67"
"2710164","208","789"
"2710164","205","0.18"
"2710165","204","92.18"
"2710165","205","0"
"2710165","208","841"
"2710165","203","2.23"
"2710166","205","0"
"2710166","204","100"
"2710166","203","0"
"2710166","208","902"
"2710167","205","0"
"2710167","208","884"
"2710167","204","99.97"
"2710167","203","0"
"2710168","204","99.48"
"2710168","205","0"
"2710168","208","876"
"2710168","203","0.28"
"2710169","208","683"
"2710169","205","2.87"
"2710169","203","1.43"
"2710169","204","74.02"
"2710170","204","74"
"2710170","203","0.8"
"2710170","208","671"
"2710170","205","0.74"
"2710171","208","546"
"2710171","205","1.03"
"2710171","204","57.98"
"2710171","203","5.4"
"2710172","203","0.9"
"2710172","204","34"
"2710172","205","22.4"
"2710172","208","389"
"2710173","203","1"
"2710173","204","16.7"
"2710173","208","211"
"2710173","205","13.3"
"2710174","205","10.05"
"2710174","203","1.09"
"2710174","208","503"
"2710174","204","50.89"
"2710175","205","5.67"
"2710175","203","8.61"
"2710175","204","59.17"
"2710175","208","580"
"2710176","205","7.28"
"2710176","208","535"
"2710176","203","0.98"
"2710176","204","56.16"
"2710177","205","12.72"
"2710177","208","109"
"2710177","204","5.67"
"2710177","203","1.59"
"2710178","203","1.39"
"2710178","208","95"
"2710178","204","8.22"
"2710178","205","5.03"
"2710179","203","0.53"
"2710179","208","485"
"2710179","204","33.85"
"2710179","205","48.5"
"2710180","203","0"
"2710180","205","0"
"2710180","208","900"
"2710180","204","100"
"2710181","204","100"
"2710181","205","0"
"2710181","208","884"
"2710181","203","0"
"2710182","208","895"
"2710182","203","0"
"2710182","204","99.1"
"2710182","205","0.84"
"2710183","203","0"
"2710183","205","0"
"2710183","204","100"
"2710183","208","900"
"2710184","203","0"
"2710184","208","884"
"2710184","205","0"
"2710184","204","100"
"2710185","205","0"
"2710185","204","99.98"
"2710185","203","0.11"
"2710185","208","884"
"2710186","208","900"
"2710186","204","100"
"2710186","203","0"
"2710186","205","0"
"2710187","204","100"
"2710187","205","0"
"2710187","208","900"
"2710187","203","0"
"2710188","205","0"
"2710188","203","0"
"2710188","208","900"
"2710188","204","100"
"2710189","208","900"
"2710189","203","0"
"2710189","205","0"
"2710189","204","100"
"2710190","203","0"
"2710190","204","100"
"2710190","208","884"
"2710190","205","0"
"2710191","205","0"
"2710191","203","0"
"2710191","208","900"
"2710191","204","100"
"2710192","203","0"
"2710192","208","900"
"2710192","204","100"
"2710192","205","0"
"2710193","208","884"
"2710193","205","0"
"2710193","204","100"
"2710193","203","0"
"2710194","208","884"
"2710194","203","0"
"2710194","204","100"
"2710194","205","0"
"2710195","204","44.54"
"2710195","208","430"
"2710195","203","1.32"
"2710195","205","5.9"
"2710196","203","0.9"
"2710196","204","64.2"
"2710196","208","594"
"2710196","205","3.41"
"2710197","205","4.77"
"2710197","208","484"
"2710197","203","1.37"
"2710197","204","51.1"
"2710198","203","1.8"
"2710198","208","326"
"2710198","205","2"
"2710198","204","35"
"2710199","205","3.3"
"2710199","204","57.85"
"2710199","203","2.17"
"2710199","208","542"
"2710200","204","34.53"
"2710200","203","0.85"
"2710200","205","22.4"
"2710200","208","404"
"2710201","204","39.07"
"2710201","208","419"
"2710201","205","18.79"
"2710201","203","0.87"
"2710202","205","23.33"
"2710202","204","40.83"
"2710202","203","0.87"
"2710202","208","464"
"2710203","208","240"
"2710203","204","21.12"
"2710203","203","0.41"
"2710203","205","12.12"
"2710204","204","74.85"
"2710204","203","0.96"
"2710204","208","680"
"2710204","205","0.57"
"2710205","208","232"
"2710205","204","19.2"
"2710205","205","16"
"2710205","203","0.3"
"2710206","208","355"
"2710206","204","26.18"
"2710206","203","0.69"
"2710206","205","31.9"
"2710207","205","14.78"
"2710207","204","21.6"
"2710207","203","0.65"
"2710207","208","250"
"2710208","205","7.36"
"2710208","204","43.33"
"2710208","203","1.9"
"2710208","208","427"
"2710209","204","24.63"
"2710209","208","268"
"2710209","203","0.55"
"2710209","205","11.19"
"2710210","208","399"
"2710210","203","0.92"
"2710210","205","23.73"
"2710210","204","33.33"
"2710211","205","8.6"
"2710211","204","45.2"
"2710211","203","3.1"
"2710211","208","443"
"2710212","204","44.54"
"2710212","203","1.32"
"2710212","208","430"
"2710212","205","5.9"
"2710213","203","1.09"
"2710213","204","35.06"
"2710213","205","14.64"
"2710213","208","379"
"2710214","205","12.42"
"2710214","208","219"
"2710214","203","2.51"
"2710214","204","17.97"
"2710215","205","7"
"2710215","203","1.5"
"2710215","208","160"
"2710215","204","14"
"2710216","208","300"
"2710216","203","1.44"
"2710216","205","15.18"
"2710216","204","26.06"
"2710217","203","0.56"
"2710217","204","7.78"
"2710217","208","111"
"2710217","205","9.54"
"2710218","203","0.58"
"2710218","205","31.22"
"2710218","204","11.52"
"2710218","208","222"
"2710219","205","18.6"
"2710219","208","110"
"2710219","204","4.4"
"2710219","203","0.3"
"2710220","208","238"
"2710220","204","22.22"
"2710220","203","0.37"
"2710220","205","9.23"
"2710221","204","40"
"2710221","208","361"
"2710221","205","0"
"2710221","203","0.37"
"2710222","204","10"
"2710222","203","0.65"
"2710222","208","158"
"2710222","205","16.4"
"2710223","208","207"
"2710223","204","10"
"2710223","203","0.98"
"2710223","205","28.26"
"2710224","204","6.68"
"2710224","205","9.99"
"2710224","208","102"
"2710224","203","0.39"
"2710225","205","7"
"2710225","208","160"
"2710225","203","1.5"
"2710225","204","14"
"2710226","204","6.68"
"2710226","208","102"
"2710226","203","0.39"
"2710226","205","9.99"
"2710227","203","0.83"
"2710227","205","24.06"
"2710227","208","195"
"2710227","204","11.32"
"2710228","208","348"
"2710228","205","12.66"
"2710228","203","3.17"
"2710228","204","31.41"
"2710229","205","25.6"
"2710229","203","1.52"
"2710229","208","115"
"2710229","204","1.01"
"2710230","208","131"
"2710230","203","1.47"
"2710230","204","0.23"
"2710230","205","30.73"
"2710231","208","56"
"2710231","204","1.14"
"2710231","205","10.44"
"2710231","203","1.03"
"2710232","204","0.27"
"2710232","205","32.14"
"2710232","203","0.2"
"2710232","208","132"
"2710233","203","1.07"
"2710233","205","38.43"
"2710233","204","1.47"
"2710233","208","169"
"2710234","205","8.75"
"2710234","208","47"
"2710234","204","0.87"
"2710234","203","0.97"
"2710235","203","0.2"
"2710235","204","0"
"2710235","208","64"
"2710235","205","15.8"
"2710236","208","107"
"2710236","205","20"
"2710236","203","1.4"
"2710236","204","2.7"
"2710237","203","1.4"
"2710237","204","2.7"
"2710237","205","20"
"2710237","208","107"
"2710238","203","0.55"
"2710238","205","29.27"
"2710238","204","1.45"
"2710238","208","132"
"2710239","204","35.09"
"2710239","205","1.7"
"2710239","208","468"
"2710239","203","33.92"
"2710240","208","117"
"2710240","204","4.39"
"2710240","203","17.99"
"2710240","205","1.57"
"2710241","204","6.82"
"2710241","208","191"
"2710241","205","0"
"2710241","203","32.41"
"2710242","204","6.36"
"2710242","208","164"
"2710242","203","26.79"
"2710242","205","0"
"2710243","208","175"
"2710243","203","0.83"
"2710243","204","14.17"
"2710243","205","10.6"
"2710244","203","4.69"
"2710244","204","6.8"
"2710244","205","9.62"
"2710244","208","120"
"2710245","208","57"
"2710245","205","11.24"
"2710245","203","0.31"
"2710245","204","1.05"
"2710246","205","20.07"
"2710246","204","0.15"
"2710246","203","1.65"
"2710246","208","89"
"2710247","205","12.08"
"2710247","208","104"
"2710247","203","0.48"
"2710247","204","6.15"
"2710248","205","8.53"
"2710248","203","2"
"2710248","204","14.66"
"2710248","208","160"
"2710249","203","0.62"
"2710249","208","16"
"2710249","204","0.18"
"2710249","205","2.95"
"2710250","203","0.92"
"2710250","205","3.69"
"2710250","204","0.1"
"2710250","208","20"
"2710251","205","4.13"
"2710251","203","2.9"
"2710251","204","0.35"
"2710251","208","31"
"2710252","208","38"
"2710252","203","0.86"
"2710252","204","0.08"
"2710252","205","8.46"
"2710253","203","0.81"
"2710253","205","5.72"
"2710253","204","0.12"
"2710253","208","27"
"2710254","204","0.62"
"2710254","205","2.41"
"2710254","208","27"
"2710254","203","2.85"
"2710255","204","0.31"
"2710255","203","0.82"
"2710255","208","20"
"2710255","205","4.04"
"2710256","208","494"
"2710256","205","2.01"
"2710256","203","39.36"
"2710256","204","36.19"
"2710257","205","99.6"
"2710257","204","0.32"
"2710257","208","401"
"2710257","203","0"
"2710258","205","99.6"
"2710258","208","401"
"2710258","204","0.32"
"2710258","203","0"
"2710259","203","0"
"2710259","205","99.77"
"2710259","208","389"
"2710259","204","0"
"2710260","203","0.12"
"2710260","205","98.09"
"2710260","204","0"
"2710260","208","380"
"2710261","203","0.28"
"2710261","204","0.38"
"2710261","205","98.27"
"2710261","208","390"
"2710262","203","0"
"2710262","205","99.35"
"2710262","204","0.31"
"2710262","208","399"
"2710263","208","336"
"2710263","205","91.17"
"2710263","204","0"
"2710263","203","0"
"2710264","204","0"
"2710264","203","0"
"2710264","205","100"
"2710264","208","0"
"2710265","204","0"
"2710265","203","0.8"
"2710265","205","11.99"
"2710265","208","51"
"2710266","208","0"
"2710266","204","0"
"2710266","203","0"
"2710266","205","100"
"2710267","205","90.14"
"2710267","204","0"
"2710267","208","349"
"2710267","203","0.66"
"2710268","203","0.8"
"2710268","204","0"
"2710268","205","11.99"
"2710268","208","51"
"2710269","203","0.94"
"2710269","205","89.11"
"2710269","204","0"
"2710269","208","360"
"2710270","205","2.05"
"2710270","203","0.02"
"2710270","204","0"
"2710270","208","8"
"2710271","208","365"
"2710271","205","89.08"
"2710271","204","0"
"2710271","203","2.17"
"2710272","204","0.1"
"2710272","203","0"
"2710272","208","265"
"2710272","205","69.6"
"2710273","203","0"
"2710273","208","265"
"2710273","204","0.1"
"2710273","205","69.6"
"2710274","208","283"
"2710274","203","0"
"2710274","204","0.2"
"2710274","205","76.79"
"2710275","203","0"
"2710275","205","85.13"
"2710275","204","0"
"2710275","208","341"
"2710276","208","269"
"2710276","203","0"
"2710276","205","67.21"
"2710276","204","0"
"2710277","204","0.97"
"2710277","205","34.56"
"2710277","203","1.4"
"2710277","208","153"
"2710278","208","184"
"2710278","203","0"
"2710278","204","0.15"
"2710278","205","45.58"
"2710279","204","0.02"
"2710279","203","0"
"2710279","205","65.1"
"2710279","208","261"
"2710280","208","165"
"2710280","203","0"
"2710280","205","44.55"
"2710280","204","0"
"2710281","203","0.3"
"2710281","205","82.4"
"2710281","204","0"
"2710281","208","304"
"2710282","205","76.37"
"2710282","203","0.09"
"2710282","204","0.45"
"2710282","208","310"
"2710283","203","0"
"2710283","204","0.1"
"2710283","208","290"
"2710283","205","74.73"
"2710284","208","216"
"2710284","205","57.01"
"2710284","204","0"
"2710284","203","1.21"
"2710285","205","62.9"
"2710285","208","350"
"2710285","204","8.9"
"2710285","203","4.6"
"2710286","204","0.1"
"2710286","205","66.3"
"2710286","203","0.2"
"2710286","208","254"
"2710287","208","322"
"2710287","204","0.3"
"2710287","203","0.8"
"2710287","205","79"
"2710288","208","448"
"2710288","203","4.5"
"2710288","204","22"
"2710288","205","58.08"
"2710289","204","29.73"
"2710289","208","539"
"2710289","203","5.41"
"2710289","205","62.36"
"2710290","203","1.1"
"2710290","208","397"
"2710290","204","17.6"
"2710290","205","63.2"
"2710291","208","418"
"2710291","203","0"
"2710291","205","67.89"
"2710291","204","16.23"
"2710292","203","1.16"
"2710292","204","12.33"
"2710292","208","295"
"2710292","205","48.47"
"2710293","208","216"
"2710293","205","57.01"
"2710293","204","0"
"2710293","203","1.21"
"2710294","208","393"
"2710294","203","3.33"
"2710294","205","65.31"
"2710294","204","13.22"
"2710295","204","15.05"
"2710295","205","22.48"
"2710295","203","6.01"
"2710295","208","249"
"2710296","205","38.22"
"2710296","208","154"
"2710296","203","0.27"
"2710296","204","0.02"
"2710297","204","7.95"
"2710297","205","19.53"
"2710297","203","0.09"
"2710297","208","150"
"2710298","208","245"
"2710298","203","0.36"
"2710298","205","60.66"
"2710298","204","0.13"
"2710299","208","261"
"2710299","205","67.12"
"2710299","204","0.03"
"2710299","203","0.18"
"2710300","205","69.95"
"2710300","208","266"
"2710300","204","0.02"
"2710300","203","0.15"
"2710301","203","0.37"
"2710301","204","0.07"
"2710301","205","68.86"
"2710301","208","278"
"2710302","205","42.47"
"2710302","208","173"
"2710302","204","0.3"
"2710302","203","0.39"
"2710303","204","0"
"2710303","203","0.3"
"2710303","205","66.3"
"2710303","208","246"
"2710304","204","0"
"2710304","203","0.55"
"2710304","208","121"
"2710304","205","29.6"
"2710305","204","0.1"
"2710305","205","37.6"
"2710305","208","151"
"2710305","203","0"
"2710306","208","212"
"2710306","203","0"
"2710306","204","0"
"2710306","205","52.93"
"2710307","205","72.56"
"2710307","204","0.27"
"2710307","208","292"
"2710307","203","0.1"
"2710308","208","305"
"2710308","205","75.14"
"2710308","203","0.49"
"2710308","204","0.34"
"2710309","205","49.98"
"2710309","203","6.22"
"2710309","208","226"
"2710309","204","0.47"
"2710310","208","60"
"2710310","205","14.19"
"2710310","203","1.22"
"2710310","204","0"
"2710311","203","1.1"
"2710311","204","0.01"
"2710311","208","56"
"2710311","205","13.34"
"2710312","204","0.02"
"2710312","205","14.02"
"2710312","203","1.47"
"2710312","208","61"
"2710313","203","0.83"
"2710313","205","4.22"
"2710313","204","0"
"2710313","208","20"
"2710314","203","0.77"
"2710314","204","0.01"
"2710314","208","22"
"2710314","205","4.86"
"2710315","205","30.63"
"2710315","203","2.4"
"2710315","204","0.24"
"2710315","208","133"
"2710316","203","1.98"
"2710316","205","23.52"
"2710316","208","274"
"2710316","204","20.45"
"2710317","208","128"
"2710317","205","32.6"
"2710317","203","0.4"
"2710317","204","0"
"2710318","205","5.92"
"2710318","208","24"
"2710318","203","0"
"2710318","204","0"
"2710319","208","79"
"2710319","205","19.23"
"2710319","203","0"
"2710319","204","0.24"
"2710320","204","0.24"
"2710320","203","0"
"2710320","208","79"
"2710320","205","19.23"
"2710321","205","5.92"
"2710321","203","0"
"2710321","208","24"
"2710321","204","0"
"2710322","203","0"
"2710322","208","79"
"2710322","205","19.23"
"2710322","204","0.24"
"2710323","204","0"
"2710323","205","32.6"
"2710323","203","0.4"
"2710323","208","128"
"2710324","205","5.92"
"2710324","208","24"
"2710324","204","0"
"2710324","203","0"
"2710325","205","86.62"
"2710325","208","429"
"2710325","203","1.95"
"2710325","204","8.26"
"2710326","203","12.97"
"2710326","204","38.81"
"2710326","208","560"
"2710326","205","44.04"
"2710327","204","29.66"
"2710327","208","535"
"2710327","203","7.65"
"2710327","205","59.4"
"2710328","205","59.4"
"2710328","204","29.66"
"2710328","203","7.65"
"2710328","208","535"
"2710329","205","51.77"
"2710329","203","10.99"
"2710329","204","33.66"
"2710329","208","545"
"2710330","204","33.66"
"2710330","205","51.77"
"2710330","208","545"
"2710330","203","10.99"
"2710331","203","7.64"
"2710331","208","511"
"2710331","205","59.67"
"2710331","204","29.37"
"2710332","204","25.42"
"2710332","205","64.69"
"2710332","203","5.71"
"2710332","208","510"
"2710333","204","30"
"2710333","205","63.9"
"2710333","208","480"
"2710333","203","4.2"
"2710334","203","0"
"2710334","208","473"
"2710334","204","15.27"
"2710334","205","84.66"
"2710335","208","550"
"2710335","204","32.2"
"2710335","205","59.97"
"2710335","203","5.09"
"2710336","204","32.2"
"2710336","205","59.97"
"2710336","203","5.09"
"2710336","208","550"
"2710337","204","36.27"
"2710337","205","52.18"
"2710337","203","8.26"
"2710337","208","560"
"2710338","208","560"
"2710338","205","52.18"
"2710338","203","8.26"
"2710338","204","36.27"
"2710339","205","59.24"
"2710339","203","5.87"
"2710339","208","539"
"2710339","204","32.09"
"2710340","203","1.72"
"2710340","204","7.93"
"2710340","208","396"
"2710340","205","79.42"
"2710341","203","6.43"
"2710341","205","66.44"
"2710341","204","21.04"
"2710341","208","474"
"2710342","204","23.11"
"2710342","205","63.65"
"2710342","208","484"
"2710342","203","7.42"
"2710343","203","5.44"
"2710343","204","27.82"
"2710343","208","500"
"2710343","205","56.94"
"2710344","204","9.3"
"2710344","203","2.2"
"2710344","208","366"
"2710344","205","80.4"
"2710345","208","446"
"2710345","205","74.47"
"2710345","204","14.99"
"2710345","203","3.3"
"2710346","205","63.16"
"2710346","204","22.72"
"2710346","203","6.46"
"2710346","208","483"
"2710347","204","24.72"
"2710347","205","64.13"
"2710347","203","7.82"
"2710347","208","487"
"2710348","205","68.4"
"2710348","204","14.8"
"2710348","208","390"
"2710348","203","4.1"
"2710349","208","590"
"2710349","203","12.39"
"2710349","205","37.68"
"2710349","204","43.27"
"2710350","205","95.69"
"2710350","204","1.13"
"2710350","203","0.05"
"2710350","208","394"
"2710351","205","46.74"
"2710351","203","6.92"
"2710351","204","22.25"
"2710351","208","411"
"2710352","204","0"
"2710352","203","0"
"2710352","205","98.9"
"2710352","208","396"
"2710353","203","1.8"
"2710353","205","81.3"
"2710353","208","318"
"2710353","204","0.2"
"2710354","203","3.1"
"2710354","205","82.36"
"2710354","208","384"
"2710354","204","5.7"
"2710355","205","72.64"
"2710355","208","444"
"2710355","204","13.34"
"2710355","203","8.38"
"2710356","204","37.66"
"2710356","203","14.33"
"2710356","208","556"
"2710356","205","44.14"
"2710357","204","18.98"
"2710357","203","7.57"
"2710357","205","71.24"
"2710357","208","486"
"2710358","203","0"
"2710358","208","394"
"2710358","204","0.1"
"2710358","205","98.3"
"2710359","205","98.9"
"2710359","204","0"
"2710359","208","396"
"2710359","203","0"
"2710360","204","0.2"
"2710360","205","98"
"2710360","203","0"
"2710360","208","394"
"2710361","204","0.2"
"2710361","205","98"
"2710361","208","394"
"2710361","203","0"
"2710362","205","98.3"
"2710362","208","394"
"2710362","203","0"
"2710362","204","0.1"
"2710363","204","0.32"
"2710363","205","99.6"
"2710363","208","401"
"2710363","203","0"
"2710364","205","94.39"
"2710364","208","400"
"2710364","203","0.1"
"2710364","204","2.28"
"2710365","205","71.19"
"2710365","203","4.33"
"2710365","204","21.13"
"2710365","208","492"
"2710366","204","25.45"
"2710366","203","11.02"
"2710366","205","60.17"
"2710366","208","506"
"2710367","208","371"
"2710367","205","85.8"
"2710367","203","0.1"
"2710367","204","3"
"2710368","204","3"
"2710368","205","85.8"
"2710368","203","0.1"
"2710368","208","371"
"2710369","205","87.88"
"2710369","204","4.12"
"2710369","203","0.2"
"2710369","208","390"
"2710370","208","394"
"2710370","205","98.6"
"2710370","203","0"
"2710370","204","0"
"2710371","208","360"
"2710371","205","96.7"
"2710371","203","0"
"2710371","204","0.3"
"2710372","203","0"
"2710372","208","268"
"2710372","204","0.4"
"2710372","205","94.8"
"2710373","204","0.02"
"2710373","203","0.12"
"2710373","208","1"
"2710373","205","0"
"2710374","203","0.12"
"2710374","208","1"
"2710374","205","0"
"2710374","204","0.02"
"2710375","204","0.02"
"2710375","205","0"
"2710375","208","1"
"2710375","203","0.12"
"2710376","203","0.11"
"2710376","205","0"
"2710376","204","0.01"
"2710376","208","0"
"2710377","204","0.04"
"2710377","208","27"
"2710377","205","6.47"
"2710377","203","0.11"
"2710378","208","9"
"2710378","203","0.12"
"2710378","204","0.18"
"2710378","205","1.67"
"2710379","203","0.1"
"2710379","208","9"
"2710379","204","0.18"
"2710379","205","1.69"
"2710380","205","0"
"2710380","204","0.02"
"2710380","203","0.12"
"2710380","208","1"
"2710381","203","0.11"
"2710381","204","0.19"
"2710381","208","34"
"2710381","205","7.84"
"2710382","205","2.71"
"2710382","204","0.83"
"2710382","208","23"
"2710382","203","1.18"
"2710383","205","6.89"
"2710383","203","1.13"
"2710383","204","0.8"
"2710383","208","40"
"2710384","205","5.63"
"2710384","208","40"
"2710384","204","1.13"
"2710384","203","1.67"
"2710385","204","1.15"
"2710385","208","40"
"2710385","203","1.69"
"2710385","205","5.7"
"2710386","203","2.81"
"2710386","204","1.61"
"2710386","208","43"
"2710386","205","4.35"
"2710387","208","30"
"2710387","205","4.37"
"2710387","203","2.87"
"2710387","204","0.1"
"2710388","204","1.36"
"2710388","205","2.81"
"2710388","203","0.97"
"2710388","208","28"
"2710389","203","2.72"
"2710389","208","55"
"2710389","204","1.57"
"2710389","205","7.49"
"2710390","208","42"
"2710390","205","7.51"
"2710390","204","0.1"
"2710390","203","2.78"
"2710391","208","40"
"2710391","205","5.99"
"2710391","204","1.33"
"2710391","203","0.94"
"2710392","205","4.37"
"2710392","203","2.82"
"2710392","204","1.62"
"2710392","208","43"
"2710393","205","4.39"
"2710393","208","30"
"2710393","203","2.88"
"2710393","204","0.1"
"2710394","208","28"
"2710394","205","2.82"
"2710394","204","1.37"
"2710394","203","0.97"
"2710395","203","2.73"
"2710395","204","1.57"
"2710395","205","7.53"
"2710395","208","55"
"2710396","204","0.1"
"2710396","205","7.54"
"2710396","203","2.79"
"2710396","208","42"
"2710397","208","40"
"2710397","204","1.33"
"2710397","203","0.94"
"2710397","205","6.01"
"2710398","203","1.56"
"2710398","208","68"
"2710398","204","0.93"
"2710398","205","13.4"
"2710399","205","13.41"
"2710399","208","61"
"2710399","204","0.1"
"2710399","203","1.59"
"2710400","204","0.8"
"2710400","208","60"
"2710400","203","0.54"
"2710400","205","12.53"
"2710401","208","83"
"2710401","204","2.77"
"2710401","205","12.89"
"2710401","203","1.58"
"2710402","204","1.98"
"2710402","203","1.61"
"2710402","208","76"
"2710402","205","12.9"
"2710403","204","2.64"
"2710403","208","75"
"2710403","205","12.06"
"2710403","203","0.62"
"2710404","205","13.46"
"2710404","204","0.94"
"2710404","208","68"
"2710404","203","1.56"
"2710405","205","13.47"
"2710405","203","1.59"
"2710405","208","61"
"2710405","204","0.1"
"2710406","208","70"
"2710406","204","1"
"2710406","203","1.58"
"2710406","205","13.61"
"2710407","208","83"
"2710407","204","2.78"
"2710407","203","1.58"
"2710407","205","12.95"
"2710408","203","1.62"
"2710408","205","12.96"
"2710408","204","1.99"
"2710408","208","76"
"2710409","208","80"
"2710409","204","2.59"
"2710409","203","1.26"
"2710409","205","12.94"
"2710410","203","2.56"
"2710410","204","1.47"
"2710410","205","10.22"
"2710410","208","64"
"2710411","208","52"
"2710411","204","0.09"
"2710411","205","10.2"
"2710411","203","2.6"
"2710412","205","8.76"
"2710412","204","1.24"
"2710412","203","0.88"
"2710412","208","50"
"2710413","205","10.23"
"2710413","203","2.56"
"2710413","204","1.47"
"2710413","208","64"
"2710414","203","2.61"
"2710414","205","10.24"
"2710414","208","52"
"2710414","204","0.09"
"2710415","208","50"
"2710415","204","1.24"
"2710415","203","0.88"
"2710415","205","8.8"
"2710416","203","1.51"
"2710416","205","13.07"
"2710416","204","0.88"
"2710416","208","66"
"2710417","205","13.08"
"2710417","203","1.54"
"2710417","204","0.08"
"2710417","208","59"
"2710418","203","0.52"
"2710418","208","58"
"2710418","204","0.75"
"2710418","205","12.22"
"2710419","205","12.59"
"2710419","203","1.54"
"2710419","204","2.67"
"2710419","208","81"
"2710420","205","12.6"
"2710420","203","1.56"
"2710420","208","74"
"2710420","204","1.91"
"2710421","203","0.6"
"2710421","204","2.54"
"2710421","205","11.79"
"2710421","208","73"
"2710422","203","1.51"
"2710422","208","67"
"2710422","205","13.13"
"2710422","204","0.89"
"2710423","203","1.54"
"2710423","208","59"
"2710423","205","13.14"
"2710423","204","0.08"
"2710424","205","12.28"
"2710424","208","58"
"2710424","203","0.52"
"2710424","204","0.76"
"2710425","205","12.64"
"2710425","208","81"
"2710425","203","1.54"
"2710425","204","2.68"
"2710426","203","1.57"
"2710426","204","1.91"
"2710426","208","74"
"2710426","205","12.65"
"2710427","203","0.6"
"2710427","204","2.56"
"2710427","205","11.84"
"2710427","208","73"
"2710428","204","0.02"
"2710428","203","0.09"
"2710428","205","0"
"2710428","208","1"
"2710429","204","0"
"2710429","205","0"
"2710429","203","0.08"
"2710429","208","0"
"2710430","204","1.12"
"2710430","205","4.94"
"2710430","208","31"
"2710430","203","0.25"
"2710431","204","1.01"
"2710431","203","1.75"
"2710431","208","27"
"2710431","205","2.81"
"2710432","204","0.07"
"2710432","208","19"
"2710432","203","1.78"
"2710432","205","2.82"
"2710433","204","0.79"
"2710433","205","2.83"
"2710433","203","1.36"
"2710433","208","24"
"2710434","204","0.98"
"2710434","203","1.69"
"2710434","208","40"
"2710434","205","6.09"
"2710435","204","0.08"
"2710435","203","1.72"
"2710435","208","32"
"2710435","205","6.1"
"2710436","205","5.16"
"2710436","208","31"
"2710436","203","0.59"
"2710436","204","0.84"
"2710437","205","2.82"
"2710437","208","27"
"2710437","203","1.75"
"2710437","204","1.01"
"2710438","203","1.79"
"2710438","208","19"
"2710438","204","0.07"
"2710438","205","2.83"
"2710439","204","0.86"
"2710439","205","1.86"
"2710439","203","0.61"
"2710439","208","18"
"2710440","204","0.99"
"2710440","208","40"
"2710440","203","1.69"
"2710440","205","6.12"
"2710441","208","32"
"2710441","203","1.73"
"2710441","205","6.13"
"2710441","204","0.08"
"2710442","208","31"
"2710442","205","5.18"
"2710442","203","0.59"
"2710442","204","0.84"
"2710443","204","0.91"
"2710443","208","50"
"2710443","203","1.58"
"2710443","205","8.95"
"2710444","208","43"
"2710444","205","8.96"
"2710444","204","0.07"
"2710444","203","1.61"
"2710445","205","8.07"
"2710445","204","0.78"
"2710445","208","42"
"2710445","203","0.55"
"2710446","204","0.92"
"2710446","205","8.99"
"2710446","203","1.59"
"2710446","208","51"
"2710447","205","9"
"2710447","204","0.06"
"2710447","203","1.62"
"2710447","208","43"
"2710448","204","0.78"
"2710448","208","42"
"2710448","205","8.1"
"2710448","203","0.55"
"2710449","208","3"
"2710449","203","0.1"
"2710449","204","0"
"2710449","205","0.63"
"2710450","205","0.61"
"2710450","203","0.12"
"2710450","208","3"
"2710450","204","0"
"2710451","204","0"
"2710451","208","0"
"2710451","203","0.1"
"2710451","205","0"
"2710452","203","0.1"
"2710452","208","0"
"2710452","205","0"
"2710452","204","0"
"2710453","203","0.1"
"2710453","208","3"
"2710453","205","0.64"
"2710453","204","0"
"2710454","203","0.15"
"2710454","204","0.7"
"2710454","208","27"
"2710454","205","5.11"
"2710455","208","27"
"2710455","203","0.14"
"2710455","205","5.11"
"2710455","204","0.69"
"2710456","203","0.1"
"2710456","204","0.02"
"2710456","205","3.96"
"2710456","208","16"
"2710457","203","0.32"
"2710457","205","2.46"
"2710457","204","0.43"
"2710457","208","15"
"2710458","208","16"
"2710458","204","0.7"
"2710458","203","0.15"
"2710458","205","2.37"
"2710459","208","16"
"2710459","203","0.15"
"2710459","205","2.38"
"2710459","204","0.7"
"2710460","205","5.11"
"2710460","204","0.7"
"2710460","203","0.15"
"2710460","208","27"
"2710461","204","0.69"
"2710461","205","5.11"
"2710461","208","27"
"2710461","203","0.14"
"2710462","203","0.15"
"2710462","205","2.37"
"2710462","204","0.7"
"2710462","208","16"
"2710463","208","16"
"2710463","203","0.15"
"2710463","204","0.7"
"2710463","205","2.38"
"2710464","204","0.71"
"2710464","203","0.15"
"2710464","208","14"
"2710464","205","1.88"
"2710465","208","14"
"2710465","204","0.71"
"2710465","203","0.15"
"2710465","205","1.89"
"2710466","204","0.02"
"2710466","208","16"
"2710466","205","3.96"
"2710466","203","0.1"
"2710467","205","3.97"
"2710467","208","16"
"2710467","203","0.09"
"2710467","204","0.01"
"2710468","203","0.1"
"2710468","205","1.13"
"2710468","208","5"
"2710468","204","0"
"2710469","204","0"
"2710469","205","1.14"
"2710469","203","0.1"
"2710469","208","5"
"2710470","203","0.12"
"2710470","208","1"
"2710470","204","0.02"
"2710470","205","0"
"2710471","208","0"
"2710471","205","0"
"2710471","203","0.1"
"2710471","204","0"
"2710472","208","27"
"2710472","203","1.71"
"2710472","205","2.75"
"2710472","204","0.99"
"2710473","204","0.07"
"2710473","208","19"
"2710473","205","2.76"
"2710473","203","1.75"
"2710474","203","0.6"
"2710474","208","17"
"2710474","204","0.84"
"2710474","205","1.82"
"2710475","208","27"
"2710475","205","2.76"
"2710475","204","0.99"
"2710475","203","1.72"
"2710476","208","19"
"2710476","204","0.07"
"2710476","203","1.75"
"2710476","205","2.77"
"2710477","205","1.83"
"2710477","204","0.85"
"2710477","203","0.6"
"2710477","208","17"
"2710478","203","1.98"
"2710478","204","1.38"
"2710478","208","71"
"2710478","205","12.6"
"2710479","203","1.27"
"2710479","208","35"
"2710479","205","5.91"
"2710479","204","0.7"
"2710480","205","75.4"
"2710480","208","353"
"2710480","203","12.2"
"2710480","204","0.5"
"2710481","208","351"
"2710481","204","0.2"
"2710481","205","76"
"2710481","203","11.6"
"2710482","203","2.36"
"2710482","205","94.92"
"2710482","204","0.36"
"2710482","208","392"
"2710483","203","2.4"
"2710483","204","11.29"
"2710483","205","82.96"
"2710483","208","438"
"2710484","204","13.33"
"2710484","208","465"
"2710484","205","86.28"
"2710484","203","0"
"2710485","208","457"
"2710485","205","68.16"
"2710485","203","4.22"
"2710485","204","20.14"
"2710486","203","0.1"
"2710486","208","6"
"2710486","204","0.04"
"2710486","205","1.3"
"2710487","208","7"
"2710487","205","1.42"
"2710487","203","0.22"
"2710487","204","0"
"2710488","205","0.3"
"2710488","204","0"
"2710488","203","0"
"2710488","208","1"
"2710489","204","0"
"2710489","205","0.3"
"2710489","203","0"
"2710489","208","1"
"2710490","208","1"
"2710490","203","0.22"
"2710490","205","0"
"2710490","204","0"
"2710491","205","0"
"2710491","208","0"
"2710491","203","0"
"2710491","204","0"
"2710492","205","0.15"
"2710492","208","1"
"2710492","203","0"
"2710492","204","0"
"2710493","204","0"
"2710493","203","0.02"
"2710493","208","1"
"2710493","205","0.23"
"2710494","208","30"
"2710494","203","0.01"
"2710494","204","0.05"
"2710494","205","7.31"
"2710495","204","0.02"
"2710495","208","32"
"2710495","203","0.06"
"2710495","205","7.89"
"2710496","204","0"
"2710496","208","2"
"2710496","203","0.02"
"2710496","205","0.44"
"2710497","208","3"
"2710497","205","0.72"
"2710497","203","0.03"
"2710497","204","0"
"2710498","208","1"
"2710498","205","0.17"
"2710498","203","0.06"
"2710498","204","0"
"2710499","203","0"
"2710499","204","0"
"2710499","208","0"
"2710499","205","0"
"2710500","203","0"
"2710500","208","27"
"2710500","205","6.2"
"2710500","204","0.22"
"2710501","208","4"
"2710501","203","0"
"2710501","205","0.93"
"2710501","204","0"
"2710502","203","0"
"2710502","208","1"
"2710502","205","0.2"
"2710502","204","0"
"2710503","208","0"
"2710503","203","0"
"2710503","204","0"
"2710503","205","0"
"2710504","204","0.21"
"2710504","203","0.84"
"2710504","205","9.4"
"2710504","208","44"
"2710505","208","1"
"2710505","205","0.2"
"2710505","203","0"
"2710505","204","0"
"2710506","204","1.05"
"2710506","208","51"
"2710506","205","8.95"
"2710506","203","1.58"
"2710507","203","0.02"
"2710507","204","0.01"
"2710507","208","1"
"2710507","205","0.18"
"2710508","208","55"
"2710508","204","1.39"
"2710508","203","0.39"
"2710508","205","10.35"
"2710509","204","0.01"
"2710509","203","0.1"
"2710509","208","16"
"2710509","205","3.98"
"2710510","205","58.66"
"2710510","204","0"
"2710510","203","20.21"
"2710510","208","315"
"2710511","203","0.12"
"2710511","205","98.55"
"2710511","208","401"
"2710511","204","0.73"
"2710512","208","34"
"2710512","203","0.2"
"2710512","204","0.05"
"2710512","205","9.15"
"2710513","205","6.12"
"2710513","203","0.22"
"2710513","204","0.04"
"2710513","208","21"
"2710514","205","0.57"
"2710514","204","0"
"2710514","203","0"
"2710514","208","2"
"2710515","208","32"
"2710515","203","0"
"2710515","204","0.02"
"2710515","205","7.94"
"2710516","205","0.68"
"2710516","208","2"
"2710516","204","0"
"2710516","203","0"
"2710517","203","0"
"2710517","204","0"
"2710517","205","0.3"
"2710517","208","1"
"2710518","208","32"
"2710518","203","0"
"2710518","205","7.94"
"2710518","204","0.02"
"2710519","204","0"
"2710519","203","0"
"2710519","208","2"
"2710519","205","0.68"
"2710520","203","0"
"2710520","205","0.3"
"2710520","204","0"
"2710520","208","1"
"2710521","204","0.02"
"2710521","203","0.2"
"2710521","205","7.66"
"2710521","208","32"
"2710522","203","0.22"
"2710522","205","0.38"
"2710522","208","2"
"2710522","204","0"
"2710523","205","0"
"2710523","208","1"
"2710523","203","0.22"
"2710523","204","0"
"2710524","205","7.66"
"2710524","208","31"
"2710524","204","0.02"
"2710524","203","0"
"2710525","205","0.38"
"2710525","204","0"
"2710525","203","0"
"2710525","208","1"
"2710526","205","0"
"2710526","204","0"
"2710526","208","0"
"2710526","203","0"
"2710527","208","45"
"2710527","204","0.22"
"2710527","203","0"
"2710527","205","10.8"
"2710528","203","0"
"2710528","204","0"
"2710528","208","38"
"2710528","205","8.75"
"2710529","208","1"
"2710529","203","0"
"2710529","204","0"
"2710529","205","0.22"
"2710530","204","0"
"2710530","208","0"
"2710530","205","0.83"
"2710530","203","0"
"2710531","205","0"
"2710531","204","0"
"2710531","208","0"
"2710531","203","0"
"2710532","203","0"
"2710532","204","0"
"2710532","205","0.3"
"2710532","208","1"
"2710533","203","0"
"2710533","204","0.22"
"2710533","208","27"
"2710533","205","6.2"
"2710534","208","4"
"2710534","204","0"
"2710534","203","0"
"2710534","205","0.93"
"2710535","203","0"
"2710535","204","0"
"2710535","208","0"
"2710535","205","0"
"2710536","205","10.36"
"2710536","203","0"
"2710536","204","0.25"
"2710536","208","42"
"2710537","208","2"
"2710537","203","0.11"
"2710537","204","0.03"
"2710537","205","0.29"
"2710538","205","8.8"
"2710538","208","34"
"2710538","203","0"
"2710538","204","0"
"2710539","203","0"
"2710539","204","0"
"2710539","205","0"
"2710539","208","0"
"2710540","208","0"
"2710540","205","0"
"2710540","203","0.1"
"2710540","204","0"
"2710541","208","42"
"2710541","203","0"
"2710541","205","10.36"
"2710541","204","0.25"
"2710542","205","0.29"
"2710542","203","0.11"
"2710542","208","2"
"2710542","204","0.03"
"2710543","208","41"
"2710543","203","0"
"2710543","205","10.58"
"2710543","204","0"
"2710544","208","1"
"2710544","203","0.12"
"2710544","204","0"
"2710544","205","0.12"
"2710545","208","42"
"2710545","203","0"
"2710545","205","10.36"
"2710545","204","0.25"
"2710546","205","0.29"
"2710546","204","0.03"
"2710546","203","0.11"
"2710546","208","2"
"2710547","204","0"
"2710547","205","10.58"
"2710547","203","0"
"2710547","208","41"
"2710548","204","0"
"2710548","203","0.12"
"2710548","205","0.12"
"2710548","208","1"
"2710549","203","0"
"2710549","208","51"
"2710549","204","0"
"2710549","205","13.3"
"2710550","205","0"
"2710550","208","0"
"2710550","203","0.1"
"2710550","204","0"
"2710551","205","10.14"
"2710551","204","0.02"
"2710551","203","0.05"
"2710551","208","40"
"2710552","203","0.1"
"2710552","204","0"
"2710552","208","0"
"2710552","205","0"
"2710553","203","0"
"2710553","204","0"
"2710553","208","49"
"2710553","205","12.83"
"2710554","208","0"
"2710554","205","0"
"2710554","203","0.1"
"2710554","204","0"
"2710555","203","0"
"2710555","205","8.76"
"2710555","208","34"
"2710555","204","0"
"2710556","204","0"
"2710556","203","0.1"
"2710556","208","0"
"2710556","205","0"
"2710557","208","41"
"2710557","203","0"
"2710557","205","10.6"
"2710557","204","0"
"2710558","208","0"
"2710558","205","0"
"2710558","203","0.1"
"2710558","204","0"
"2710559","208","42"
"2710559","205","10.7"
"2710559","203","0"
"2710559","204","0"
"2710560","203","0.11"
"2710560","205","0.29"
"2710560","208","2"
"2710560","204","0.03"
"2710561","205","10.36"
"2710561","203","0"
"2710561","204","0.25"
"2710561","208","42"
"2710562","203","0"
"2710562","208","42"
"2710562","205","10.36"
"2710562","204","0.25"
"2710563","204","0.03"
"2710563","208","2"
"2710563","203","0.11"
"2710563","205","0.29"
"2710564","204","0.03"
"2710564","205","0.29"
"2710564","208","2"
"2710564","203","0.11"
"2710565","204","0.24"
"2710565","205","7.16"
"2710565","203","0.46"
"2710565","208","32"
"2710566","205","7.74"
"2710566","208","33"
"2710566","203","0.07"
"2710566","204","0.18"
"2710567","204","0"
"2710567","205","2.5"
"2710567","203","0"
"2710567","208","10"
"2710568","208","109"
"2710568","205","27.67"
"2710568","204","0.18"
"2710568","203","0.64"
"2710569","205","10.82"
"2710569","204","0.06"
"2710569","208","44"
"2710569","203","0.18"
"2710570","205","12.08"
"2710570","208","46"
"2710570","203","0"
"2710570","204","0"
"2710571","203","0"
"2710571","205","6.55"
"2710571","204","0.07"
"2710571","208","25"
"2710572","203","0.22"
"2710572","205","49.89"
"2710572","208","196"
"2710572","204","0.7"
"2710573","204","0"
"2710573","208","64"
"2710573","203","0"
"2710573","205","16.03"
"2710574","204","2.79"
"2710574","205","25.64"
"2710574","203","0.47"
"2710574","208","128"
"2710575","208","87"
"2710575","203","0.1"
"2710575","204","0.1"
"2710575","205","21.4"
"2710576","208","28"
"2710576","203","0"
"2710576","204","0.02"
"2710576","205","7.68"
"2710577","208","11"
"2710577","203","0"
"2710577","205","3.11"
"2710577","204","0.01"
"2710578","205","6.67"
"2710578","208","27"
"2710578","204","0"
"2710578","203","0"
"2710579","204","0.1"
"2710579","205","13.52"
"2710579","208","54"
"2710579","203","0"
"2710580","205","11.35"
"2710580","208","46"
"2710580","204","0.11"
"2710580","203","0.13"
"2710581","208","29"
"2710581","205","7.47"
"2710581","204","0.01"
"2710581","203","0.04"
"2710582","203","0.13"
"2710582","205","13.16"
"2710582","204","0"
"2710582","208","54"
"2710583","203","0"
"2710583","204","0.07"
"2710583","208","25"
"2710583","205","6.55"
"2710584","203","0"
"2710584","205","10.45"
"2710584","208","41"
"2710584","204","0"
"2710585","204","0"
"2710585","205","4.7"
"2710585","208","19"
"2710585","203","0.1"
"2710586","203","0"
"2710586","204","0.07"
"2710586","208","39"
"2710586","205","10"
"2710587","205","0.47"
"2710587","208","1"
"2710587","203","0"
"2710587","204","0"
"2710588","208","19"
"2710588","204","0"
"2710588","205","4.7"
"2710588","203","0.1"
"2710589","205","5.51"
"2710589","203","0.06"
"2710589","208","23"
"2710589","204","0.1"
"2710590","203","0.21"
"2710590","205","5.42"
"2710590","204","0"
"2710590","208","21"
"2710591","205","5.1"
"2710591","203","0"
"2710591","204","0.1"
"2710591","208","22"
"2710592","205","5"
"2710592","208","21"
"2710592","204","0"
"2710592","203","0"
"2710593","208","27"
"2710593","204","0.14"
"2710593","205","6.56"
"2710593","203","0.08"
"2710594","205","1.1"
"2710594","203","0"
"2710594","204","0"
"2710594","208","4"
"2710595","203","0"
"2710595","208","4"
"2710595","205","1.1"
"2710595","204","0"
"2710596","203","0"
"2710596","204","0"
"2710596","208","2"
"2710596","205","0.87"
"2710597","208","4"
"2710597","204","0"
"2710597","205","1.45"
"2710597","203","0.01"
"2710598","204","0"
"2710598","208","2"
"2710598","203","0"
"2710598","205","0.87"
"2710599","204","0"
"2710599","203","0"
"2710599","208","2"
"2710599","205","0.73"
"2710600","203","0"
"2710600","204","0.07"
"2710600","208","39"
"2710600","205","10"
"2710601","205","13.2"
"2710601","208","53"
"2710601","204","0"
"2710601","203","0"
"2710602","203","1.09"
"2710602","208","88"
"2710602","205","20.45"
"2710602","204","0.13"
"2710603","208","91"
"2710603","203","1.42"
"2710603","204","0.63"
"2710603","205","19.65"
"2710604","203","0.25"
"2710604","208","45"
"2710604","205","10.59"
"2710604","204","0.15"
"2710605","203","1.74"
"2710605","208","83"
"2710605","205","15.46"
"2710605","204","1.58"
"2710606","204","0"
"2710606","205","20.17"
"2710606","208","74"
"2710606","203","0"
"2710607","203","1.69"
"2710607","204","1.54"
"2710607","205","16.28"
"2710607","208","86"
"2710608","204","1.78"
"2710608","208","103"
"2710608","205","20.3"
"2710608","203","1.8"
"2710609","204","0"
"2710609","208","6"
"2710609","205","1.1"
"2710609","203","0.5"
"2710610","208","37"
"2710610","205","8.05"
"2710610","204","0.12"
"2710610","203","0.21"
"2710611","205","14.17"
"2710611","204","0"
"2710611","203","0"
"2710611","208","56"
"2710612","208","386"
"2710612","204","0"
"2710612","203","0"
"2710612","205","98.94"
"2710613","208","380"
"2710613","204","1.01"
"2710613","205","97.9"
"2710613","203","0"
"2710614","204","0.04"
"2710614","208","218"
"2710614","205","87.38"
"2710614","203","0.45"
"2710615","204","1.01"
"2710615","205","97.9"
"2710615","208","380"
"2710615","203","0"
"2710616","203","0.46"
"2710616","208","43"
"2710616","205","3.55"
"2710616","204","0"
"2710617","205","1.64"
"2710617","203","0.24"
"2710617","204","0"
"2710617","208","29"
"2710618","203","0.9"
"2710618","208","58"
"2710618","204","0"
"2710618","205","0.27"
"2710619","204","0"
"2710619","205","10.07"
"2710619","208","68"
"2710619","203","0"
"2710620","204","0"
"2710620","208","58"
"2710620","203","0.9"
"2710620","205","0.27"
"2710621","205","5.92"
"2710621","203","0"
"2710621","204","0"
"2710621","208","56"
"2710622","208","24"
"2710622","203","0.07"
"2710622","204","0"
"2710622","205","0.55"
"2710623","203","0"
"2710623","204","0.11"
"2710623","208","279"
"2710623","205","33.2"
"2710624","208","296"
"2710624","205","33.48"
"2710624","204","2.74"
"2710624","203","0.15"
"2710625","203","0.1"
"2710625","204","0.3"
"2710625","208","336"
"2710625","205","46.8"
"2710626","203","0"
"2710626","204","0.19"
"2710626","208","89"
"2710626","205","7.8"
"2710627","204","3.83"
"2710627","203","1.05"
"2710627","208","238"
"2710627","205","18.94"
"2710628","203","0.67"
"2710628","205","3.8"
"2710628","208","73"
"2710628","204","0.23"
"2710629","204","0.08"
"2710629","208","98"
"2710629","205","10.18"
"2710629","203","0"
"2710630","205","15.64"
"2710630","203","0.09"
"2710630","208","119"
"2710630","204","0.1"
"2710631","208","102"
"2710631","203","0.24"
"2710631","204","0"
"2710631","205","2.8"
"2710632","203","0.1"
"2710632","205","5.08"
"2710632","204","0.03"
"2710632","208","188"
"2710633","203","0"
"2710633","205","6.57"
"2710633","208","84"
"2710633","204","0"
"2710634","205","6.28"
"2710634","203","0.42"
"2710634","208","87"
"2710634","204","0.36"
"2710635","205","15.97"
"2710635","203","0.34"
"2710635","204","0.03"
"2710635","208","102"
"2710636","203","0.06"
"2710636","205","6.93"
"2710636","208","187"
"2710636","204","0.07"
"2710637","208","222"
"2710637","205","1.82"
"2710637","204","0"
"2710637","203","0.03"
"2710638","203","0.08"
"2710638","204","0.08"
"2710638","208","122"
"2710638","205","16.06"
"2710639","204","0"
"2710639","205","0.15"
"2710639","203","0.07"
"2710639","208","201"
"2710640","203","0.09"
"2710640","205","6.36"
"2710640","208","187"
"2710640","204","0.03"
"2710641","204","0.15"
"2710641","205","4.05"
"2710641","208","33"
"2710641","203","0.66"
"2710642","208","64"
"2710642","203","0.43"
"2710642","205","6.49"
"2710642","204","0.18"
"2710643","208","187"
"2710643","203","0"
"2710643","204","0.01"
"2710643","205","5.75"
"2710644","203","0.09"
"2710644","204","0.03"
"2710644","208","61"
"2710644","205","2.45"
"2710645","205","8.6"
"2710645","203","0"
"2710645","204","0.01"
"2710645","208","91"
"2710646","203","0.16"
"2710646","208","164"
"2710646","205","6.11"
"2710646","204","0.04"
"2710647","203","0.57"
"2710647","208","98"
"2710647","205","9.32"
"2710647","204","0.26"
"2710648","203","0.05"
"2710648","205","3.6"
"2710648","208","212"
"2710648","204","0"
"2710649","204","0.03"
"2710649","208","244"
"2710649","205","8.74"
"2710649","203","0"
"2710650","204","0.26"
"2710650","203","0.58"
"2710650","205","7.66"
"2710650","208","92"
"2710651","205","8.23"
"2710651","204","0.22"
"2710651","208","92"
"2710651","203","0.21"
"2710652","204","0.02"
"2710652","208","87"
"2710652","205","7.63"
"2710652","203","0.04"
"2710653","204","0.08"
"2710653","205","16.11"
"2710653","203","0.08"
"2710653","208","123"
"2710654","203","0.08"
"2710654","208","123"
"2710654","205","16.11"
"2710654","204","0.08"
"2710655","205","0"
"2710655","204","0"
"2710655","203","0"
"2710655","208","59"
"2710656","205","0"
"2710656","203","0"
"2710656","204","0"
"2710656","208","59"
"2710657","208","89"
"2710657","205","7.8"
"2710657","203","0"
"2710657","204","0.19"
"2710658","208","60"
"2710658","204","0.02"
"2710658","203","0.08"
"2710658","205","0.22"
"2710659","204","0"
"2710659","208","83"
"2710659","205","6.59"
"2710659","203","0"
"2710660","203","0"
"2710660","204","0.19"
"2710660","208","89"
"2710660","205","7.8"
"2710661","203","0.08"
"2710661","208","60"
"2710661","204","0.02"
"2710661","205","0.22"
"2710662","208","151"
"2710662","205","19.48"
"2710662","203","0.36"
"2710662","204","2.14"
"2710663","204","0.19"
"2710663","208","89"
"2710663","205","7.8"
"2710663","203","0"
"2710664","204","0"
"2710664","208","59"
"2710664","205","0"
"2710664","203","0"
"2710665","203","0"
"2710665","205","9.02"
"2710665","208","93"
"2710665","204","0"
"2710666","208","89"
"2710666","204","0.19"
"2710666","203","0"
"2710666","205","7.8"
"2710667","205","0.22"
"2710667","208","60"
"2710667","203","0.08"
"2710667","204","0.02"
"2710668","205","7.7"
"2710668","208","90"
"2710668","203","0.35"
"2710668","204","0"
"2710669","204","0"
"2710669","208","59"
"2710669","205","0"
"2710669","203","0"
"2710670","204","0"
"2710670","205","6.57"
"2710670","208","84"
"2710670","203","0"
"2710671","203","0.03"
"2710671","205","2.22"
"2710671","204","0.01"
"2710671","208","66"
"2710672","204","0.14"
"2710672","205","21.21"
"2710672","203","0.04"
"2710672","208","279"
"2710673","208","181"
"2710673","204","7.9"
"2710673","203","2.15"
"2710673","205","11.17"
"2710674","208","90"
"2710674","205","8.14"
"2710674","203","0.14"
"2710674","204","0.04"
"2710675","203","0.16"
"2710675","205","11.5"
"2710675","208","120"
"2710675","204","0.06"
"2710676","205","7.25"
"2710676","208","93"
"2710676","204","0.04"
"2710676","203","0.12"
"2710677","205","16.48"
"2710677","203","0.18"
"2710677","208","149"
"2710677","204","0.07"
"2710678","208","111"
"2710678","203","0.52"
"2710678","204","0.23"
"2710678","205","12.62"
"2710679","203","0.01"
"2710679","205","8.66"
"2710679","204","0.15"
"2710679","208","107"
"2710680","204","0.28"
"2710680","208","107"
"2710680","205","16.17"
"2710680","203","0.57"
"2710681","205","2.1"
"2710681","208","88"
"2710681","204","2.38"
"2710681","203","0.21"
"2710682","203","0.07"
"2710682","205","17.65"
"2710682","208","127"
"2710682","204","0.08"
"2710683","204","0.08"
"2710683","203","0.08"
"2710683","208","122"
"2710683","205","16.06"
"2710684","208","113"
"2710684","203","3.74"
"2710684","205","6.62"
"2710684","204","3.45"
"2710685","208","66"
"2710685","204","0.01"
"2710685","205","2.22"
"2710685","203","0.03"
"2710686","203","0.08"
"2710686","205","4.95"
"2710686","204","4.47"
"2710686","208","160"
"2710687","204","0"
"2710687","203","0.07"
"2710687","208","75"
"2710687","205","2.31"
"2710688","204","0"
"2710688","208","85"
"2710688","205","2.61"
"2710688","203","0.07"
"2710689","203","0.07"
"2710689","208","82"
"2710689","205","2.6"
"2710689","204","0"
"2710690","208","83"
"2710690","203","0.36"
"2710690","205","3.8"
"2710690","204","0"
"2710691","204","0"
"2710691","205","5"
"2710691","203","0.5"
"2710691","208","134"
"2710692","204","0"
"2710692","205","13.69"
"2710692","208","160"
"2710692","203","0.2"
"2710693","204","0"
"2710693","205","1.17"
"2710693","203","0.07"
"2710693","208","49"
"2710694","204","0"
"2710694","203","0"
"2710694","205","10.07"
"2710694","208","68"
"2710695","205","7.23"
"2710695","204","0.02"
"2710695","203","0.04"
"2710695","208","85"
"2710696","204","0.02"
"2710696","203","0.04"
"2710696","208","83"
"2710696","205","7.22"
"2710697","203","0.04"
"2710697","204","0"
"2710697","208","49"
"2710697","205","1.62"
"2710698","205","6.24"
"2710698","208","96"
"2710698","203","0.1"
"2710698","204","0.14"
"2710699","205","0"
"2710699","203","0"
"2710699","204","0"
"2710699","208","231"
"2710700","204","0"
"2710700","203","0"
"2710700","208","231"
"2710700","205","0"
"2710701","208","231"
"2710701","203","0"
"2710701","204","0"
"2710701","205","0"
"2710702","205","0"
"2710702","203","0"
"2710702","208","231"
"2710702","204","0"
"2710703","205","0"
"2710703","208","231"
"2710703","203","0"
"2710703","204","0"
"2710704","208","231"
"2710704","203","0"
"2710704","205","0"
"2710704","204","0"
"2710705","208","231"
"2710705","203","0"
"2710705","205","0"
"2710705","204","0"
"2710706","208","0"
"2710706","204","0"
"2710706","203","0"
"2710706","205","0"
"2710707","204","0"
"2710707","205","0"
"2710707","203","0"
"2710707","208","0"
"2710708","203","0"
"2710708","205","0"
"2710708","204","0"
"2710708","208","0"
"2710709","208","1"
"2710709","204","0"
"2710709","203","0"
"2710709","205","0.13"
"2710710","205","4.5"
"2710710","204","0"
"2710710","203","0"
"2710710","208","18"
"2710711","205","5.49"
"2710711","204","0"
"2710711","208","22"
"2710711","203","0"
"2710712","205","0"
"2710712","208","0"
"2710712","204","0"
"2710712","203","0"
"2710713","203","0"
"2710713","208","0"
"2710713","205","0"
"2710713","204","0"
"2710714","203","4.22"
"2710714","208","101"
"2710714","205","17.3"
"2710714","204","1.69"
"2710715","203","5.38"
"2710715","205","17.29"
"2710715","208","138"
"2710715","204","5.38"
"2710716","203","5.51"
"2710716","208","92"
"2710716","205","12.91"
"2710716","204","2.04"
"2710717","204","2.53"
"2710717","203","3.8"
"2710717","208","105"
"2710717","205","16.88"
"2710718","208","141"
"2710718","203","5.16"
"2710718","205","19.88"
"2710718","204","4.52"
"2710719","203","4.4"
"2710719","204","3.08"
"2710719","205","11.88"
"2710719","208","88"
"2710720","208","52"
"2710720","204","2.17"
"2710720","205","2.28"
"2710720","203","5.87"
"2710721","208","38"
"2710721","203","4.78"
"2710721","204","1.15"
"2710721","205","2.1"
"2710722","204","1.93"
"2710722","208","57"
"2710722","203","3.32"
"2710722","205","7.74"
"2710723","205","7.74"
"2710723","204","1.93"
"2710723","203","3.32"
"2710723","208","57"
"2710724","203","6.59"
"2710724","208","61"
"2710724","205","0.85"
"2710724","204","3.38"
"2710725","203","3.8"
"2710725","205","16.88"
"2710725","208","105"
"2710725","204","2.53"
"2710726","204","3.38"
"2710726","205","0.85"
"2710726","208","61"
"2710726","203","6.59"
"2710727","205","17.29"
"2710727","204","5.38"
"2710727","203","5.38"
"2710727","208","138"
"2710728","205","17.29"
"2710728","204","5.38"
"2710728","208","138"
"2710728","203","5.38"
"2710729","205","66.2"
"2710729","203","19.9"
"2710729","204","1.4"
"2710729","208","353"
"2710730","203","35.8"
"2710730","204","5.1"
"2710730","208","358"
"2710730","205","41"
"2710731","205","17.95"
"2710731","204","5.13"
"2710731","203","66.67"
"2710731","208","385"
"2710732","204","3.57"
"2710732","205","43.94"
"2710732","203","47.62"
"2710732","208","405"
"2710733","204","10.71"
"2710733","203","53.57"
"2710733","205","20.38"
"2710733","208","392"
"2710734","205","29.07"
"2710734","208","359"
"2710734","204","1.16"
"2710734","203","58.14"
"2710735","203","45.71"
"2710735","208","411"
"2710735","204","17.14"
"2710735","205","18.5"
"2710736","203","50"
"2710736","205","22"
"2710736","204","12"
"2710736","208","396"
"2710737","205","73.92"
"2710737","203","8.13"
"2710737","204","13.34"
"2710737","208","448"
"2710738","203","8.13"
"2710738","204","13.34"
"2710738","205","73.92"
"2710738","208","448"
"2710739","208","433"
"2710739","203","27.87"
"2710739","204","13.46"
"2710739","205","50"
"2710740","203","19.9"
"2710740","204","1.4"
"2710740","205","66.2"
"2710740","208","353"
"2710741","205","20.38"
"2710741","203","53.57"
"2710741","208","392"
"2710741","204","10.71"
"2710742","203","78.13"
"2710742","204","1.56"
"2710742","205","6.25"
"2710742","208","352"
"2710743","204","5.56"
"2710743","205","28.89"
"2710743","208","388"
"2710743","203","55.56"
"2710744","208","396"
"2710744","204","12"
"2710744","203","50"
"2710744","205","22"
"2710745","203","78.13"
"2710745","208","352"
"2710745","204","1.56"
"2710745","205","6.25"
"2710746","208","46"
"2710746","205","12.08"
"2710746","203","0.25"
"2710746","204","0.08"
"2710747","203","0.47"
"2710747","205","11.28"
"2710747","204","0"
"2710747","208","47"
"2710748","204","0.08"
"2710748","205","12.08"
"2710748","208","46"
"2710748","203","0.25"
"2710749","205","15"
"2710749","203","0.42"
"2710749","208","62"
"2710749","204","0"
"2710750","205","15"
"2710750","204","0"
"2710750","203","0.42"
"2710750","208","62"
"2710751","204","0"
"2710751","208","44"
"2710751","203","0"
"2710751","205","11.25"
"2710752","205","10.23"
"2710752","208","43"
"2710752","204","0"
"2710752","203","0.46"
"2710753","208","58"
"2710753","205","12.7"
"2710753","204","0.22"
"2710753","203","0.34"
"2710754","203","0"
"2710754","204","0"
"2710754","205","11.27"
"2710754","208","45"
"2710755","203","0"
"2710755","204","0"
"2710755","208","49"
"2710755","205","12.99"
"2710756","204","0"
"2710756","203","0.46"
"2710756","205","10.23"
"2710756","208","43"
"2710757","204","0"
"2710757","203","0"
"2710757","205","1.38"
"2710757","208","5"
"2710758","208","5"
"2710758","203","0"
"2710758","205","1.38"
"2710758","204","0"
"2710759","208","2"
"2710759","205","1.03"
"2710759","203","0"
"2710759","204","0"
"2710760","205","0.42"
"2710760","208","4"
"2710760","204","0"
"2710760","203","0.42"
"2710761","205","1.03"
"2710761","204","0"
"2710761","208","4"
"2710761","203","0"
"2710762","204","0"
"2710762","208","15"
"2710762","203","0"
"2710762","205","3.75"
"2710763","208","5"
"2710763","205","0.7"
"2710763","203","0.25"
"2710763","204","0.08"
"2710764","204","0.08"
"2710764","205","0.7"
"2710764","203","0.25"
"2710764","208","4"
"2710765","204","0.08"
"2710765","203","0.25"
"2710765","208","1"
"2710765","205","0.7"
"2710766","204","0.08"
"2710766","203","0.25"
"2710766","208","5"
"2710766","205","0.7"
"2710767","208","5"
"2710767","204","0.08"
"2710767","203","0.25"
"2710767","205","0.7"
"2710768","204","0.08"
"2710768","205","0.7"
"2710768","203","0.25"
"2710768","208","4"
"2710769","208","26"
"2710769","205","6.43"
"2710769","203","0"
"2710769","204","0"
"2710770","204","0.05"
"2710770","203","0"
"2710770","208","32"
"2710770","205","7.84"
"2710771","203","0"
"2710771","204","0"
"2710771","208","26"
"2710771","205","6.43"
"2710772","204","0.01"
"2710772","208","8"
"2710772","203","0.05"
"2710772","205","1.94"
"2710773","205","0.14"
"2710773","203","0"
"2710773","204","0"
"2710773","208","0"
"2710774","204","0.01"
"2710774","203","0.05"
"2710774","208","8"
"2710774","205","1.94"
"2710775","203","0"
"2710775","205","2.45"
"2710775","208","10"
"2710775","204","0"
"2710776","203","0"
"2710776","208","0"
"2710776","204","0"
"2710776","205","0.12"
"2710777","205","12.83"
"2710777","208","62"
"2710777","204","0.83"
"2710777","203","0.83"
"2710778","203","20.39"
"2710778","205","5.04"
"2710778","204","28.44"
"2710778","208","358"
"2710779","208","362"
"2710779","203","21.92"
"2710779","204","29.34"
"2710779","205","2.4"
"2710780","204","16.52"
"2710780","208","261"
"2710780","205","0"
"2710780","203","26.44"
"2710781","205","1.61"
"2710781","208","252"
"2710781","203","20.81"
"2710781","204","17.87"
"2710782","203","28.06"
"2710782","208","182"
"2710782","204","7.34"
"2710782","205","0"
"2710783","208","82"
"2710783","205","0"
"2710783","203","19.37"
"2710783","204","0.56"
"2710784","204","10.08"
"2710784","208","195"
"2710784","203","18.16"
"2710784","205","8.27"
"2710785","205","40.08"
"2710785","208","201"
"2710785","204","1.63"
"2710785","203","6.56"
"2710786","203","11.4"
"2710786","205","45.42"
"2710786","204","3.98"
"2710786","208","264"
"2710787","205","45.42"
"2710787","204","3.98"
"2710787","208","264"
"2710787","203","11.4"
"2710788","205","28.98"
"2710788","208","130"
"2710788","203","2.54"
"2710788","204","0.37"
"2710789","205","25.89"
"2710789","204","1.12"
"2710789","208","124"
"2710789","203","2.45"
"2710790","204","0.3"
"2710790","205","17.36"
"2710790","208","81"
"2710790","203","2.13"
"2710791","203","3.42"
"2710791","208","33"
"2710791","204","0.71"
"2710791","205","3.11"
"2710792","204","0.35"
"2710792","203","2.68"
"2710792","205","6.53"
"2710792","208","41"
"2710793","208","50"
"2710793","204","0.36"
"2710793","205","10.7"
"2710793","203","0.98"
"2710794","204","0.4"
"2710794","208","82"
"2710794","205","18.05"
"2710794","203","1.65"
"2710795","204","0.25"
"2710795","203","1.1"
"2710795","208","22"
"2710795","205","4.86"
"2710796","205","10.99"
"2710796","203","1.29"
"2710796","204","0.12"
"2710796","208","47"
"2710797","205","5.16"
"2710797","203","3.62"
"2710797","204","0.43"
"2710797","208","39"
"2710798","203","0.77"
"2710798","208","25"
"2710798","205","5.14"
"2710798","204","0.12"
"2710799","203","0.97"
"2710799","208","33"
"2710799","204","0.14"
"2710799","205","7.15"
"2710800","203","1"
"2710800","208","32"
"2710800","204","0.24"
"2710800","205","6.65"
"2710801","204","0.29"
"2710801","205","5.18"
"2710801","208","26"
"2710801","203","2"
"2710802","205","6.32"
"2710802","208","27"
"2710802","203","1.05"
"2710802","204","0.19"
"2710803","204","0.29"
"2710803","205","7.72"
"2710803","208","42"
"2710803","203","2.05"
"2710804","203","1.31"
"2710804","204","0.35"
"2710804","208","21"
"2710804","205","4.11"
"2710805","208","18"
"2710805","205","3.57"
"2710805","204","0.17"
"2710805","203","0.53"
"2710806","204","0.56"
"2710806","203","2.97"
"2710806","205","4.51"
"2710806","208","35"
"2710807","203","1.1"
"2710807","205","5.49"
"2710807","208","25"
"2710807","204","0.23"
"2710808","204","0.39"
"2710808","205","5.74"
"2710808","203","3.24"
"2710808","208","39"
"2710809","205","9.06"
"2710809","208","41"
"2710809","203","1.02"
"2710809","204","0.19"
"2710810","203","1.81"
"2710810","205","11.71"
"2710810","204","0.2"
"2710810","208","53"
"2710811","208","50"
"2710811","203","1.87"
"2710811","205","10.56"
"2710811","204","0.33"
"2710812","203","1.77"
"2710812","205","12.67"
"2710812","204","0.3"
"2710812","208","59"
"2710813","208","272"
"2710813","204","22.85"
"2710813","203","1.34"
"2710813","205","17.14"
"2710814","205","0"
"2710814","204","100"
"2710814","203","0"
"2710814","208","892"
